# Blender 4.5.3 LTS
# www.blender.org
mtllib label.mtl
o Text
v -1.433411 0.732474 0.000000
v -1.300527 0.768893 0.000000
v -1.416520 0.628295 0.000000
v -1.430580 0.369947 0.000000
v -1.430580 0.210018 0.000000
v -1.312829 0.210018 0.000000
v -1.326889 0.628295 0.000000
v -0.732865 0.829525 0.000000
v -0.855888 0.829525 0.000000
v -0.946397 0.829525 0.000000
v -1.074692 0.511424 0.000000
v -1.074692 0.829525 0.000000
v -1.187171 0.829525 0.000000
v -1.187171 0.369069 0.000000
v -1.012302 0.369069 0.000000
v -0.912127 0.655536 0.000000
v -0.799649 0.369069 0.000000
v -0.620387 0.369069 0.000000
v -0.620387 0.829525 0.000000
v -0.288225 0.838313 0.000000
v -0.418148 0.807394 0.000000
v -0.505696 0.723361 0.000000
v -0.537786 0.599297 0.000000
v -0.505696 0.475233 0.000000
v -0.418148 0.391200 0.000000
v -0.288225 0.360281 0.000000
v -0.158693 0.391200 0.000000
v -0.070950 0.475233 0.000000
v -0.038664 0.599297 0.000000
v -0.070950 0.723361 0.000000
v -0.158693 0.807394 0.000000
v -0.288225 0.730228 0.000000
v -0.222450 0.713467 0.000000
v -0.178546 0.667610 0.000000
v -0.162566 0.599297 0.000000
v -0.178546 0.530984 0.000000
v -0.222450 0.485127 0.000000
v -0.288225 0.468366 0.000000
v -0.354000 0.485127 0.000000
v -0.397904 0.530984 0.000000
v -0.413884 0.599297 0.000000
v -0.397904 0.667610 0.000000
v -0.354000 0.713467 0.000000
v 0.433216 0.829525 -0.000000
v 0.118629 0.829525 0.000000
v 0.118629 0.967487 0.000000
v -0.000000 0.967487 0.000000
v -0.000000 0.721441 0.000000
v 0.081722 0.721441 0.000000
v 0.081722 0.369069 0.000000
v 0.432337 0.369069 -0.000000
v 0.456942 0.599297 -0.000000
v 0.470090 0.661427 -0.000000
v 0.496518 0.705006 -0.000000
v 0.537785 0.721441 -0.000000
v 0.551845 0.967487 -0.000000
v 0.377856 0.721441 -0.000000
v 0.355627 0.690425 -0.000000
v 0.343553 0.648474 -0.000000
v 0.200351 0.721441 0.000000
v 0.835677 0.838313 -0.000000
v 0.705754 0.807394 -0.000000
v 0.618206 0.723361 -0.000000
v 0.586116 0.599297 -0.000000
v 0.618206 0.475233 -0.000000
v 0.705754 0.391200 -0.000000
v 0.835677 0.360281 -0.000000
v 0.965209 0.391200 -0.000000
v 1.052952 0.475233 -0.000000
v 1.085237 0.599297 -0.000000
v 1.052952 0.723361 -0.000000
v 0.965209 0.807394 -0.000000
v 0.835677 0.730228 -0.000000
v 0.901451 0.713467 -0.000000
v 0.945356 0.667610 -0.000000
v 0.961336 0.599297 -0.000000
v 0.945356 0.530984 -0.000000
v 0.901451 0.485127 -0.000000
v 0.835677 0.468366 -0.000000
v 0.769902 0.485127 -0.000000
v 0.725997 0.530984 -0.000000
v 0.710018 0.599297 -0.000000
v 0.725997 0.667610 -0.000000
v 0.769902 0.713467 -0.000000
v 1.328647 0.829525 -0.000000
v 1.328647 0.477153 -0.000000
v 1.120387 0.477153 -0.000000
v 1.120387 0.369069 -0.000000
v 1.447276 0.369069 -0.000000
v 1.447276 0.829525 -0.000000
v -1.214411 -0.170475 0.000000
v -1.214411 -0.630931 0.000000
v -1.095782 -0.170475 0.000000
v -0.847979 -0.170475 0.000000
v -0.950107 -0.192085 0.000000
v -1.018258 -0.250797 0.000000
v -1.043058 -0.337434 0.000000
v -1.018258 -0.424071 0.000000
v -0.950107 -0.482783 0.000000
v -0.847979 -0.504394 0.000000
v -0.784710 -0.504394 0.000000
v -0.666081 -0.630931 0.000000
v -0.666081 -0.170475 0.000000
v -0.784710 -0.405097 0.000000
v -0.888498 -0.396537 0.000000
v -0.914958 -0.372941 0.000000
v -0.847979 -0.269772 0.000000
v -0.784710 -0.269772 0.000000
v -0.496485 -0.407733 0.000000
v -0.530756 -0.429929 0.000000
v -0.553896 -0.462280 0.000000
v -0.562390 -0.506151 0.000000
v -0.540942 -0.570917 0.000000
v -0.482197 -0.614789 0.000000
v -0.394552 -0.630931 0.000000
v -0.164323 -0.630931 -0.000000
v -0.164323 -0.170475 0.000000
v -0.405975 -0.170475 0.000000
v -0.495541 -0.187073 0.000000
v -0.556011 -0.231791 0.000000
v -0.578207 -0.297012 0.000000
v -0.566393 -0.348760 0.000000
v -0.536419 -0.386448 0.000000
v -0.420198 -0.529454 0.000000
v -0.437447 -0.514190 0.000000
v -0.443761 -0.492091 0.000000
v -0.437447 -0.469830 0.000000
v -0.420198 -0.455185 0.000000
v -0.394552 -0.449912 0.000000
v -0.282952 -0.449912 0.000000
v -0.282952 -0.535149 0.000000
v -0.282952 -0.266257 0.000000
v -0.282952 -0.360281 0.000000
v 0.167838 -0.161687 -0.000000
v 0.037916 -0.192606 -0.000000
v -0.049632 -0.276639 -0.000000
v -0.081722 -0.400703 -0.000000
v -0.049632 -0.524767 -0.000000
v 0.037916 -0.608800 -0.000000
v 0.167838 -0.639719 -0.000000
v 0.297370 -0.608800 -0.000000
v 0.385114 -0.524767 -0.000000
v 0.417399 -0.400703 -0.000000
v 0.385114 -0.276639 -0.000000
v 0.297370 -0.192606 -0.000000
v 0.167838 -0.269772 -0.000000
v 0.233613 -0.286533 -0.000000
v 0.277517 -0.332390 -0.000000
v 0.293497 -0.400703 -0.000000
v 0.277517 -0.469016 -0.000000
v 0.233613 -0.514873 -0.000000
v 0.167838 -0.531634 -0.000000
v 0.102063 -0.514873 -0.000000
v 0.058159 -0.469016 -0.000000
v 0.042179 -0.400703 -0.000000
v 0.058159 -0.332390 -0.000000
v 0.102063 -0.286533 -0.000000
v 0.631810 -0.538664 -0.000000
v 0.905097 -0.538664 -0.000000
v 0.905097 -0.789982 -0.000000
v 1.028120 -0.789982 -0.000000
v 1.028120 -0.170475 -0.000000
v 0.905097 -0.170475 -0.000000
v 0.905097 -0.426186 -0.000000
v 0.631810 -0.426186 -0.000000
v 0.631810 -0.170475 -0.000000
v 0.508787 -0.170475 -0.000000
v 1.606327 -0.161687 -0.000000
v 1.484085 -0.185153 -0.000000
v 1.385862 -0.250993 -0.000000
v 1.321617 -0.352373 -0.000000
v 1.443761 -0.372584 -0.000000
v 1.481254 -0.319729 -0.000000
v 1.535735 -0.286012 -0.000000
v 1.601933 -0.274165 -0.000000
v 1.697129 -0.300560 -0.000000
v 1.760691 -0.372844 -0.000000
v 1.783831 -0.480668 -0.000000
v 1.760236 -0.587873 -0.000000
v 1.695828 -0.659930 -0.000000
v 1.600176 -0.686292 -0.000000
v 1.535182 -0.674998 -0.000000
v 1.483272 -0.642811 -0.000000
v 1.448155 -0.592267 -0.000000
v 1.326011 -0.612478 -0.000000
v 1.387685 -0.712328 -0.000000
v 1.483141 -0.776248 -0.000000
v 1.604569 -0.798770 -0.000000
v 1.763978 -0.757502 -0.000000
v 1.872226 -0.645544 -0.000000
v 1.912127 -0.480668 -0.000000
v 1.872486 -0.314782 -0.000000
v 1.764890 -0.202792 -0.000000
v 1.028120 -0.480228 -0.000000
v 1.028120 -0.325352 -0.000000
v 1.028120 -0.635105 -0.000000
v 1.028120 -0.247913 -0.000000
v 0.966608 -0.789982 -0.000000
v 0.905097 -0.664323 -0.000000
v 0.966608 -0.170475 -0.000000
v 0.905097 -0.298330 -0.000000
v 1.028120 -0.557667 -0.000000
v 1.028120 -0.402790 -0.000000
v 1.028120 -0.712544 -0.000000
v 0.905097 -0.727153 -0.000000
v 0.905097 -0.362258 -0.000000
v 0.905097 -0.601494 -0.000000
v 0.905097 -0.234402 -0.000000
v 0.508787 -0.480228 -0.000000
v 0.768453 -0.538664 -0.000000
v 0.768453 -0.426186 -0.000000
v 0.631810 -0.298330 -0.000000
v 0.631810 -0.727153 -0.000000
v 0.570299 -0.664323 -0.000000
v 0.570299 -0.354569 -0.000000
v 0.508787 -0.635105 -0.000000
v 0.905097 -0.482425 -0.000000
v 0.768453 -0.482425 -0.000000
v 0.836775 -0.538664 -0.000000
v 0.700132 -0.426186 -0.000000
v 0.631810 -0.482425 -0.000000
v 0.570299 -0.298330 -0.000000
v 0.631810 -0.234402 -0.000000
v 0.539543 -0.170475 -0.000000
v 0.631810 -0.601494 -0.000000
v 0.539543 -0.789982 -0.000000
v 0.508787 -0.325352 -0.000000
v 0.700132 -0.538664 -0.000000
v 0.836775 -0.426186 -0.000000
v 0.631810 -0.362258 -0.000000
v 0.601055 -0.170475 -0.000000
v 0.601055 -0.727153 -0.000000
v 0.585677 -0.695738 -0.000000
v 0.734293 -0.454306 -0.000000
v 0.802614 -0.510545 -0.000000
v 0.539543 -0.494837 -0.000000
v 0.508787 -0.712544 -0.000000
v 0.508787 -0.402790 -0.000000
v 0.508787 -0.557667 -0.000000
v 0.508787 -0.247913 -0.000000
v -0.164323 -0.400703 -0.000000
v -0.279437 -0.630931 -0.000000
v -0.164323 -0.285589 0.000000
v -0.221880 -0.630931 -0.000000
v -0.164323 -0.515817 -0.000000
v -0.336995 -0.630931 0.000000
v -0.164323 -0.228032 0.000000
v -0.164323 -0.458260 -0.000000
v -0.164323 -0.343146 -0.000000
v -0.164323 -0.573374 -0.000000
v -0.285149 -0.170475 0.000000
v -0.345562 -0.170475 0.000000
v -0.224736 -0.170475 0.000000
v -0.725395 -0.630931 0.000000
v -0.666081 -0.285589 0.000000
v -0.695738 -0.630931 0.000000
v -0.666081 -0.515817 0.000000
v -0.755053 -0.630931 0.000000
v -0.695738 -0.515817 0.000000
v -0.710567 -0.458260 0.000000
v -1.155097 -0.170475 0.000000
v -1.214411 -0.515817 0.000000
v -1.214411 -0.285589 0.000000
v -1.125439 -0.458260 0.000000
v -1.125439 -0.285589 0.000000
v -1.125439 -0.170475 0.000000
v -1.214411 -0.343146 0.000000
v -1.184754 -0.515817 0.000000
v -1.184754 -0.170475 0.000000
v -1.214411 -0.458260 0.000000
v -1.214411 -0.228032 0.000000
v -1.199583 -0.429482 0.000000
v -1.199583 -0.314367 0.000000
v -1.110611 -0.487039 0.000000
v -1.140268 -0.544596 0.000000
v -1.162511 -0.530207 0.000000
v -1.118025 -0.328757 0.000000
v 1.447276 0.599297 -0.000000
v 1.283831 0.369069 -0.000000
v 1.328647 0.653339 -0.000000
v 1.447276 0.714411 -0.000000
v 1.387961 0.653339 -0.000000
v 1.387961 0.423111 -0.000000
v 1.120387 0.423111 -0.000000
v 1.387961 0.829525 -0.000000
v 1.328647 0.565246 -0.000000
v 1.447276 0.484183 -0.000000
v 1.276582 0.477153 -0.000000
v 1.328647 0.741432 -0.000000
v 1.358304 0.697386 -0.000000
v 1.295035 0.396090 -0.000000
v 1.417619 0.568761 -0.000000
v 0.257030 0.369069 -0.000000
v 0.330404 0.536467 -0.000000
v 0.200351 0.599297 0.000000
v 0.289104 0.721441 0.000000
v 0.275923 0.829525 0.000000
v 0.433216 0.898506 0.000000
v 0.378295 0.423111 -0.000000
v 0.202988 0.423111 0.000000
v 0.344684 0.369069 -0.000000
v 0.231327 0.477153 0.000000
v 0.141037 0.423111 0.000000
v 0.141037 0.599297 0.000000
v 0.081722 0.457162 0.000000
v 0.327329 0.506810 -0.000000
v 0.200351 0.660369 0.000000
v 0.141037 0.721441 0.000000
v 0.492531 0.898506 -0.000000
v 0.405536 0.775483 -0.000000
v 0.244727 0.721441 0.000000
v 0.257469 0.775483 0.000000
v 0.040861 0.721441 0.000000
v 0.059314 0.775483 0.000000
v 0.059314 0.898506 0.000000
v -0.000000 0.782953 0.000000
v 0.492531 0.967487 -0.000000
v 0.118629 0.932997 0.000000
v 0.059314 0.967487 0.000000
v 0.169376 0.369069 0.000000
v 0.081722 0.633348 0.000000
v 0.200351 0.538225 0.000000
v 0.551845 0.782953 -0.000000
v 0.333480 0.721441 0.000000
v 0.354569 0.829525 0.000000
v -0.000000 0.905975 0.000000
v 0.433216 0.932997 0.000000
v 0.118629 0.864016 0.000000
v 0.088972 0.915751 0.000000
v 0.462873 0.915751 -0.000000
v 0.029657 0.840729 0.000000
v 0.325132 0.748462 0.000000
v 0.170694 0.629833 0.000000
v 0.111380 0.528229 0.000000
v 0.217157 0.450132 0.000000
v 0.273836 0.396090 -0.000000
v 0.414543 0.482425 -0.000000
v -0.847979 0.512302 0.000000
v -0.732865 0.670475 0.000000
v -0.620387 0.714411 0.000000
v -0.676626 0.670475 0.000000
v -0.676626 0.440246 0.000000
v -0.710018 0.369069 0.000000
v -0.774165 0.440246 0.000000
v -0.822496 0.583480 0.000000
v -0.823814 0.440685 0.000000
v -0.937171 0.583919 0.000000
v -1.099736 0.369069 0.000000
v -0.985940 0.583480 0.000000
v -1.130931 0.440246 0.000000
v -1.130931 0.670475 0.000000
v -1.187171 0.484183 0.000000
v -0.676626 0.829525 0.000000
v -0.732865 0.590949 0.000000
v -0.929262 0.742531 0.000000
v -1.031415 0.590949 0.000000
v -1.074692 0.750000 0.000000
v -1.130931 0.829525 0.000000
v -0.901142 0.829525 0.000000
v -0.620387 0.484183 0.000000
v -0.872144 0.583919 0.000000
v -0.987258 0.440685 0.000000
v -1.187171 0.714411 0.000000
v -0.732865 0.750000 0.000000
v -0.974736 0.750000 0.000000
v -1.074692 0.590949 0.000000
v -1.102812 0.710237 0.000000
v -0.980338 0.666740 0.000000
v -0.825791 0.666740 0.000000
v -0.704745 0.710237 0.000000
v -1.159051 0.577329 0.000000
v -1.018453 0.476494 0.000000
v -0.823155 0.512083 0.000000
v -0.648506 0.577329 0.000000
v -1.430580 0.289982 0.000000
v -1.319859 0.499121 0.000000
v -1.423550 0.499121 0.000000
v -1.312829 0.329965 0.000000
v -1.371705 0.210018 0.000000
v -1.371705 0.369947 0.000000
v -1.323374 0.563708 0.000000
v -1.378735 0.499121 0.000000
v -1.371705 0.628295 0.000000
v -1.427065 0.434534 0.000000
v -1.316344 0.434534 0.000000
v -1.420035 0.563708 0.000000
v -1.399385 0.531415 0.000000
v -1.347540 0.466828 0.000000
v -1.401142 0.309974 0.000000
v -1.436467 -0.170196 0.001650
v -1.452284 -0.488298 0.001650
v -1.559490 -0.170196 0.001650
v -1.649999 -0.170196 0.001650
v -1.763356 -0.488298 0.001650
v -1.778295 -0.170196 0.001650
v -1.890773 -0.170196 0.001650
v -1.890773 -0.630653 0.001650
v -1.715905 -0.630653 0.001650
v -1.615729 -0.344186 0.001650
v -1.503251 -0.630653 0.001650
v -1.323989 -0.630653 0.001650
v -1.323989 -0.170196 0.001650
v -1.890773 -0.400425 0.001650
v -1.436467 -0.329247 0.001650
v -1.706678 -0.329247 0.001650
v -1.778295 -0.329247 0.001650
v -1.323989 -0.285310 0.001650
v -1.380228 -0.329247 0.001650
v -1.380228 -0.559476 0.001650
v -1.413620 -0.630653 0.001650
v -1.477767 -0.559476 0.001650
v -1.526098 -0.416242 0.001650
v -1.527416 -0.559036 0.001650
v -1.640773 -0.415803 0.001650
v -1.753251 -0.487419 0.001650
v -1.803339 -0.630653 0.001650
v -1.689542 -0.416242 0.001650
v -1.834534 -0.559476 0.001650
v -1.834534 -0.329247 0.001650
v -1.890773 -0.515539 0.001650
v -1.380228 -0.170196 0.001650
v -1.436467 -0.408773 0.001650
v -1.632864 -0.257191 0.001650
v -1.735017 -0.408773 0.001650
v -1.778295 -0.249722 0.001650
v -1.834534 -0.170196 0.001650
v -1.587609 -0.257191 0.001650
v -1.604745 -0.170196 0.001650
v -1.323989 -0.515539 0.001650
v -1.575746 -0.415803 0.001650
v -1.690861 -0.559036 0.001650
v -1.890773 -0.285310 0.001650
v -1.436467 -0.249722 0.001650
v -1.678339 -0.249722 0.001650
v -1.778295 -0.408773 0.001650
v -1.806414 -0.289484 0.001650
v -1.683941 -0.332982 0.001650
v -1.529393 -0.332982 0.001650
v -1.408347 -0.289484 0.001650
v -1.862653 -0.422393 0.001650
v -1.722056 -0.523228 0.001650
v -1.526757 -0.487639 0.001650
v -1.352108 -0.422393 0.001650
v -1.342267 0.329965 0.000000
v -1.342267 0.210018 0.000000
v -1.342267 0.369947 0.000000
v -1.325132 0.596002 0.000000
v -1.349297 0.628295 0.000000
v -1.428823 0.402241 0.000000
v -1.438147 0.750683 0.000000
v -1.305263 0.750683 0.000000
v -1.305263 0.786484 0.000000
v -1.376440 0.786484 0.000000
v -1.371705 0.804075 0.000000
v -1.384349 0.816491 0.000000
v -1.371705 0.828907 0.000000
v -0.620387 0.771968 0.000000
v -0.648506 0.750000 0.000000
v -0.648506 0.404657 0.000000
v -0.665202 0.369069 0.000000
v -0.786907 0.404657 0.000000
v -0.859402 0.619508 0.000000
v -0.811731 0.404877 0.000000
v -0.924649 0.619728 0.000000
v -1.056019 0.369069 0.000000
v -0.949033 0.619508 0.000000
v -1.159051 0.404657 0.000000
v -1.159051 0.750000 0.000000
v -1.187171 0.426626 0.000000
v -0.648506 0.829525 0.000000
v -0.732865 0.551186 0.000000
v -0.842487 0.789763 0.000000
v -0.920694 0.699033 0.000000
v -1.045584 0.551186 0.000000
v -1.074692 0.789763 0.000000
v -1.159051 0.829525 0.000000
v -0.923770 0.829525 0.000000
v -0.223459 0.375740 0.000000
v -0.288420 0.391200 0.000000
v -0.353186 0.375740 0.000000
v -0.332194 0.433216 0.000000
v -0.461922 0.433216 0.000000
v -0.114821 0.433216 0.000000
v -0.179587 0.471799 0.000000
v -0.223459 0.429783 0.000000
v -0.396960 0.471799 0.000000
v -0.146700 0.480180 0.000000
v -0.255338 0.476746 0.000000
v -0.321112 0.476746 0.000000
v -0.429848 0.480180 0.000000
v -0.445893 0.542212 0.000000
v -0.521741 0.537265 0.000000
v -0.054807 0.537265 0.000000
v -0.130557 0.542212 0.000000
v -0.108605 0.565140 0.000000
v -0.200498 0.508055 0.000000
v -0.375952 0.508055 0.000000
v -0.467845 0.565140 0.000000
v -0.100615 0.599297 0.000000
v -0.170556 0.565140 0.000000
v -0.405894 0.565140 0.000000
v -0.475835 0.599297 0.000000
v -0.054807 0.661329 0.000000
v -0.116758 0.661329 0.000000
v -0.124748 0.695486 0.000000
v -0.170556 0.633454 0.000000
v -0.405894 0.633454 0.000000
v -0.467845 0.633454 0.000000
v -0.451800 0.695486 0.000000
v -0.521741 0.661329 0.000000
v -0.146700 0.718414 0.000000
v -0.200498 0.690539 0.000000
v -0.375952 0.690539 0.000000
v -0.429848 0.718414 0.000000
v -0.179587 0.726795 0.000000
v -0.255338 0.721848 0.000000
v -0.321113 0.721848 0.000000
v -0.396960 0.726795 0.000000
v -0.114821 0.765378 0.000000
v -0.223459 0.768811 0.000000
v -0.353186 0.768811 0.000000
v -0.461922 0.765378 0.000000
v -0.288420 0.807394 0.000000
v -0.223459 0.822854 0.000000
v -0.353186 0.822854 0.000000
v 0.453866 0.570518 -0.000000
v 0.357425 0.507689 -0.000000
v 0.351274 0.450132 -0.000000
v 0.388510 0.369069 -0.000000
v 0.170694 0.450132 0.000000
v 0.170694 0.538225 0.000000
v 0.081722 0.413115 0.000000
v 0.366652 0.596661 -0.000000
v 0.325791 0.491982 -0.000000
v 0.200351 0.690905 0.000000
v 0.170694 0.721441 0.000000
v 0.400247 0.623885 -0.000000
v 0.340054 0.622128 -0.000000
v 0.463516 0.630362 -0.000000
v 0.406821 0.654950 -0.000000
v 0.412859 0.675926 -0.000000
v 0.349590 0.669449 -0.000000
v 0.483304 0.683216 -0.000000
v 0.426072 0.697715 -0.000000
v 0.437187 0.713223 -0.000000
v 0.366741 0.705933 -0.000000
v 0.517151 0.713223 -0.000000
v 0.457821 0.721441 -0.000000
v 0.551845 0.936731 -0.000000
v 0.544815 0.844464 -0.000000
v 0.421353 0.782953 -0.000000
v 0.522188 0.932997 -0.000000
v 0.391696 0.748462 -0.000000
v 0.258568 0.748462 0.000000
v 0.222539 0.721441 0.000000
v 0.169596 0.748462 0.000000
v 0.108304 0.748462 0.000000
v 0.061292 0.721441 0.000000
v 0.157952 0.829525 0.000000
v 0.029657 0.748462 0.000000
v 0.029657 0.932997 0.000000
v -0.000000 0.752197 0.000000
v 0.522188 0.967487 -0.000000
v 0.433216 0.846771 -0.000000
v 0.118629 0.950242 0.000000
v 0.029657 0.967487 0.000000
v 0.900443 0.375740 -0.000000
v 0.835481 0.391200 -0.000000
v 0.770715 0.375740 -0.000000
v 0.791707 0.433216 -0.000000
v 0.661980 0.433216 -0.000000
v 1.009080 0.433216 -0.000000
v 0.944314 0.471799 -0.000000
v 0.900443 0.429783 -0.000000
v 0.726941 0.471799 -0.000000
v 0.977202 0.480180 -0.000000
v 0.868564 0.476746 -0.000000
v 0.802789 0.476746 -0.000000
v 0.694054 0.480180 -0.000000
v 0.678009 0.542212 -0.000000
v 0.602161 0.537265 -0.000000
v 1.069094 0.537265 -0.000000
v 0.993344 0.542212 -0.000000
v 1.015296 0.565140 -0.000000
v 0.923404 0.508055 -0.000000
v 0.747950 0.508055 -0.000000
v 0.656057 0.565140 -0.000000
v 1.023286 0.599297 -0.000000
v 0.953346 0.565140 -0.000000
v 0.718007 0.565140 -0.000000
v 0.648067 0.599297 -0.000000
v 1.069094 0.661329 -0.000000
v 1.007144 0.661329 -0.000000
v 0.999154 0.695486 -0.000000
v 0.953346 0.633454 -0.000000
v 0.718007 0.633454 -0.000000
v 0.656057 0.633454 -0.000000
v 0.672102 0.695486 -0.000000
v 0.602161 0.661329 -0.000000
v 0.977202 0.718414 -0.000000
v 0.923404 0.690539 -0.000000
v 0.747950 0.690539 -0.000000
v 0.694054 0.718414 -0.000000
v 0.944314 0.726795 -0.000000
v 0.868564 0.721848 -0.000000
v 0.802789 0.721848 -0.000000
v 0.726941 0.726795 -0.000000
v 1.009080 0.765378 -0.000000
v 0.900443 0.768811 -0.000000
v 0.770715 0.768811 -0.000000
v 0.661980 0.765378 -0.000000
v 0.835481 0.807394 -0.000000
v 0.900443 0.822854 -0.000000
v 0.770715 0.822854 -0.000000
v 1.447276 0.771968 -0.000000
v 1.417619 0.741432 -0.000000
v 1.417619 0.396090 -0.000000
v 1.172452 0.396090 -0.000000
v 1.406415 0.369069 -0.000000
v 1.146419 0.477153 -0.000000
v 1.120387 0.396090 -0.000000
v 1.417619 0.829525 -0.000000
v 1.328647 0.521199 -0.000000
v -0.666081 -0.228032 0.000000
v -0.695738 -0.285589 0.000000
v -0.680910 -0.630931 0.000000
v -0.725395 -0.337434 0.000000
v -0.784710 -0.567663 0.000000
v -0.725395 -0.287786 0.000000
v -0.784710 -0.454745 0.000000
v -0.816344 -0.454745 0.000000
v -0.816344 -0.504394 0.000000
v -0.867409 -0.443940 0.000000
v -0.899043 -0.493589 0.000000
v -0.984183 -0.453427 0.000000
v -0.816344 -0.405097 0.000000
v -0.933119 -0.414584 0.000000
v -0.868239 -0.400817 0.000000
v -0.953378 -0.410304 0.000000
v -0.965778 -0.366986 0.000000
v -1.030658 -0.380752 0.000000
v -0.725395 -0.220123 0.000000
v -0.784710 -0.337434 0.000000
v -0.901728 -0.384739 0.000000
v -0.979008 -0.355188 0.000000
v -0.966608 -0.276362 0.000000
v -1.030658 -0.294116 0.000000
v -0.953378 -0.264564 0.000000
v -0.868239 -0.274051 0.000000
v -0.933119 -0.260284 0.000000
v -0.757030 -0.220123 0.000000
v -0.816344 -0.269772 0.000000
v -0.842170 -0.210636 0.000000
v -0.808094 -0.181280 0.000000
v -0.984183 -0.221441 0.000000
v -1.095782 -0.199253 0.000000
v -1.110611 -0.170475 0.000000
v -1.214411 -0.602153 0.000000
v -0.164323 -0.199253 0.000000
v -0.223638 -0.352812 0.000000
v -0.223638 -0.583040 -0.000000
v -0.338752 -0.583040 0.000000
v -0.193102 -0.630931 -0.000000
v -0.382575 -0.574969 0.000000
v -0.438375 -0.622860 0.000000
v -0.411947 -0.553033 0.000000
v -0.511570 -0.592853 0.000000
v -0.338752 -0.535149 0.000000
v -0.467747 -0.553033 0.000000
v -0.478471 -0.520650 0.000000
v -0.551666 -0.538534 0.000000
v -0.223638 -0.310193 0.000000
v -0.282952 -0.492531 0.000000
v -0.428822 -0.521822 0.000000
v -0.440604 -0.503141 0.000000
v -0.503075 -0.499121 0.000000
v -0.558143 -0.484215 0.000000
v -0.440604 -0.480961 0.000000
v -0.428822 -0.462507 0.000000
v -0.542326 -0.446104 0.000000
v -0.407375 -0.452548 0.000000
v -0.223638 -0.265378 0.000000
v -0.282952 -0.405097 0.000000
v -0.338752 -0.405097 0.000000
v -0.338752 -0.449912 0.000000
v -0.406854 -0.395105 0.000000
v -0.389719 -0.384007 0.000000
v -0.513620 -0.418831 0.000000
v -0.409685 -0.373365 0.000000
v -0.516452 -0.397090 0.000000
v -0.344464 -0.360281 0.000000
v -0.486184 -0.354521 0.000000
v -0.551406 -0.367604 0.000000
v -0.223638 -0.218366 0.000000
v -0.282952 -0.313269 0.000000
v -0.500358 -0.351494 0.000000
v -0.509650 -0.343195 0.000000
v -0.515557 -0.317321 0.000000
v -0.572300 -0.322886 0.000000
v -0.518893 -0.304921 0.000000
v -0.515557 -0.292440 0.000000
v -0.504459 -0.259829 0.000000
v -0.567109 -0.264401 0.000000
v -0.495167 -0.251839 0.000000
v -0.480993 -0.249024 0.000000
v -0.285149 -0.218366 0.000000
v -0.344464 -0.266257 0.000000
v -0.360167 -0.201133 0.000000
v -0.329932 -0.178774 0.000000
v -0.525776 -0.209432 0.000000
v -0.375769 -0.170475 0.000000
v -0.450758 -0.178774 0.000000
v 0.232604 -0.624260 -0.000000
v 0.167643 -0.608800 -0.000000
v 0.102877 -0.624260 -0.000000
v 0.341242 -0.566784 -0.000000
v 0.211515 -0.566784 -0.000000
v 0.276476 -0.528201 -0.000000
v 0.102877 -0.570217 -0.000000
v 0.059103 -0.528201 -0.000000
v -0.005858 -0.566784 -0.000000
v 0.309363 -0.519820 -0.000000
v 0.200726 -0.523254 -0.000000
v 0.134951 -0.523254 -0.000000
v 0.026216 -0.519820 -0.000000
v 0.401256 -0.462735 -0.000000
v 0.325506 -0.457788 -0.000000
v 0.010171 -0.457788 -0.000000
v -0.065677 -0.462735 -0.000000
v 0.347458 -0.434860 -0.000000
v 0.255565 -0.491945 -0.000000
v 0.080111 -0.491945 -0.000000
v -0.011782 -0.434860 -0.000000
v 0.355448 -0.400703 -0.000000
v 0.285507 -0.434860 -0.000000
v 0.050169 -0.434860 -0.000000
v -0.019771 -0.400703 -0.000000
v 0.401256 -0.338671 -0.000000
v 0.339306 -0.338671 -0.000000
v 0.331316 -0.304514 -0.000000
v 0.285507 -0.366546 -0.000000
v 0.050169 -0.366546 -0.000000
v -0.011782 -0.366546 -0.000000
v 0.004264 -0.304514 -0.000000
v -0.065677 -0.338671 -0.000000
v 0.080111 -0.309461 -0.000000
v 0.026216 -0.281586 -0.000000
v 0.309363 -0.281586 -0.000000
v 0.255565 -0.309461 -0.000000
v 0.134951 -0.278152 -0.000000
v 0.059103 -0.273205 -0.000000
v 0.276476 -0.273205 -0.000000
v 0.200726 -0.278152 -0.000000
v 0.341242 -0.234622 -0.000000
v 0.232604 -0.231189 -0.000000
v 0.102877 -0.231189 -0.000000
v -0.005858 -0.234622 -0.000000
v 0.167643 -0.192606 -0.000000
v 0.232604 -0.177146 -0.000000
v 0.102877 -0.177146 -0.000000
v 1.028120 -0.209194 -0.000000
v 0.966608 -0.480228 -0.000000
v 0.997364 -0.789982 -0.000000
v 0.966608 -0.354569 -0.000000
v 0.905097 -0.758568 -0.000000
v 0.631810 -0.758568 -0.000000
v 0.539543 -0.727153 -0.000000
v 0.539543 -0.262522 -0.000000
v 0.508787 -0.751263 -0.000000
v 0.966608 -0.298330 -0.000000
v 0.905097 -0.454306 -0.000000
v 0.836775 -0.454306 -0.000000
v 0.870936 -0.538664 -0.000000
v 0.665971 -0.426186 -0.000000
v 0.631810 -0.454306 -0.000000
v 0.539543 -0.234402 -0.000000
v 0.935852 -0.170475 -0.000000
v 0.905097 -0.394222 -0.000000
v 0.631810 -0.202439 -0.000000
v 0.524165 -0.170475 -0.000000
v 1.684274 -0.778136 -0.000000
v 1.623560 -0.766875 -0.000000
v 1.543855 -0.787509 -0.000000
v 1.575832 -0.734915 -0.000000
v 1.435413 -0.744288 -0.000000
v 1.818102 -0.701523 -0.000000
v 1.736201 -0.665918 -0.000000
v 1.682077 -0.721897 -0.000000
v 1.493930 -0.699310 -0.000000
v 1.567679 -0.680645 -0.000000
v 1.461433 -0.693663 -0.000000
v 1.430596 -0.643738 -0.000000
v 1.356848 -0.662403 -0.000000
v 1.784027 -0.652737 -0.000000
v 1.648002 -0.673111 -0.000000
v 1.509227 -0.658905 -0.000000
v 1.404641 -0.627644 -0.000000
v 1.816231 -0.616709 -0.000000
v 1.728032 -0.623902 -0.000000
v 1.892176 -0.563106 -0.000000
v 1.836181 -0.534271 -0.000000
v 1.465713 -0.617539 -0.000000
v 1.387083 -0.602373 -0.000000
v 1.847979 -0.480668 -0.000000
v 1.772033 -0.534271 -0.000000
v 1.892306 -0.397725 -0.000000
v 1.828159 -0.397725 -0.000000
v 1.816589 -0.343813 -0.000000
v 1.772261 -0.426756 -0.000000
v 1.784808 -0.307671 -0.000000
v 1.728910 -0.336702 -0.000000
v 1.462507 -0.346156 -0.000000
v 1.401435 -0.336051 -0.000000
v 1.382689 -0.362478 -0.000000
v 1.433558 -0.285361 -0.000000
v 1.353740 -0.301683 -0.000000
v 1.508494 -0.302871 -0.000000
v 1.460799 -0.268502 -0.000000
v 1.818688 -0.258787 -0.000000
v 1.731010 -0.251676 -0.000000
v 1.683412 -0.238479 -0.000000
v 1.649531 -0.287363 -0.000000
v 1.568834 -0.280089 -0.000000
v 1.493898 -0.262579 -0.000000
v 1.575376 -0.226893 -0.000000
v 1.624488 -0.193973 -0.000000
v 1.434974 -0.218073 -0.000000
v 1.685608 -0.182240 -0.000000
v 1.545206 -0.173420 -0.000000
v 1.028120 -0.518948 -0.000000
v 1.028120 -0.364071 -0.000000
v 1.028120 -0.673825 -0.000000
v 1.028120 -0.286632 -0.000000
v 0.935852 -0.789982 -0.000000
v 0.905097 -0.632909 -0.000000
v 0.997364 -0.170475 -0.000000
v 0.905097 -0.266366 -0.000000
v 1.028120 -0.596386 -0.000000
v 1.028120 -0.441509 -0.000000
v 1.028120 -0.751263 -0.000000
v 0.935852 -0.234402 -0.000000
v 0.905097 -0.695738 -0.000000
v 0.905097 -0.330294 -0.000000
v 0.905097 -0.570079 -0.000000
v 0.905097 -0.202439 -0.000000
v 0.631810 -0.632909 -0.000000
v 0.508787 -0.441509 -0.000000
v 0.734293 -0.538664 -0.000000
v 0.631810 -0.330294 -0.000000
v 0.585677 -0.170475 -0.000000
v 0.616432 -0.266366 -0.000000
v 0.616432 -0.695738 -0.000000
v 0.631810 -0.695738 -0.000000
v 0.601055 -0.601494 -0.000000
v 0.585677 -0.789982 -0.000000
v 0.601055 -0.446617 -0.000000
v 0.905097 -0.510545 -0.000000
v 0.700132 -0.510545 -0.000000
v 0.802614 -0.538664 -0.000000
v 0.631810 -0.510545 -0.000000
v 0.601055 -0.362258 -0.000000
v 0.631810 -0.266366 -0.000000
v 0.631810 -0.570079 -0.000000
v 0.508787 -0.286632 -0.000000
v 0.665971 -0.538664 -0.000000
v 0.870936 -0.426186 -0.000000
v 0.631810 -0.394222 -0.000000
v 0.616432 -0.170475 -0.000000
v 0.585677 -0.758568 -0.000000
v 0.593366 -0.711446 -0.000000
v 0.577988 -0.680031 -0.000000
v 0.608743 -0.648616 -0.000000
v 0.562610 -0.742860 -0.000000
v 0.616432 -0.234402 -0.000000
v 0.616432 -0.202439 -0.000000
v 0.608743 -0.314312 -0.000000
v 0.562610 -0.218420 -0.000000
v 0.577988 -0.282348 -0.000000
v 0.601055 -0.418497 -0.000000
v 0.601055 -0.390378 -0.000000
v 0.570299 -0.326450 -0.000000
v 0.683051 -0.468366 -0.000000
v 0.785534 -0.440246 -0.000000
v 0.751373 -0.468366 -0.000000
v 0.717212 -0.440246 -0.000000
v 0.819695 -0.524605 -0.000000
v 0.785534 -0.496485 -0.000000
v 0.853855 -0.496485 -0.000000
v 0.751373 -0.524605 -0.000000
v 0.524165 -0.564971 -0.000000
v 0.554921 -0.424703 -0.000000
v 0.554921 -0.579580 -0.000000
v 0.524165 -0.410094 -0.000000
v 0.616432 -0.758568 -0.000000
v 0.616432 -0.727153 -0.000000
v 0.601055 -0.758568 -0.000000
v 0.508787 -0.673825 -0.000000
v 0.508787 -0.364071 -0.000000
v 0.508787 -0.518948 -0.000000
v 0.508787 -0.209194 -0.000000
v -0.164323 -0.429482 -0.000000
v -0.308216 -0.630931 -0.000000
v -0.164323 -0.314367 0.000000
v -0.250659 -0.630931 -0.000000
v -0.164323 -0.544596 -0.000000
v -0.365773 -0.630931 0.000000
v -0.164323 -0.256810 0.000000
v -0.164323 -0.487039 -0.000000
v -0.164323 -0.371924 -0.000000
v -0.164323 -0.602153 -0.000000
v -0.254943 -0.170475 0.000000
v -0.315356 -0.170475 0.000000
v -0.194530 -0.170475 0.000000
v -0.666081 -0.458260 0.000000
v -0.740224 -0.630931 0.000000
v -0.680910 -0.458260 0.000000
v -0.666081 -0.343146 0.000000
v -0.710567 -0.630931 0.000000
v -0.666081 -0.573374 0.000000
v -0.703153 -0.487039 0.000000
v -0.717981 -0.429482 0.000000
v -0.688324 -0.371924 0.000000
v -0.680910 -0.573374 0.000000
v -0.680910 -0.515817 0.000000
v -1.214411 -0.371924 0.000000
v -1.169925 -0.458260 0.000000
v -1.169925 -0.170475 0.000000
v -1.214411 -0.487039 0.000000
v -1.095782 -0.544596 0.000000
v -1.214411 -0.256810 0.000000
v -1.132854 -0.443871 0.000000
v -1.103196 -0.328757 0.000000
v -1.095782 -0.256810 0.000000
v -1.140268 -0.170475 0.000000
v -1.214411 -0.544596 0.000000
v -1.214411 -0.314367 0.000000
v -1.199583 -0.170475 0.000000
v -1.214411 -0.429482 0.000000
v -1.214411 -0.199253 0.000000
v -1.162511 -0.213642 0.000000
v -1.118025 -0.472649 0.000000
v -1.147682 -0.587764 0.000000
v -1.151390 -0.537401 0.000000
v -1.173632 -0.523012 0.000000
v -1.173632 -0.580569 0.000000
v -1.121732 -0.307173 0.000000
v -1.106904 -0.393508 0.000000
v -1.106904 -0.451066 0.000000
v -1.188461 -0.206448 0.000000
v -1.203290 -0.235226 0.000000
v -1.158804 -0.321562 0.000000
v -1.136561 -0.278394 0.000000
v -1.203290 -0.523012 0.000000
v -1.203290 -0.350341 0.000000
v -1.203290 -0.407898 0.000000
v -1.129147 -0.551790 0.000000
v -1.121732 -0.594958 0.000000
v 1.242970 0.369069 -0.000000
v 1.250549 0.477153 -0.000000
v 1.328647 0.697386 -0.000000
v 1.358304 0.565246 -0.000000
v 1.358304 0.450132 -0.000000
v 1.276582 0.450132 -0.000000
v 1.324692 0.369069 -0.000000
v 1.120387 0.450132 -0.000000
v 1.358304 0.829525 -0.000000
v 1.328647 0.609293 -0.000000
v 1.447276 0.426626 -0.000000
v 1.161248 0.369069 -0.000000
v 1.302614 0.477153 -0.000000
v 1.328647 0.785479 -0.000000
v 1.343475 0.631316 -0.000000
v 1.373133 0.763456 -0.000000
v 1.373133 0.675362 -0.000000
v 1.343475 0.719409 -0.000000
v 1.159435 0.436621 -0.000000
v 1.237533 0.463642 -0.000000
v 1.330294 0.382579 -0.000000
v 1.259776 0.409600 -0.000000
v 1.341498 0.409600 -0.000000
v 1.248572 0.382579 -0.000000
v 1.432447 0.526472 -0.000000
v 1.402790 0.611050 -0.000000
v 1.432447 0.641586 -0.000000
v 1.402790 0.495936 -0.000000
v 0.441564 0.455404 -0.000000
v 0.213203 0.369069 -0.000000
v 0.331942 0.551296 -0.000000
v 0.551845 0.813708 -0.000000
v 0.311292 0.721441 0.000000
v -0.000000 0.875220 0.000000
v 0.433216 0.915751 0.000000
v 0.447715 0.512961 -0.000000
v 0.423770 0.568761 -0.000000
v 0.405316 0.396090 -0.000000
v 0.142355 0.396090 0.000000
v 0.300857 0.369069 -0.000000
v 0.246814 0.477153 -0.000000
v 0.111380 0.396090 0.000000
v 0.111380 0.660369 0.000000
v 0.081722 0.501208 0.000000
v 0.426845 0.598418 -0.000000
v 0.328866 0.521639 -0.000000
v 0.111380 0.721441 0.000000
v 0.551845 0.875220 -0.000000
v 0.419376 0.802504 -0.000000
v 0.375000 0.802504 0.000000
v 0.266916 0.721441 0.000000
v 0.345343 0.802504 0.000000
v 0.324912 0.802504 0.000000
v 0.020430 0.721441 0.000000
v 0.236599 0.829525 0.000000
v 0.088972 0.802504 0.000000
v 0.088972 0.864016 0.000000
v -0.000000 0.813708 0.000000
v 0.462873 0.967487 0.000000
v 0.118629 0.915751 0.000000
v 0.088972 0.967487 0.000000
v 0.435413 0.397847 -0.000000
v 0.125549 0.369069 0.000000
v 0.081722 0.677395 0.000000
v 0.200351 0.507689 0.000000
v 0.551845 0.752197 -0.000000
v 0.355668 0.721441 0.000000
v 0.393893 0.829525 0.000000
v -0.000000 0.936731 0.000000
v 0.118629 0.846771 0.000000
v 0.103800 0.889884 0.000000
v 0.074143 0.941619 0.000000
v 0.103800 0.924374 0.000000
v 0.074143 0.907129 0.000000
v 0.448045 0.889884 -0.000000
v 0.477702 0.941619 -0.000000
v 0.477702 0.907129 -0.000000
v 0.448045 0.924374 0.000000
v 0.014829 0.811841 0.000000
v 0.044486 0.869618 0.000000
v 0.044486 0.808106 0.000000
v 0.014829 0.873352 0.000000
v 0.133128 0.788994 0.000000
v 0.280756 0.816015 0.000000
v 0.149165 0.748462 0.000000
v 0.237039 0.775483 0.000000
v 0.128735 0.748462 0.000000
v 0.228910 0.748462 0.000000
v 0.287126 0.775483 0.000000
v 0.199253 0.748462 0.000000
v 0.329306 0.734952 0.000000
v 0.365334 0.761973 0.000000
v 0.435193 0.809974 -0.000000
v 0.449033 0.836995 -0.000000
v 0.185523 0.584029 0.000000
v 0.155865 0.675637 0.000000
v 0.185523 0.645101 0.000000
v 0.155865 0.614565 0.000000
v 0.344684 0.529492 -0.000000
v 0.379394 0.574857 -0.000000
v 0.096551 0.492696 0.000000
v 0.126208 0.563763 0.000000
v 0.126208 0.475670 0.000000
v 0.096551 0.580789 0.000000
v 0.179097 0.436621 0.000000
v 0.210072 0.436621 0.000000
v 0.224242 0.463642 0.000000
v 0.309260 0.382579 -0.000000
v 0.238412 0.409600 -0.000000
v 0.326065 0.409600 -0.000000
v 0.221606 0.382579 -0.000000
v 0.426516 0.454525 -0.000000
v 0.402570 0.510325 -0.000000
v 0.432667 0.512083 -0.000000
v 0.396419 0.452768 -0.000000
v -0.974736 0.476494 0.000000
v -1.187171 0.656854 0.000000
v -0.732865 0.710237 0.000000
v -0.788884 0.630712 0.000000
v -0.988906 0.710237 0.000000
v -1.074692 0.630712 0.000000
v -0.704745 0.590949 0.000000
v -0.704745 0.475835 0.000000
v -0.754833 0.369069 0.000000
v -0.785589 0.547452 0.000000
v -0.835896 0.476494 0.000000
v -0.949692 0.548111 0.000000
v -1.118410 0.440685 0.000000
v -1.143453 0.369069 0.000000
v -1.022847 0.547452 0.000000
v -1.091608 0.475835 0.000000
v -1.063488 0.511424 0.000000
v -1.102812 0.475835 0.000000
v -1.102812 0.590949 0.000000
v -1.187171 0.541740 0.000000
v -0.704745 0.829525 0.000000
v -0.732865 0.630712 0.000000
v -0.815685 0.710237 0.000000
v -0.937829 0.786028 0.000000
v -1.017245 0.630712 0.000000
v -1.102812 0.829525 0.000000
v -0.869947 0.786028 0.000000
v -0.878515 0.829525 0.000000
v -0.620387 0.426626 0.000000
v -0.884227 0.619728 0.000000
v -0.999780 0.404877 0.000000
v -1.187171 0.771968 0.000000
v -0.732865 0.789763 0.000000
v -0.762083 0.551186 0.000000
v -0.960567 0.789763 0.000000
v -1.074692 0.551186 0.000000
v -0.906634 0.742531 0.000000
v -0.892575 0.786028 0.000000
v -0.915202 0.786028 0.000000
v -1.088752 0.650593 0.000000
v -1.116872 0.769881 0.000000
v -1.088752 0.730119 0.000000
v -1.116872 0.690356 0.000000
v -1.005877 0.628844 0.000000
v -0.954800 0.704635 0.000000
v -0.983139 0.625110 0.000000
v -0.977537 0.708370 0.000000
v -0.800637 0.628844 0.000000
v -0.850945 0.704635 0.000000
v -0.827438 0.708370 0.000000
v -0.824143 0.625110 0.000000
v -0.718805 0.650593 0.000000
v -0.690685 0.769881 0.000000
v -0.690685 0.690356 0.000000
v -0.718805 0.730119 0.000000
v -1.173111 0.530756 0.000000
v -1.144991 0.623902 0.000000
v -1.144991 0.508787 0.000000
v -1.173111 0.645870 0.000000
v -1.002856 0.458590 0.000000
v -1.034051 0.494398 0.000000
v -0.977812 0.530207 0.000000
v -1.059095 0.422781 0.000000
v -0.823484 0.476384 0.000000
v -0.822825 0.547781 0.000000
v -0.798660 0.476164 0.000000
v -0.693322 0.404657 0.000000
v -0.721441 0.440246 0.000000
v -0.738137 0.404657 0.000000
v -0.634446 0.530756 0.000000
v -0.662566 0.623902 0.000000
v -0.634446 0.645870 0.000000
v -0.662566 0.508787 0.000000
v -1.421793 0.531415 0.000000
v -1.401142 0.250000 0.000000
v -1.401142 0.210018 0.000000
v -1.401142 0.369947 0.000000
v -1.404657 0.434534 0.000000
v -1.394113 0.628295 0.000000
v -1.430580 0.349956 0.000000
v -1.314587 0.402241 0.000000
v -1.418278 0.596002 0.000000
v -1.413225 0.482974 0.000000
v -1.389060 0.515268 0.000000
v -1.409710 0.547562 0.000000
v -1.331942 0.450681 0.000000
v -1.363137 0.482974 0.000000
v -1.335457 0.515268 0.000000
v -1.359622 0.418388 0.000000
v -1.386424 0.339960 0.000000
v -1.386424 0.299978 0.000000
v -1.415861 0.319969 0.000000
v -1.327548 0.299978 0.000000
v -1.356986 0.240004 0.000000
v -1.323989 -0.227753 0.001650
v -1.352108 -0.249722 0.001650
v -1.352108 -0.595064 0.001650
v -1.368804 -0.630653 0.001650
v -1.563005 -0.380214 0.001650
v -1.515333 -0.594845 0.001650
v -1.628251 -0.379994 0.001650
v -1.759622 -0.630653 0.001650
v -1.652636 -0.380214 0.001650
v -1.862653 -0.249722 0.001650
v -1.890773 -0.573096 0.001650
v -1.352108 -0.170196 0.001650
v -1.436467 -0.448535 0.001650
v -1.546089 -0.209959 0.001650
v -1.589806 -0.300688 0.001650
v -1.624296 -0.300688 0.001650
v -1.749187 -0.448535 0.001650
v -1.778295 -0.209959 0.001650
v -1.862653 -0.170196 0.001650
v -1.601669 -0.300688 0.001650
v -1.627372 -0.170196 0.001650
v -1.678339 -0.523228 0.001650
v -1.436467 -0.289484 0.001650
v -1.492486 -0.369010 0.001650
v -1.692508 -0.289484 0.001650
v -1.408347 -0.408773 0.001650
v -1.408347 -0.523887 0.001650
v -1.453163 -0.523887 0.001650
v -1.458435 -0.630653 0.001650
v -1.440421 -0.488298 0.001650
v -1.465026 -0.523887 0.001650
v -1.489191 -0.452270 0.001650
v -1.539499 -0.523228 0.001650
v -1.653295 -0.451611 0.001650
v -1.822012 -0.559036 0.001650
v -1.847056 -0.630653 0.001650
v -1.726449 -0.452270 0.001650
v -1.795210 -0.523887 0.001650
v -1.806414 -0.523887 0.001650
v -1.806414 -0.408773 0.001650
v -1.890773 -0.457982 0.001650
v -1.408347 -0.170196 0.001650
v -1.436467 -0.369010 0.001650
v -1.519288 -0.289484 0.001650
v -1.641432 -0.213694 0.001650
v -1.720847 -0.369010 0.001650
v -1.778295 -0.289484 0.001650
v -1.806414 -0.170196 0.001650
v -1.573550 -0.213694 0.001650
v -1.582117 -0.170196 0.001650
v -1.323989 -0.573096 0.001650
v -1.587829 -0.379994 0.001650
v -1.703383 -0.594845 0.001650
v -1.890773 -0.227753 0.001650
v -1.436467 -0.209959 0.001650
v -1.465685 -0.448535 0.001650
v -1.664169 -0.209959 0.001650
v -1.778295 -0.448535 0.001650
v -1.610237 -0.257191 0.001650
v -1.596177 -0.213694 0.001650
v -1.618804 -0.213694 0.001650
v -1.792354 -0.349129 0.001650
v -1.820474 -0.229840 0.001650
v -1.792354 -0.269603 0.001650
v -1.820474 -0.309366 0.001650
v -1.709479 -0.370877 0.001650
v -1.658402 -0.295086 0.001650
v -1.686741 -0.374612 0.001650
v -1.681140 -0.291352 0.001650
v -1.504239 -0.370877 0.001650
v -1.554547 -0.295086 0.001650
v -1.531041 -0.291352 0.001650
v -1.527745 -0.374612 0.001650
v -1.422407 -0.349129 0.001650
v -1.394288 -0.229840 0.001650
v -1.394288 -0.309366 0.001650
v -1.422407 -0.269603 0.001650
v -1.876713 -0.468966 0.001650
v -1.848593 -0.375820 0.001650
v -1.848593 -0.490934 0.001650
v -1.876713 -0.353852 0.001650
v -1.706458 -0.541132 0.001650
v -1.737653 -0.505324 0.001650
v -1.681414 -0.469515 0.001650
v -1.762697 -0.576940 0.001650
v -1.527086 -0.523338 0.001650
v -1.526427 -0.451941 0.001650
v -1.502262 -0.523557 0.001650
v -1.396924 -0.595064 0.001650
v -1.425043 -0.559476 0.001650
v -1.441739 -0.595064 0.001650
v -1.338049 -0.468966 0.001650
v -1.366168 -0.375820 0.001650
v -1.338049 -0.353852 0.001650
v -1.366168 -0.490934 0.001650
v -1.387258 -0.449853 0.001650
v -1.345079 -0.301787 0.001650
v -1.331019 -0.405917 0.001650
v -1.557128 -0.415967 0.001650
v -1.495727 -0.487914 0.001650
v -1.508798 -0.559201 0.001650
v -1.792354 -0.567988 0.001650
v -1.682952 -0.442659 0.001650
v -1.679876 -0.496371 0.001650
v -1.869683 -0.301787 0.001650
v -1.827504 -0.449853 0.001650
v -1.869683 -0.532015 0.001650
v -1.415377 -0.219900 0.001650
v -1.373198 -0.239781 0.001650
v -1.415377 -0.378951 0.001650
v -1.558776 -0.337650 0.001650
v -1.550318 -0.252523 0.001650
v -1.661286 -0.252523 0.001650
v -1.655519 -0.337650 0.001650
v -1.717964 -0.411574 0.001650
v -1.841564 -0.239781 0.001650
v -1.799384 -0.219900 0.001650
v -1.785325 -0.319306 0.001650
v -1.799384 -0.378951 0.001650
v -1.496715 -0.411574 0.001650
v -1.429437 -0.319306 0.001650
v -1.733040 -0.585893 0.001650
v -1.345078 -0.532015 0.001650
v -1.379064 0.245002 0.000000
v -1.334908 0.314971 0.000000
v -1.408502 0.344958 0.000000
v -1.364345 0.334963 0.000000
v -1.382140 0.426461 0.000000
v -1.344134 0.539488 0.000000
v -1.326779 0.491048 0.000000
v -1.408941 0.458754 0.000000
v -0.683656 0.549868 0.000000
v -0.641476 0.697935 0.000000
v -0.627416 0.593805 0.000000
v -0.853526 0.583754 0.000000
v -0.792124 0.511808 0.000000
v -0.805196 0.440521 0.000000
v -1.088752 0.431733 0.000000
v -0.979350 0.557063 0.000000
v -0.976274 0.503350 0.000000
v -1.166081 0.697935 0.000000
v -1.123902 0.549868 0.000000
v -1.166081 0.467707 0.000000
v -0.711775 0.779822 0.000000
v -0.669596 0.759941 0.000000
v -0.711775 0.620771 0.000000
v -0.855174 0.662072 0.000000
v -0.846716 0.747199 0.000000
v -0.957683 0.747199 0.000000
v -0.951917 0.662072 0.000000
v -1.014362 0.588148 0.000000
v -1.137961 0.759941 0.000000
v -1.095782 0.779822 0.000000
v 0.376922 0.480228 -0.000000
v 0.428218 0.540422 -0.000000
v 0.181980 0.389334 0.000000
v 0.294843 0.429866 -0.000000
v 0.357288 0.389334 -0.000000
v 0.259419 0.456887 -0.000000
v 0.160726 0.416355 0.000000
v 0.103965 0.620579 0.000000
v 0.148451 0.506948 0.000000
v 0.103965 0.444393 0.000000
v 0.357206 0.577905 -0.000000
v 0.401582 0.571809 -0.000000
v 0.351054 0.518591 -0.000000
v 0.133622 0.668003 0.000000
v 0.178108 0.683271 0.000000
v 0.192937 0.606931 0.000000
v 0.370167 0.782239 0.000000
v 0.360501 0.741707 0.000000
v 0.258677 0.822770 0.000000
v 0.302834 0.809260 0.000000
v 0.120716 0.768728 0.000000
v 0.022243 0.903174 0.000000
v 0.066729 0.836061 0.000000
v 0.022243 0.780152 0.000000
v 0.455459 0.945930 0.000000
v 0.499945 0.937308 -0.000000
v 0.051900 0.937308 0.000000
v 0.096386 0.945930 0.000000
v 0.111215 0.902817 0.000000
v 1.380547 0.530591 -0.000000
v 1.425033 0.691509 -0.000000
v 1.439862 0.591663 -0.000000
v 1.210512 0.389334 -0.000000
v 1.309040 0.429866 -0.000000
v 1.373956 0.389334 -0.000000
v 1.218009 0.470398 -0.000000
v 1.257057 0.456887 -0.000000
v 1.165944 0.416355 -0.000000
v 1.350890 0.774467 -0.000000
v 1.395376 0.752444 -0.000000
v 1.350890 0.598281 -0.000000
v -1.134707 -0.591361 0.000000
v -1.105050 -0.533804 0.000000
v -1.197729 -0.368327 0.000000
v -1.186607 -0.404300 0.000000
v -1.201436 -0.548193 0.000000
v -1.149536 -0.217240 0.000000
v -1.201436 -0.202850 0.000000
v -1.175486 -0.210045 0.000000
v -1.108757 -0.253213 0.000000
v -1.105050 -0.303575 0.000000
v -1.186607 -0.576972 0.000000
v -1.160657 -0.584166 0.000000
v -0.692031 -0.328757 0.000000
v -0.684617 -0.415092 0.000000
v 0.577988 -0.513099 -0.000000
v 0.725752 -0.517575 -0.000000
v 0.845315 -0.475395 -0.000000
v 0.862396 -0.517575 -0.000000
v 0.759913 -0.433216 -0.000000
v 0.811154 -0.447276 -0.000000
v 0.691592 -0.489455 -0.000000
v 0.551077 -0.226411 -0.000000
v 0.574143 -0.210429 -0.000000
v 0.612588 -0.290339 -0.000000
v 0.551077 -0.735007 -0.000000
v 0.604899 -0.625055 -0.000000
v 0.612588 -0.672177 -0.000000
v 0.574143 -0.750714 -0.000000
v 0.604899 -0.338285 -0.000000
v 0.920475 -0.218420 -0.000000
v 0.674511 -0.447276 -0.000000
v 0.776994 -0.531634 -0.000000
v 0.935852 -0.404438 -0.000000
v -0.740224 -0.426626 0.000000
v 1.336061 0.664351 -0.000000
v 1.152927 0.456887 -0.000000
v 1.425033 0.461281 -0.000000
v 0.096386 0.876950 0.000000
v 0.007414 0.843530 0.000000
v 0.145540 0.809260 0.000000
v 0.483084 0.813708 -0.000000
v 0.383450 0.610273 -0.000000
v 0.178108 0.561127 0.000000
v 0.089137 0.540998 0.000000
v 0.197468 0.456887 0.000000
v 0.415916 0.425308 -0.000000
v -1.095782 0.620771 0.000000
v -0.997391 0.669541 0.000000
v -0.793113 0.588148 0.000000
v -0.725835 0.680415 0.000000
v -1.180141 0.593805 0.000000
v -1.029438 0.413829 0.000000
v -0.641476 0.467707 0.000000
v -1.337105 0.410314 0.000000
v -1.334908 0.235007 0.000000
v -1.312829 0.359952 0.000000
v -1.327548 0.210018 0.000000
v -1.327548 0.369947 0.000000
v -1.326010 0.612149 0.000000
v -1.339851 0.596002 0.000000
v -1.338093 0.628295 0.000000
v -1.429701 0.386094 0.000000
v -1.344391 0.704818 0.000000
v -1.380809 0.700083 0.000000
v -1.359817 0.713508 0.000000
v -1.414445 0.713508 0.000000
v -1.316320 0.726152 0.000000
v -1.343219 0.741579 0.000000
v -1.336116 0.768893 0.000000
v -1.343219 0.795279 0.000000
v -1.440515 0.777688 0.000000
v -1.328964 0.822699 0.000000
v -1.359817 0.822699 0.000000
v -1.427089 0.810283 0.000000
v -1.344391 0.831259 0.000000
v -1.399019 0.831259 0.000000
v -0.620387 0.800747 0.000000
v -0.634446 0.789763 0.000000
v -0.634446 0.386863 0.000000
v -0.642794 0.369069 0.000000
v -0.746705 0.511424 0.000000
v -0.793278 0.386863 0.000000
v -0.877856 0.637522 0.000000
v -0.805690 0.386973 0.000000
v -0.918388 0.637632 0.000000
v -1.034161 0.369069 0.000000
v -0.930580 0.637522 0.000000
v -1.173111 0.386863 0.000000
v -1.173111 0.789763 0.000000
v -1.187171 0.397847 0.000000
v -0.634446 0.829525 0.000000
v -0.732865 0.531305 0.000000
v -0.849187 0.809644 0.000000
v -0.916410 0.677285 0.000000
v -1.052669 0.531305 0.000000
v -1.074692 0.809644 0.000000
v -1.173111 0.829525 0.000000
v -0.905097 0.677285 0.000000
v -0.898286 0.655536 0.000000
v -0.935084 0.829525 0.000000
v -0.191076 0.383470 0.000000
v -0.223557 0.391200 0.000000
v -0.320706 0.368011 0.000000
v -0.245444 0.412208 0.000000
v -0.440035 0.412208 0.000000
v -0.092886 0.454224 0.000000
v -0.233906 0.470082 0.000000
v -0.255842 0.449074 0.000000
v -0.342593 0.470082 0.000000
v -0.184575 0.482653 0.000000
v -0.271781 0.472556 0.000000
v -0.337556 0.480936 0.000000
v -0.391924 0.482653 0.000000
v -0.399946 0.513669 0.000000
v -0.513718 0.506249 0.000000
v -0.046736 0.568281 0.000000
v -0.176504 0.513669 0.000000
v -0.143576 0.548062 0.000000
v -0.211474 0.496591 0.000000
v -0.386928 0.519519 0.000000
v -0.432875 0.548062 0.000000
v -0.131591 0.599297 0.000000
v -0.174551 0.548062 0.000000
v -0.409889 0.582219 0.000000
v -0.444860 0.599297 0.000000
v -0.062878 0.692345 0.000000
v -0.139662 0.630313 0.000000
v -0.151647 0.681548 0.000000
v -0.166561 0.616375 0.000000
v -0.401899 0.650532 0.000000
v -0.432875 0.650532 0.000000
v -0.424852 0.681548 0.000000
v -0.529763 0.630313 0.000000
v -0.184575 0.715941 0.000000
v -0.189522 0.679075 0.000000
v -0.364976 0.702003 0.000000
v -0.391924 0.715941 0.000000
v -0.233906 0.728512 0.000000
v -0.238894 0.717658 0.000000
v -0.337556 0.717658 0.000000
v -0.342593 0.728512 0.000000
v -0.136757 0.786386 0.000000
v -0.255842 0.749520 0.000000
v -0.320706 0.749520 0.000000
v -0.483809 0.744370 0.000000
v -0.223557 0.807394 0.000000
v -0.191076 0.815124 0.000000
v -0.385667 0.815124 0.000000
v 0.455404 0.584908 -0.000000
v 0.337764 0.463642 -0.000000
v 0.293937 0.463642 -0.000000
v 0.410424 0.369069 -0.000000
v 0.208095 0.477153 0.000000
v 0.185523 0.463642 0.000000
v 0.185523 0.507689 0.000000
v 0.081722 0.391092 0.000000
v 0.351604 0.596221 -0.000000
v 0.200351 0.706173 0.000000
v 0.185523 0.721441 0.000000
v 0.371900 0.636179 -0.000000
v 0.338305 0.608955 -0.000000
v 0.466803 0.645894 -0.000000
v 0.375187 0.651712 -0.000000
v 0.384243 0.683175 -0.000000
v 0.346571 0.658961 -0.000000
v 0.489911 0.694111 -0.000000
v 0.390850 0.694070 -0.000000
v 0.527468 0.717332 -0.000000
v 0.417838 0.721441 -0.000000
v 0.551845 0.952109 -0.000000
v 0.548330 0.905975 -0.000000
v 0.548330 0.721441 -0.000000
v 0.537017 0.950242 -0.000000
v 0.384776 0.734952 -0.000000
v 0.229459 0.734952 0.000000
v 0.211445 0.721441 0.000000
v 0.125659 0.734952 0.000000
v 0.054152 0.734952 0.000000
v 0.071507 0.721441 0.000000
v 0.138291 0.829525 0.000000
v 0.014829 0.734952 0.000000
v 0.014829 0.950242 0.000000
v -0.000000 0.736819 0.000000
v 0.537017 0.967487 -0.000000
v 0.014829 0.967487 0.000000
v 0.932826 0.383470 -0.000000
v 0.900345 0.391200 -0.000000
v 0.803196 0.368011 -0.000000
v 0.878458 0.412208 -0.000000
v 0.683867 0.412208 -0.000000
v 1.031016 0.454224 -0.000000
v 0.889995 0.470082 -0.000000
v 0.868060 0.449074 -0.000000
v 0.781309 0.470082 -0.000000
v 0.939327 0.482653 -0.000000
v 0.852120 0.472556 -0.000000
v 0.786345 0.480936 -0.000000
v 0.731978 0.482653 -0.000000
v 0.723955 0.513669 -0.000000
v 0.610183 0.506249 -0.000000
v 1.077166 0.568281 -0.000000
v 0.947398 0.513669 -0.000000
v 0.980326 0.548062 -0.000000
v 0.912428 0.496591 -0.000000
v 0.736974 0.519519 -0.000000
v 0.691027 0.548062 -0.000000
v 0.992311 0.599297 -0.000000
v 0.949351 0.548062 -0.000000
v 0.714013 0.582219 -0.000000
v 0.679042 0.599297 -0.000000
v 1.061023 0.692345 -0.000000
v 0.984240 0.630313 -0.000000
v 0.972255 0.681548 -0.000000
v 0.957341 0.616375 -0.000000
v 0.722002 0.650532 -0.000000
v 0.691027 0.650532 -0.000000
v 0.699050 0.681548 -0.000000
v 0.594139 0.630313 -0.000000
v 0.939327 0.715941 -0.000000
v 0.934380 0.679075 -0.000000
v 0.758926 0.702003 -0.000000
v 0.731978 0.715941 -0.000000
v 0.889995 0.728512 -0.000000
v 0.885008 0.717658 -0.000000
v 0.786345 0.717658 -0.000000
v 0.781309 0.728512 -0.000000
v 0.987144 0.786386 -0.000000
v 0.868060 0.749520 -0.000000
v 0.803196 0.749520 -0.000000
v 0.640093 0.744370 -0.000000
v 0.900345 0.807394 -0.000000
v 0.932826 0.815124 -0.000000
v 0.738235 0.815124 -0.000000
v 1.447276 0.800747 -0.000000
v 1.432447 0.785479 -0.000000
v 1.432447 0.382579 -0.000000
v 1.146419 0.382579 -0.000000
v 1.426845 0.369069 -0.000000
v 1.133403 0.477153 -0.000000
v 1.120387 0.382579 -0.000000
v 1.432447 0.829525 -0.000000
v 1.328647 0.499176 -0.000000
v -0.666081 -0.199253 0.000000
v -0.680910 -0.228032 0.000000
v -0.695738 -0.253954 0.000000
v -0.784710 -0.599297 0.000000
v -0.755053 -0.346441 0.000000
v -0.784710 -0.429921 0.000000
v -0.800527 -0.429921 0.000000
v -0.800527 -0.504394 0.000000
v -0.826059 -0.424518 0.000000
v -0.873511 -0.498991 0.000000
v -0.843097 -0.409840 0.000000
v -0.967145 -0.468105 0.000000
v -0.832162 -0.405097 0.000000
v -0.890549 -0.409840 0.000000
v -0.878368 -0.398677 0.000000
v -0.920938 -0.403421 0.000000
v -0.927138 -0.381761 0.000000
v -1.024458 -0.402412 0.000000
v -0.755053 -0.244947 0.000000
v -0.784710 -0.303603 0.000000
v -0.946983 -0.364065 0.000000
v -0.922061 -0.346311 0.000000
v -0.917326 -0.310804 0.000000
v -0.946983 -0.310804 0.000000
v -0.940783 -0.289144 0.000000
v -1.036858 -0.315775 0.000000
v -0.895113 -0.284230 0.000000
v -0.858109 -0.271911 0.000000
v -0.890549 -0.265028 0.000000
v -0.802504 -0.244947 0.000000
v -0.800527 -0.269772 0.000000
v -0.754125 -0.190555 0.000000
v -0.737087 -0.175877 0.000000
v -1.001220 -0.236119 0.000000
v -1.095782 -0.184864 0.000000
v -1.103196 -0.630931 0.000000
v -1.214411 -0.616542 0.000000
v -0.164323 -0.184864 0.000000
v -0.253295 -0.443981 0.000000
v -0.253295 -0.559095 -0.000000
v -0.310852 -0.559095 0.000000
v -0.178713 -0.630931 -0.000000
v -0.332764 -0.555059 0.000000
v -0.416463 -0.626896 0.000000
v -0.347450 -0.544091 0.000000
v -0.496884 -0.603821 0.000000
v -0.310852 -0.535149 0.000000
v -0.431149 -0.544091 0.000000
v -0.546304 -0.554726 0.000000
v -0.253295 -0.380053 0.000000
v -0.282952 -0.513840 0.000000
v -0.468683 -0.512180 0.000000
v -0.473418 -0.495606 0.000000
v -0.471295 -0.484638 0.000000
v -0.560266 -0.495183 0.000000
v -0.453622 -0.456958 0.000000
v -0.428603 -0.444916 0.000000
v -0.253295 -0.312830 0.000000
v -0.282952 -0.382689 0.000000
v -0.310852 -0.382689 0.000000
v -0.310852 -0.449912 0.000000
v -0.344903 -0.377693 0.000000
v -0.336336 -0.372144 0.000000
v -0.522188 -0.424380 0.000000
v -0.526435 -0.391769 0.000000
v -0.438586 -0.366823 0.000000
v -0.543912 -0.377026 0.000000
v -0.253295 -0.242311 0.000000
v -0.282952 -0.336775 0.000000
v -0.427236 -0.355741 0.000000
v -0.467340 -0.352861 0.000000
v -0.448260 -0.341779 0.000000
v -0.481278 -0.340412 0.000000
v -0.569347 -0.335823 0.000000
v -0.457910 -0.319030 0.000000
v -0.489235 -0.308875 0.000000
v -0.454574 -0.294108 0.000000
v -0.478682 -0.273848 0.000000
v -0.572658 -0.280707 0.000000
v -0.438969 -0.275882 0.000000
v -0.413062 -0.267664 0.000000
v -0.443484 -0.257640 0.000000
v -0.345562 -0.242311 0.000000
v -0.375220 -0.266257 0.000000
v -0.458089 -0.216462 0.000000
v -0.412737 -0.182923 0.000000
v -0.540894 -0.220611 0.000000
v -0.390872 -0.170475 0.000000
v -0.473150 -0.182923 0.000000
v 0.264987 -0.616530 -0.000000
v 0.232507 -0.608800 -0.000000
v 0.135358 -0.631989 -0.000000
v 0.363178 -0.545776 -0.000000
v 0.298314 -0.545776 -0.000000
v 0.222157 -0.529918 -0.000000
v 0.135358 -0.550926 -0.000000
v 0.113471 -0.529918 -0.000000
v 0.016029 -0.587792 -0.000000
v 0.271488 -0.517347 -0.000000
v 0.184282 -0.527444 -0.000000
v 0.118507 -0.519064 -0.000000
v 0.064140 -0.517347 -0.000000
v 0.409328 -0.431719 -0.000000
v 0.279560 -0.486331 -0.000000
v 0.056117 -0.486331 -0.000000
v -0.057655 -0.493751 -0.000000
v 0.312488 -0.451938 -0.000000
v 0.244589 -0.503409 -0.000000
v 0.069135 -0.480481 -0.000000
v 0.023189 -0.451938 -0.000000
v 0.324473 -0.400703 -0.000000
v 0.281512 -0.451938 -0.000000
v 0.046174 -0.417781 -0.000000
v 0.011204 -0.400703 -0.000000
v 0.393185 -0.307655 -0.000000
v 0.316401 -0.369687 -0.000000
v 0.304416 -0.318452 -0.000000
v 0.289502 -0.383625 -0.000000
v 0.054164 -0.349468 -0.000000
v 0.023189 -0.349468 -0.000000
v 0.031211 -0.318452 -0.000000
v -0.073700 -0.369687 -0.000000
v 0.091087 -0.297997 -0.000000
v 0.064140 -0.284059 -0.000000
v 0.271488 -0.284059 -0.000000
v 0.266541 -0.320925 -0.000000
v 0.118507 -0.282342 -0.000000
v 0.113471 -0.271488 -0.000000
v 0.222157 -0.271488 -0.000000
v 0.217170 -0.282342 -0.000000
v 0.319306 -0.213614 -0.000000
v 0.200221 -0.250480 -0.000000
v 0.135358 -0.250480 -0.000000
v -0.027745 -0.255630 -0.000000
v 0.232507 -0.192606 -0.000000
v 0.264987 -0.184876 -0.000000
v 0.070396 -0.184876 -0.000000
v 1.028120 -0.189834 -0.000000
v 0.997364 -0.325352 -0.000000
v 1.012742 -0.789982 -0.000000
v 0.997364 -0.262522 -0.000000
v 0.905097 -0.774275 -0.000000
v 0.631810 -0.774275 -0.000000
v 0.524165 -0.758568 -0.000000
v 0.624121 -0.789982 -0.000000
v 0.524165 -0.216498 -0.000000
v 0.508787 -0.770623 -0.000000
v 0.935852 -0.362258 -0.000000
v 0.905097 -0.440246 -0.000000
v 0.870936 -0.440246 -0.000000
v 0.888016 -0.538664 -0.000000
v 0.648891 -0.426186 -0.000000
v 0.631810 -0.440246 -0.000000
v 0.524165 -0.202439 -0.000000
v 0.920475 -0.170475 -0.000000
v 0.905097 -0.410204 -0.000000
v 0.631810 -0.186457 -0.000000
v 1.724126 -0.767819 -0.000000
v 1.693769 -0.762188 -0.000000
v 1.574212 -0.793139 -0.000000
v 1.669905 -0.746208 -0.000000
v 1.459277 -0.760268 -0.000000
v 1.845164 -0.673534 -0.000000
v 1.804213 -0.655731 -0.000000
v 1.723028 -0.739699 -0.000000
v 1.440808 -0.705819 -0.000000
v 1.551430 -0.677822 -0.000000
v 1.424559 -0.702996 -0.000000
v 1.378304 -0.628108 -0.000000
v 1.372266 -0.687366 -0.000000
v 1.828126 -0.649141 -0.000000
v 1.624089 -0.679701 -0.000000
v 1.496249 -0.650858 -0.000000
v 1.365326 -0.620061 -0.000000
v 1.844228 -0.631127 -0.000000
v 1.711930 -0.641916 -0.000000
v 1.902151 -0.521887 -0.000000
v 1.874154 -0.507469 -0.000000
v 1.456934 -0.604903 -0.000000
v 1.356547 -0.607425 -0.000000
v 1.880053 -0.480668 -0.000000
v 1.766135 -0.561072 -0.000000
v 1.882396 -0.356254 -0.000000
v 1.850322 -0.356254 -0.000000
v 1.844537 -0.329298 -0.000000
v 1.778046 -0.453712 -0.000000
v 1.828647 -0.311227 -0.000000
v 1.744801 -0.354773 -0.000000
v 1.471881 -0.332943 -0.000000
v 1.441344 -0.327890 -0.000000
v 1.413225 -0.367531 -0.000000
v 1.457406 -0.302545 -0.000000
v 1.337678 -0.327028 -0.000000
v 1.522115 -0.294441 -0.000000
v 1.498267 -0.277257 -0.000000
v 1.791789 -0.230790 -0.000000
v 1.747950 -0.227234 -0.000000
v 1.724151 -0.220636 -0.000000
v 1.673330 -0.293961 -0.000000
v 1.585384 -0.277127 -0.000000
v 1.547915 -0.268372 -0.000000
v 1.670133 -0.214842 -0.000000
v 1.694689 -0.198382 -0.000000
v 1.410418 -0.234533 -0.000000
v 1.725249 -0.192516 -0.000000
v 1.514646 -0.179286 -0.000000
v 1.028120 -0.499588 -0.000000
v 1.028120 -0.344711 -0.000000
v 1.028120 -0.654465 -0.000000
v 1.028120 -0.267273 -0.000000
v 0.951230 -0.789982 -0.000000
v 0.905097 -0.648616 -0.000000
v 0.981986 -0.170475 -0.000000
v 0.905097 -0.282348 -0.000000
v 1.028120 -0.577027 -0.000000
v 1.028120 -0.422150 -0.000000
v 1.028120 -0.731904 -0.000000
v 0.920475 -0.266366 -0.000000
v 0.905097 -0.711446 -0.000000
v 0.905097 -0.346276 -0.000000
v 0.905097 -0.585786 -0.000000
v 0.905097 -0.218420 -0.000000
v 0.631810 -0.648616 -0.000000
v 0.562610 -0.789982 -0.000000
v 0.508787 -0.460869 -0.000000
v 0.751373 -0.538664 -0.000000
v 0.631810 -0.314312 -0.000000
v 0.624121 -0.282348 -0.000000
v 0.624121 -0.680031 -0.000000
v 0.631810 -0.711446 -0.000000
v 0.585677 -0.632909 -0.000000
v 0.585677 -0.400593 -0.000000
v 0.508787 -0.615746 -0.000000
v 0.905097 -0.496485 -0.000000
v 0.734293 -0.496485 -0.000000
v 0.819695 -0.538664 -0.000000
v 0.717212 -0.426186 -0.000000
v 0.631810 -0.496485 -0.000000
v 0.585677 -0.330294 -0.000000
v 0.631810 -0.585786 -0.000000
v 0.508787 -0.305992 -0.000000
v 0.683051 -0.538664 -0.000000
v 0.853855 -0.426186 -0.000000
v 0.631810 -0.378240 -0.000000
v 0.593366 -0.218420 -0.000000
v 0.593366 -0.742860 -0.000000
v 0.620277 -0.625055 -0.000000
v 0.574143 -0.719299 -0.000000
v 0.608743 -0.186457 -0.000000
v 0.620277 -0.338285 -0.000000
v 0.574143 -0.242393 -0.000000
v 0.597210 -0.242393 -0.000000
v 0.585677 -0.386533 -0.000000
v 0.585677 -0.344354 -0.000000
v 0.570299 -0.312390 -0.000000
v 0.657431 -0.475395 -0.000000
v 0.759913 -0.447276 -0.000000
v 0.759913 -0.475395 -0.000000
v 0.725752 -0.447276 -0.000000
v 0.828235 -0.531634 -0.000000
v 0.794074 -0.503515 -0.000000
v 0.879476 -0.489455 -0.000000
v 0.776994 -0.517575 -0.000000
v 0.516476 -0.600038 -0.000000
v 0.547232 -0.459770 -0.000000
v 0.562610 -0.621952 -0.000000
v 0.531854 -0.452466 -0.000000
v 0.508787 -0.693184 -0.000000
v 0.508787 -0.383430 -0.000000
v 0.508787 -0.538307 -0.000000
v 0.508787 -0.228553 -0.000000
v -0.164323 -0.415092 -0.000000
v -0.293827 -0.630931 -0.000000
v -0.164323 -0.299978 0.000000
v -0.236270 -0.630931 -0.000000
v -0.164323 -0.530207 -0.000000
v -0.351384 -0.630931 0.000000
v -0.164323 -0.242421 0.000000
v -0.164323 -0.472649 -0.000000
v -0.164323 -0.357535 -0.000000
v -0.164323 -0.587764 -0.000000
v -0.270046 -0.170475 0.000000
v -0.209633 -0.170475 0.000000
v -0.666081 -0.429482 0.000000
v -0.666081 -0.314367 0.000000
v -0.740224 -0.458260 0.000000
v -0.703153 -0.544596 0.000000
v -0.699445 -0.501428 0.000000
v -0.714274 -0.443871 0.000000
v -0.677202 -0.328757 0.000000
v -0.721688 -0.501428 0.000000
v -0.688324 -0.602153 0.000000
v -1.214411 -0.386314 0.000000
v -1.162511 -0.429482 0.000000
v -1.162511 -0.630931 0.000000
v -1.214411 -0.501428 0.000000
v -1.214411 -0.271199 0.000000
v -1.181047 -0.321562 0.000000
v -1.158804 -0.393508 0.000000
v -1.188461 -0.335951 0.000000
v -1.099489 -0.508623 0.000000
v -1.129147 -0.479844 0.000000
v -1.095782 -0.242421 0.000000
v -1.132854 -0.630931 0.000000
v -1.214411 -0.558985 0.000000
v -1.095782 -0.472649 0.000000
v -1.214411 -0.328757 0.000000
v -1.095782 -0.357535 0.000000
v -1.192168 -0.630931 0.000000
v -1.214411 -0.443871 0.000000
v -1.214411 -0.213642 0.000000
v -1.173632 -0.364730 0.000000
v -1.143975 -0.422287 0.000000
v -1.119879 -0.317965 0.000000
v -1.123586 -0.353938 0.000000
v -1.105050 -0.404300 0.000000
v -1.105050 -0.433079 0.000000
v -1.190315 -0.224434 0.000000
v -1.175486 -0.253213 0.000000
v -1.153243 -0.267602 0.000000
v -1.186607 -0.447468 0.000000
v -1.186607 -0.505025 0.000000
v -1.201436 -0.418690 0.000000
v -1.101343 -0.569777 0.000000
v -1.112464 -0.505025 0.000000
v 1.263401 0.369069 -0.000000
v 1.237533 0.477153 -0.000000
v 1.328647 0.675362 -0.000000
v 1.447276 0.685633 -0.000000
v 1.373133 0.609293 -0.000000
v 1.373133 0.436621 -0.000000
v 1.120387 0.436621 -0.000000
v 1.373133 0.829525 -0.000000
v 1.328647 0.587269 -0.000000
v 1.447276 0.455404 -0.000000
v 1.181678 0.369069 -0.000000
v 1.289598 0.477153 -0.000000
v 1.328647 0.763456 -0.000000
v 1.336061 0.598281 -0.000000
v 1.365718 0.730421 -0.000000
v 1.380547 0.664351 -0.000000
v 1.350890 0.708397 -0.000000
v 1.139911 0.429866 -0.000000
v 1.218009 0.429866 -0.000000
v 1.191976 0.456887 -0.000000
v 1.347924 0.375824 -0.000000
v 1.277406 0.402845 -0.000000
v 1.364730 0.416355 -0.000000
v 1.271804 0.389334 -0.000000
v 1.439862 0.505327 -0.000000
v 1.410204 0.589906 -0.000000
v 1.439862 0.677999 -0.000000
v 1.410204 0.532348 -0.000000
v 0.443102 0.469793 -0.000000
v 0.235116 0.369069 -0.000000
v 0.081722 0.567278 0.000000
v 0.200351 0.584029 0.000000
v 0.551845 0.829086 -0.000000
v 0.300198 0.721441 0.000000
v -0.000000 0.859842 0.000000
v 0.118629 0.889884 0.000000
v 0.407184 0.553493 -0.000000
v 0.391806 0.409600 -0.000000
v 0.172671 0.409600 0.000000
v 0.322770 0.369069 -0.000000
v 0.126208 0.409600 0.000000
v 0.126208 0.629833 0.000000
v 0.081722 0.479185 0.000000
v 0.200351 0.645101 0.000000
v 0.126208 0.721441 0.000000
v 0.551845 0.890597 -0.000000
v 0.486599 0.875220 -0.000000
v 0.477702 0.881261 -0.000000
v 0.412456 0.788994 -0.000000
v 0.255821 0.721441 0.000000
v 0.301406 0.788994 0.000000
v 0.030646 0.721441 0.000000
v 0.216938 0.829525 0.000000
v 0.074143 0.788994 0.000000
v 0.074143 0.881261 0.000000
v -0.000000 0.798330 0.000000
v 0.477702 0.967487 0.000000
v 0.433216 0.872638 0.000000
v 0.074143 0.967487 0.000000
v 0.436951 0.412236 -0.000000
v 0.147463 0.369069 0.000000
v 0.301021 0.477153 -0.000000
v 0.081722 0.655371 0.000000
v 0.334249 0.573539 -0.000000
v 0.200351 0.522957 0.000000
v 0.551845 0.767575 -0.000000
v 0.344574 0.721441 0.000000
v 0.374231 0.829525 0.000000
v -0.000000 0.921353 0.000000
v 0.111215 0.876950 0.000000
v 0.081557 0.928685 0.000000
v 0.470288 0.928685 -0.000000
v 0.037072 0.855174 0.000000
v 0.051900 0.791795 0.000000
v 0.022243 0.857041 0.000000
v 0.096221 0.782239 0.000000
v 0.214191 0.782239 0.000000
v 0.204525 0.809260 0.000000
v 0.095013 0.734952 0.000000
v 0.226823 0.775483 0.000000
v 0.172671 0.761973 0.000000
v 0.184974 0.734952 0.000000
v 0.272298 0.775483 0.000000
v 0.228361 0.761973 0.000000
v 0.385435 0.768728 -0.000000
v 0.470782 0.867750 -0.000000
v 0.192937 0.561127 0.000000
v 0.163280 0.652735 0.000000
v 0.192937 0.652735 0.000000
v 0.163280 0.622199 0.000000
v 0.370716 0.563516 -0.000000
v 0.383458 0.541712 -0.000000
v 0.354899 0.555662 -0.000000
v 0.118794 0.545996 0.000000
v 0.133622 0.449390 0.000000
v 0.103965 0.554509 0.000000
v 0.236187 0.456887 -0.000000
v 0.256124 0.402845 -0.000000
v 0.352180 0.416355 -0.000000
v 0.247721 0.389334 -0.000000
v 0.432502 0.440576 -0.000000
v 0.408557 0.496375 -0.000000
v 0.441729 0.526911 -0.000000
v 0.405481 0.467597 -0.000000
v -0.620387 0.570518 0.000000
v -0.854020 0.530207 0.000000
v -0.732865 0.690356 0.000000
v -0.995991 0.690356 0.000000
v -1.074692 0.650593 0.000000
v -0.690685 0.630712 0.000000
v -0.690685 0.458040 0.000000
v -0.732425 0.369069 0.000000
v -0.767794 0.458040 0.000000
v -0.804042 0.565466 0.000000
v -0.943431 0.566015 0.000000
v -1.121595 0.369069 0.000000
v -1.004394 0.565466 0.000000
v -1.116872 0.458040 0.000000
v -1.116872 0.630712 0.000000
v -1.187171 0.512961 0.000000
v -0.690685 0.829525 0.000000
v -0.732865 0.610830 0.000000
v -0.822386 0.730119 0.000000
v -0.933546 0.764279 0.000000
v -1.024330 0.610830 0.000000
v -1.074692 0.730119 0.000000
v -1.116872 0.829525 0.000000
v -0.876977 0.764279 0.000000
v -0.889829 0.829525 0.000000
v -0.620387 0.455404 0.000000
v -0.878185 0.601823 0.000000
v -0.993519 0.422781 0.000000
v -1.187171 0.743190 0.000000
v -0.732865 0.769881 0.000000
v -0.967652 0.769881 0.000000
v -1.074692 0.571068 0.000000
v -0.917948 0.742531 0.000000
v -0.896859 0.807777 0.000000
v -0.908172 0.807777 0.000000
v -0.882030 0.742531 0.000000
v -0.889060 0.720782 0.000000
v -1.081722 0.620771 0.000000
v -1.109842 0.740059 0.000000
v -1.081722 0.740059 0.000000
v -1.109842 0.700297 0.000000
v -0.967569 0.685688 0.000000
v -0.984540 0.604295 0.000000
v -0.978938 0.687555 0.000000
v -0.838368 0.685688 0.000000
v -0.824967 0.645925 0.000000
v -0.725835 0.620771 0.000000
v -0.697715 0.740059 0.000000
v -0.683656 0.680415 0.000000
v -0.711775 0.720178 0.000000
v -1.152021 0.600615 0.000000
v -1.137961 0.474517 0.000000
v -1.166081 0.611599 0.000000
v -1.105009 0.458260 0.000000
v -0.995057 0.449638 0.000000
v -1.026252 0.485446 0.000000
v -0.957491 0.557063 0.000000
v -1.038774 0.449638 0.000000
v -0.823649 0.458535 0.000000
v -0.822990 0.529932 0.000000
v -0.786413 0.458205 0.000000
v -0.835402 0.530042 0.000000
v -0.701670 0.386863 0.000000
v -0.743849 0.440246 0.000000
v -0.752197 0.422452 0.000000
v -0.627416 0.507469 0.000000
v -0.655536 0.600615 0.000000
v -0.627416 0.680141 0.000000
v -0.655536 0.543058 0.000000
v -1.422671 0.515268 0.000000
v -1.386424 0.210018 0.000000
v -1.386424 0.369947 0.000000
v -1.430580 0.259996 0.000000
v -1.322496 0.547562 0.000000
v -1.391696 0.466828 0.000000
v -1.382909 0.628295 0.000000
v -1.426186 0.450681 0.000000
v -1.312829 0.240004 0.000000
v -1.315466 0.418388 0.000000
v -1.419156 0.579855 0.000000
v -1.420145 0.458754 0.000000
v -1.392465 0.555635 0.000000
v -1.324143 0.442608 0.000000
v -1.355338 0.474901 0.000000
v -1.329416 0.539488 0.000000
v -1.353581 0.442608 0.000000
v -1.393783 0.324967 0.000000
v -1.320189 0.254998 0.000000
v -1.349626 0.274989 0.000000
v -1.323989 -0.256532 0.001650
v -1.338049 -0.209959 0.001650
v -1.338049 -0.612859 0.001650
v -1.391212 -0.630653 0.001650
v -1.496880 -0.612859 0.001650
v -1.581458 -0.362200 0.001650
v -1.521375 -0.576940 0.001650
v -1.634512 -0.397898 0.001650
v -1.781480 -0.630653 0.001650
v -1.634182 -0.362200 0.001650
v -1.874846 -0.612859 0.001650
v -1.876713 -0.209959 0.001650
v -1.890773 -0.544317 0.001650
v -1.338049 -0.170196 0.001650
v -1.436467 -0.428654 0.001650
v -1.594859 -0.322437 0.001650
v -1.620013 -0.322437 0.001650
v -1.742102 -0.428654 0.001650
v -1.778295 -0.229840 0.001650
v -1.848593 -0.170196 0.001650
v -1.608699 -0.322437 0.001650
v -1.616058 -0.170196 0.001650
v -1.569705 -0.433707 0.001650
v -1.684600 -0.541132 0.001650
v -1.890773 -0.314089 0.001650
v -1.436467 -0.269603 0.001650
v -1.485786 -0.388891 0.001650
v -1.685423 -0.269603 0.001650
v -1.778295 -0.388891 0.001650
v -1.323989 -0.371646 0.001650
v -1.394288 -0.369010 0.001650
v -1.394288 -0.541681 0.001650
v -1.480843 -0.630653 0.001650
v -1.471397 -0.541681 0.001650
v -1.507644 -0.434256 0.001650
v -1.545540 -0.505324 0.001650
v -1.868914 -0.630653 0.001650
v -1.707996 -0.434256 0.001650
v -1.820474 -0.369010 0.001650
v -1.394288 -0.170196 0.001650
v -1.436467 -0.349129 0.001650
v -1.637148 -0.235442 0.001650
v -1.713763 -0.349129 0.001650
v -1.792354 -0.170196 0.001650
v -1.570804 -0.170196 0.001650
v -1.323989 -0.601875 0.001650
v -1.593870 -0.362090 0.001650
v -1.709644 -0.612749 0.001650
v -1.890773 -0.198975 0.001650
v -1.436467 -0.190078 0.001650
v -1.458985 -0.468417 0.001650
v -1.657084 -0.190078 0.001650
v -1.778295 -0.468417 0.001650
v -1.621550 -0.257191 0.001650
v -1.600461 -0.191945 0.001650
v -1.611774 -0.191945 0.001650
v -1.592662 -0.278940 0.001650
v -1.785325 -0.378951 0.001650
v -1.813444 -0.259662 0.001650
v -1.785325 -0.259662 0.001650
v -1.813444 -0.299425 0.001650
v -1.671171 -0.314034 0.001650
v -1.688142 -0.395427 0.001650
v -1.682540 -0.312167 0.001650
v -1.541970 -0.314034 0.001650
v -1.528569 -0.353797 0.001650
v -1.429437 -0.378951 0.001650
v -1.401318 -0.259662 0.001650
v -1.387258 -0.319306 0.001650
v -1.415377 -0.279544 0.001650
v -1.855623 -0.399107 0.001650
v -1.841564 -0.525205 0.001650
v -1.869683 -0.388122 0.001650
v -1.698659 -0.550084 0.001650
v -1.729854 -0.514276 0.001650
v -1.661093 -0.442659 0.001650
v -1.742376 -0.550084 0.001650
v -1.526592 -0.469790 0.001650
v -1.490015 -0.541516 0.001650
v -1.539004 -0.469680 0.001650
v -1.405272 -0.612859 0.001650
v -1.447451 -0.559476 0.001650
v -1.455799 -0.577270 0.001650
v -1.331019 -0.492252 0.001650
v -1.359138 -0.399107 0.001650
v -1.331019 -0.319581 0.001650
v -1.359138 -0.456664 0.001650
v -1.356986 0.309974 0.000000
v -1.356986 0.210018 0.000000
v -1.356986 0.369947 0.000000
v -1.430580 0.240004 0.000000
v -1.324253 0.579855 0.000000
v -1.365773 0.531415 0.000000
v -1.360501 0.628295 0.000000
v -1.427944 0.418388 0.000000
v -1.362600 0.700083 0.000000
v -1.399019 0.704818 0.000000
v -1.328964 0.713508 0.000000
v -1.402558 0.732474 0.000000
v -1.407294 0.768893 0.000000
v -1.402558 0.804075 0.000000
v -1.435779 0.795279 0.000000
v -1.316320 0.810283 0.000000
v -1.414445 0.822699 0.000000
v -1.362600 0.835961 0.000000
v -1.380809 0.835961 0.000000
v -0.620387 0.743190 0.000000
v -0.662566 0.710237 0.000000
v -0.662566 0.422452 0.000000
v -0.687610 0.369069 0.000000
v -0.840949 0.601494 0.000000
v -0.930910 0.601823 0.000000
v -1.077878 0.369069 0.000000
v -0.967487 0.601494 0.000000
v -1.144991 0.710237 0.000000
v -1.187171 0.455404 0.000000
v -0.662566 0.829525 0.000000
v -0.732865 0.571068 0.000000
v -0.924978 0.720782 0.000000
v -1.038500 0.571068 0.000000
v -1.074692 0.769881 0.000000
v -1.144991 0.829525 0.000000
v -0.912456 0.829525 0.000000
v -0.255842 0.368011 0.000000
v -0.353284 0.391200 0.000000
v -0.385667 0.383470 0.000000
v -0.418945 0.454224 0.000000
v -0.483809 0.454224 0.000000
v -0.136757 0.412208 0.000000
v -0.125269 0.473516 0.000000
v -0.191076 0.410491 0.000000
v -0.451328 0.473516 0.000000
v -0.108825 0.477706 0.000000
v -0.238894 0.480936 0.000000
v -0.304669 0.472556 0.000000
v -0.467772 0.477706 0.000000
v -0.491839 0.570754 0.000000
v -0.529763 0.568281 0.000000
v -0.062878 0.506249 0.000000
v -0.084611 0.570754 0.000000
v -0.073635 0.582219 0.000000
v -0.189522 0.519519 0.000000
v -0.364976 0.496591 0.000000
v -0.502815 0.582219 0.000000
v -0.069640 0.599297 0.000000
v -0.166561 0.582219 0.000000
v -0.401899 0.548062 0.000000
v -0.506810 0.599297 0.000000
v -0.046736 0.630313 0.000000
v -0.093854 0.692345 0.000000
v -0.097849 0.709424 0.000000
v -0.174551 0.650532 0.000000
v -0.409889 0.616375 0.000000
v -0.502815 0.616375 0.000000
v -0.478748 0.709424 0.000000
v -0.513718 0.692345 0.000000
v -0.108825 0.720888 0.000000
v -0.211474 0.702003 0.000000
v -0.386928 0.679075 0.000000
v -0.467772 0.720888 0.000000
v -0.125269 0.725078 0.000000
v -0.271781 0.726038 0.000000
v -0.304669 0.726038 0.000000
v -0.451328 0.725078 0.000000
v -0.092886 0.744370 0.000000
v -0.191076 0.788103 0.000000
v -0.385667 0.788103 0.000000
v -0.440035 0.786386 0.000000
v -0.353284 0.807394 0.000000
v -0.255842 0.830583 0.000000
v -0.320706 0.830583 0.000000
v 0.452329 0.556129 -0.000000
v 0.374011 0.522957 -0.000000
v 0.364785 0.436621 -0.000000
v 0.233304 0.436621 -0.000000
v 0.366597 0.369069 -0.000000
v 0.155865 0.436621 0.000000
v 0.155865 0.568761 0.000000
v 0.081722 0.435138 0.000000
v 0.381700 0.597100 -0.000000
v 0.200351 0.675637 0.000000
v 0.155865 0.721441 0.000000
v 0.428595 0.611591 -0.000000
v 0.341803 0.635301 -0.000000
v 0.460229 0.614829 -0.000000
v 0.438456 0.658188 -0.000000
v 0.441475 0.668676 -0.000000
v 0.352608 0.679937 -0.000000
v 0.476697 0.672321 -0.000000
v 0.461295 0.701360 -0.000000
v 0.506835 0.709114 -0.000000
v 0.497803 0.721441 -0.000000
v 0.551845 0.921353 -0.000000
v 0.541300 0.782953 -0.000000
v 0.507359 0.915751 -0.000000
v 0.398616 0.761973 -0.000000
v 0.287676 0.761973 0.000000
v 0.233633 0.721441 0.000000
v 0.213532 0.761973 0.000000
v 0.162456 0.761973 0.000000
v 0.051076 0.721441 0.000000
v 0.044486 0.761973 0.000000
v 0.044486 0.915751 0.000000
v -0.000000 0.767575 0.000000
v 0.507359 0.967487 -0.000000
v 0.044486 0.967487 0.000000
v 0.868060 0.368011 -0.000000
v 0.770618 0.391200 -0.000000
v 0.738235 0.383470 -0.000000
v 0.704957 0.454224 -0.000000
v 0.640093 0.454224 -0.000000
v 0.987144 0.412208 -0.000000
v 0.998633 0.473516 -0.000000
v 0.932826 0.410491 -0.000000
v 0.672574 0.473516 -0.000000
v 1.015077 0.477706 -0.000000
v 0.885008 0.480936 -0.000000
v 0.819233 0.472556 -0.000000
v 0.656130 0.477706 -0.000000
v 0.632062 0.570754 -0.000000
v 0.594139 0.568281 -0.000000
v 1.061023 0.506249 -0.000000
v 1.039291 0.570754 -0.000000
v 1.050267 0.582219 -0.000000
v 0.934380 0.519519 -0.000000
v 0.758926 0.496591 -0.000000
v 0.621086 0.582219 -0.000000
v 1.054262 0.599297 -0.000000
v 0.957341 0.582219 -0.000000
v 0.722002 0.548062 -0.000000
v 0.617091 0.599297 -0.000000
v 1.077166 0.630313 -0.000000
v 1.030048 0.692345 -0.000000
v 1.026053 0.709424 -0.000000
v 0.949351 0.650532 -0.000000
v 0.714013 0.616375 -0.000000
v 0.621086 0.616375 -0.000000
v 0.645154 0.709424 -0.000000
v 0.610183 0.692345 -0.000000
v 1.015077 0.720888 -0.000000
v 0.912428 0.702003 -0.000000
v 0.736974 0.679075 -0.000000
v 0.656130 0.720888 -0.000000
v 0.998633 0.725078 -0.000000
v 0.852120 0.726038 -0.000000
v 0.819233 0.726038 -0.000000
v 0.672574 0.725078 -0.000000
v 1.031016 0.744370 -0.000000
v 0.932826 0.788103 -0.000000
v 0.738235 0.788103 -0.000000
v 0.683867 0.786386 -0.000000
v 0.770618 0.807394 -0.000000
v 0.868060 0.830583 -0.000000
v 0.803196 0.830583 -0.000000
v 1.447276 0.743190 -0.000000
v 1.402790 0.697386 -0.000000
v 1.402790 0.409600 -0.000000
v 1.385984 0.369069 -0.000000
v 1.159435 0.477153 -0.000000
v 1.120387 0.409600 -0.000000
v 1.402790 0.829525 -0.000000
v 1.328647 0.543223 -0.000000
v -0.666081 -0.256810 0.000000
v -0.710567 -0.343146 0.000000
v -0.755053 -0.420914 0.000000
v -0.784710 -0.536028 0.000000
v -0.695738 -0.229130 0.000000
v -0.784710 -0.479569 0.000000
v -0.832162 -0.479569 0.000000
v -0.832162 -0.504394 0.000000
v -0.908758 -0.463362 0.000000
v -0.924575 -0.488186 0.000000
v -0.959871 -0.419327 0.000000
v -1.001220 -0.438749 0.000000
v -0.800527 -0.405097 0.000000
v -0.975688 -0.419327 0.000000
v -0.985818 -0.417187 0.000000
v -1.004418 -0.352210 0.000000
v -1.036858 -0.359093 0.000000
v -0.695738 -0.195299 0.000000
v -0.784710 -0.371265 0.000000
v -0.922061 -0.328557 0.000000
v -1.011033 -0.328557 0.000000
v -0.992433 -0.263580 0.000000
v -1.024458 -0.272457 0.000000
v -0.908343 -0.296028 0.000000
v -0.878368 -0.276191 0.000000
v -0.975688 -0.255541 0.000000
v -0.711555 -0.195299 0.000000
v -0.832162 -0.269772 0.000000
v -0.930214 -0.230717 0.000000
v -0.879101 -0.186682 0.000000
v -0.967145 -0.206763 0.000000
v -1.118025 -0.630931 0.000000
v -1.214411 -0.587764 0.000000
v -0.164323 -0.213642 0.000000
v -0.193981 -0.261643 0.000000
v -0.193981 -0.606986 -0.000000
v -0.366652 -0.606986 0.000000
v -0.207491 -0.630931 -0.000000
v -0.432386 -0.594879 0.000000
v -0.460286 -0.618824 0.000000
v -0.476445 -0.561975 0.000000
v -0.526256 -0.581885 0.000000
v -0.366652 -0.535149 0.000000
v -0.504345 -0.561975 0.000000
v -0.557028 -0.522343 0.000000
v -0.193981 -0.240334 0.000000
v -0.282952 -0.471221 0.000000
v -0.400963 -0.533726 0.000000
v -0.526842 -0.511977 0.000000
v -0.532733 -0.502636 0.000000
v -0.526362 -0.469733 0.000000
v -0.556019 -0.473247 0.000000
v -0.520471 -0.460506 0.000000
v -0.496705 -0.434925 0.000000
v -0.193981 -0.217926 0.000000
v -0.282952 -0.427504 0.000000
v -0.366652 -0.427504 0.000000
v -0.366652 -0.449912 0.000000
v -0.468805 -0.412517 0.000000
v -0.443102 -0.395870 0.000000
v -0.505053 -0.413282 0.000000
v -0.473052 -0.379906 0.000000
v -0.506468 -0.402412 0.000000
v -0.313708 -0.360281 0.000000
v -0.503808 -0.379906 0.000000
v -0.526289 -0.351640 0.000000
v -0.558900 -0.358182 0.000000
v -0.193981 -0.194420 0.000000
v -0.282952 -0.289763 0.000000
v -0.413062 -0.358768 0.000000
v -0.438969 -0.350078 0.000000
v -0.538021 -0.345977 0.000000
v -0.546882 -0.307167 0.000000
v -0.575254 -0.309949 0.000000
v -0.454574 -0.331429 0.000000
v -0.457910 -0.306589 0.000000
v -0.546882 -0.294726 0.000000
v -0.530235 -0.245810 0.000000
v -0.561560 -0.248096 0.000000
v -0.448260 -0.283872 0.000000
v -0.427236 -0.270479 0.000000
v -0.518502 -0.240407 0.000000
v -0.224736 -0.194420 0.000000
v -0.313708 -0.266257 0.000000
v -0.262245 -0.185804 0.000000
v -0.510659 -0.198252 0.000000
v -0.360666 -0.170475 0.000000
v -0.428367 -0.174624 0.000000
v 0.200221 -0.631989 -0.000000
v 0.102779 -0.608800 -0.000000
v 0.070396 -0.616530 -0.000000
v 0.319306 -0.587792 -0.000000
v 0.124715 -0.587792 -0.000000
v 0.330795 -0.526484 -0.000000
v 0.070396 -0.589509 -0.000000
v 0.004735 -0.526484 -0.000000
v -0.027745 -0.545776 -0.000000
v 0.347239 -0.522294 -0.000000
v 0.217170 -0.519064 -0.000000
v 0.151395 -0.527444 -0.000000
v -0.011708 -0.522294 -0.000000
v 0.393185 -0.493751 -0.000000
v 0.371453 -0.429246 -0.000000
v -0.035776 -0.429246 -0.000000
v -0.073700 -0.431719 -0.000000
v 0.382429 -0.417781 -0.000000
v 0.266541 -0.480481 -0.000000
v 0.091087 -0.503409 -0.000000
v -0.046752 -0.417781 -0.000000
v 0.386424 -0.400703 -0.000000
v 0.289502 -0.417781 -0.000000
v 0.054164 -0.451938 -0.000000
v -0.050747 -0.400703 -0.000000
v 0.409328 -0.369687 -0.000000
v 0.362210 -0.307655 -0.000000
v 0.358215 -0.290576 -0.000000
v 0.281512 -0.349468 -0.000000
v 0.046174 -0.383625 -0.000000
v -0.046752 -0.383625 -0.000000
v -0.022684 -0.290576 -0.000000
v -0.057655 -0.307655 -0.000000
v 0.069135 -0.320925 -0.000000
v -0.011708 -0.279112 -0.000000
v 0.347239 -0.279112 -0.000000
v 0.244589 -0.297997 -0.000000
v 0.151395 -0.273962 -0.000000
v 0.004735 -0.274922 -0.000000
v 0.330795 -0.274922 -0.000000
v 0.184282 -0.273962 -0.000000
v 0.363178 -0.255630 -0.000000
v 0.264987 -0.211897 -0.000000
v 0.070396 -0.211897 -0.000000
v 0.016029 -0.213614 -0.000000
v 0.102779 -0.192606 -0.000000
v 0.200221 -0.169417 -0.000000
v 0.135358 -0.169417 -0.000000
v 1.028120 -0.228553 -0.000000
v 0.935852 -0.635105 -0.000000
v 0.981986 -0.789982 -0.000000
v 0.935852 -0.446617 -0.000000
v 0.905097 -0.742860 -0.000000
v 0.554921 -0.695738 -0.000000
v 0.608743 -0.789982 -0.000000
v 0.554921 -0.308546 -0.000000
v 0.508787 -0.731904 -0.000000
v 0.997364 -0.234402 -0.000000
v 0.905097 -0.468366 -0.000000
v 0.802614 -0.468366 -0.000000
v 0.853855 -0.538664 -0.000000
v 0.683051 -0.426186 -0.000000
v 0.631810 -0.468366 -0.000000
v 0.554921 -0.266366 -0.000000
v 0.951230 -0.170475 -0.000000
v 0.905097 -0.378240 -0.000000
v 0.631810 -0.218420 -0.000000
v 1.644422 -0.788453 -0.000000
v 1.553351 -0.771562 -0.000000
v 1.513498 -0.781879 -0.000000
v 1.481758 -0.723622 -0.000000
v 1.411549 -0.728308 -0.000000
v 1.791040 -0.729512 -0.000000
v 1.668188 -0.676105 -0.000000
v 1.641127 -0.704094 -0.000000
v 1.547053 -0.692801 -0.000000
v 1.583927 -0.683468 -0.000000
v 1.498308 -0.684331 -0.000000
v 1.482889 -0.659368 -0.000000
v 1.341429 -0.637441 -0.000000
v 1.739927 -0.656333 -0.000000
v 1.671915 -0.666520 -0.000000
v 1.522204 -0.666951 -0.000000
v 1.443956 -0.635228 -0.000000
v 1.788233 -0.602291 -0.000000
v 1.744134 -0.605888 -0.000000
v 1.882201 -0.604325 -0.000000
v 1.798208 -0.561072 -0.000000
v 1.474492 -0.630175 -0.000000
v 1.417619 -0.597320 -0.000000
v 1.815905 -0.480668 -0.000000
v 1.777932 -0.507469 -0.000000
v 1.902216 -0.439196 -0.000000
v 1.805995 -0.439196 -0.000000
v 1.788640 -0.358328 -0.000000
v 1.766476 -0.399800 -0.000000
v 1.740969 -0.304115 -0.000000
v 1.713020 -0.318631 -0.000000
v 1.453134 -0.359370 -0.000000
v 1.361526 -0.344212 -0.000000
v 1.352153 -0.357425 -0.000000
v 1.409710 -0.268177 -0.000000
v 1.369801 -0.276338 -0.000000
v 1.494874 -0.311300 -0.000000
v 1.423331 -0.259747 -0.000000
v 1.845587 -0.286785 -0.000000
v 1.714070 -0.276118 -0.000000
v 1.642672 -0.256322 -0.000000
v 1.625732 -0.280764 -0.000000
v 1.552285 -0.283050 -0.000000
v 1.439880 -0.256786 -0.000000
v 1.480619 -0.238943 -0.000000
v 1.554286 -0.189563 -0.000000
v 1.459529 -0.201613 -0.000000
v 1.645968 -0.171963 -0.000000
v 1.575767 -0.167554 -0.000000
v 1.028120 -0.538307 -0.000000
v 1.028120 -0.383430 -0.000000
v 1.028120 -0.693184 -0.000000
v 1.028120 -0.305992 -0.000000
v 0.920475 -0.789982 -0.000000
v 0.905097 -0.617201 -0.000000
v 1.012742 -0.170475 -0.000000
v 0.905097 -0.250384 -0.000000
v 1.028120 -0.615746 -0.000000
v 1.028120 -0.460869 -0.000000
v 1.028120 -0.770623 -0.000000
v 0.951230 -0.202439 -0.000000
v 0.905097 -0.680031 -0.000000
v 0.905097 -0.314312 -0.000000
v 0.905097 -0.554372 -0.000000
v 0.905097 -0.186457 -0.000000
v 0.631810 -0.617201 -0.000000
v 0.508787 -0.422150 -0.000000
v 0.717212 -0.538664 -0.000000
v 0.819695 -0.426186 -0.000000
v 0.631810 -0.346276 -0.000000
v 0.608743 -0.250384 -0.000000
v 0.616432 -0.570079 -0.000000
v 0.616432 -0.492641 -0.000000
v 0.508787 -0.577027 -0.000000
v 0.905097 -0.524605 -0.000000
v 0.665971 -0.524605 -0.000000
v 0.785534 -0.538664 -0.000000
v 0.631810 -0.524605 -0.000000
v 0.616432 -0.394222 -0.000000
v 0.562610 -0.170475 -0.000000
v 0.631810 -0.554372 -0.000000
v 0.516476 -0.789982 -0.000000
v 0.508787 -0.267273 -0.000000
v 0.648891 -0.538664 -0.000000
v 0.888016 -0.426186 -0.000000
v 0.631810 -0.410204 -0.000000
v 0.577988 -0.186457 -0.000000
v 0.577988 -0.774275 -0.000000
v 0.597210 -0.672177 -0.000000
v 0.551077 -0.766421 -0.000000
v 0.597210 -0.290339 -0.000000
v 0.551077 -0.194448 -0.000000
v 0.589521 -0.258375 -0.000000
v 0.616432 -0.450461 -0.000000
v 0.616432 -0.436402 -0.000000
v 0.570299 -0.340510 -0.000000
v 0.708672 -0.461336 -0.000000
v 0.811154 -0.433216 -0.000000
v 0.742833 -0.461336 -0.000000
v 0.708672 -0.433216 -0.000000
v 0.811154 -0.517575 -0.000000
v 0.776994 -0.489455 -0.000000
v 0.828235 -0.503515 -0.000000
v 0.725752 -0.531634 -0.000000
v 0.531854 -0.529904 -0.000000
v 0.562610 -0.389636 -0.000000
v 0.547232 -0.537209 -0.000000
v 0.624121 -0.742860 -0.000000
v 0.601055 -0.774275 -0.000000
v 0.508787 -0.654465 -0.000000
v 0.508787 -0.344711 -0.000000
v 0.508787 -0.499588 -0.000000
v 0.508787 -0.189834 -0.000000
v -0.164323 -0.443871 -0.000000
v -0.322605 -0.630931 0.000000
v -0.164323 -0.328757 -0.000000
v -0.265048 -0.630931 -0.000000
v -0.164323 -0.558985 -0.000000
v -0.380162 -0.630931 0.000000
v -0.164323 -0.271199 0.000000
v -0.164323 -0.501428 -0.000000
v -0.164323 -0.386314 -0.000000
v -0.164323 -0.616542 -0.000000
v -0.239840 -0.170475 0.000000
v -0.300253 -0.170475 0.000000
v -0.179427 -0.170475 0.000000
v -0.666081 -0.487039 0.000000
v -0.666081 -0.371924 0.000000
v -0.777296 -0.630931 0.000000
v -0.706860 -0.472649 0.000000
v -0.721688 -0.415092 0.000000
v -0.699445 -0.415092 0.000000
v -0.673495 -0.544596 0.000000
v -1.095782 -0.443871 0.000000
v -1.214411 -0.357535 0.000000
v -1.177340 -0.487039 0.000000
v -1.177340 -0.630931 0.000000
v -1.214411 -0.472649 0.000000
v -1.095782 -0.558985 0.000000
v -1.203290 -0.451066 0.000000
v -1.173632 -0.278394 0.000000
v -1.166218 -0.379119 0.000000
v -1.106904 -0.350341 0.000000
v -1.136561 -0.523012 0.000000
v -1.095782 -0.271199 0.000000
v -1.147682 -0.371924 0.000000
v -1.147682 -0.630931 0.000000
v -1.214411 -0.530207 0.000000
v -1.214411 -0.299978 0.000000
v -1.214411 -0.415092 0.000000
v -1.095782 -0.616542 0.000000
v -1.214411 -0.184864 0.000000
v -1.158804 -0.192058 0.000000
v -1.181047 -0.350341 0.000000
v -1.151390 -0.407898 0.000000
v -1.156950 -0.505025 0.000000
v -1.116171 -0.339549 0.000000
v -1.123586 -0.296381 0.000000
v -1.186607 -0.188461 0.000000
v -1.186607 -0.246018 0.000000
v -1.153243 -0.296381 0.000000
v -1.164364 -0.260408 0.000000
v -1.197729 -0.497831 0.000000
v -1.175486 -0.397106 0.000000
v -1.201436 -0.332354 0.000000
v -1.112464 -0.562582 0.000000
v -1.116171 -0.540999 0.000000
v 1.447276 0.512961 -0.000000
v 1.222539 0.369069 -0.000000
v 1.328647 0.719409 -0.000000
v 1.343475 0.521199 -0.000000
v 1.343475 0.463642 -0.000000
v 1.302614 0.463642 -0.000000
v 1.120387 0.463642 -0.000000
v 1.343475 0.829525 -0.000000
v 1.328647 0.631316 -0.000000
v 1.447276 0.397847 -0.000000
v 1.140817 0.369069 -0.000000
v 1.315630 0.477153 -0.000000
v 1.328647 0.807502 -0.000000
v 1.350890 0.664351 -0.000000
v 1.380547 0.796491 -0.000000
v 1.365718 0.686374 -0.000000
v 1.336061 0.730421 -0.000000
v 1.204992 0.443377 -0.000000
v 1.178960 0.470398 -0.000000
v 1.312665 0.389334 -0.000000
v 1.242146 0.416355 -0.000000
v 1.318267 0.402845 -0.000000
v 1.425033 0.547616 -0.000000
v 1.395375 0.632195 -0.000000
v 1.425033 0.605174 -0.000000
v 1.395375 0.459523 -0.000000
v 0.191289 0.369069 -0.000000
v 0.285534 0.477153 -0.000000
v 0.081722 0.611325 0.000000
v 0.200351 0.553493 0.000000
v 0.551845 0.798330 -0.000000
v 0.322386 0.721441 0.000000
v -0.000000 0.890597 0.000000
v 0.446177 0.498572 -0.000000
v 0.440356 0.584029 -0.000000
v 0.418827 0.382579 -0.000000
v 0.112039 0.382579 0.000000
v 0.278943 0.369069 -0.000000
v 0.096551 0.382579 0.000000
v 0.096551 0.690905 0.000000
v 0.441894 0.598858 -0.000000
v 0.096551 0.721441 0.000000
v 0.551845 0.859842 -0.000000
v 0.426296 0.816015 -0.000000
v 0.404108 0.816015 0.000000
v 0.278010 0.721441 0.000000
v 0.389279 0.816015 0.000000
v 0.379064 0.816015 0.000000
v 0.010215 0.721441 0.000000
v 0.103800 0.816015 0.000000
v 0.103800 0.846771 0.000000
v 0.448045 0.967487 0.000000
v 0.103800 0.967487 0.000000
v 0.433875 0.383458 -0.000000
v 0.103636 0.369069 0.000000
v 0.316509 0.477153 -0.000000
v 0.081722 0.699418 0.000000
v 0.335786 0.588368 -0.000000
v 0.200351 0.492421 0.000000
v 0.551845 0.736819 -0.000000
v 0.366762 0.721441 -0.000000
v 0.413554 0.829525 0.000000
v -0.000000 0.952109 0.000000
v 0.433216 0.958864 0.000000
v 0.096386 0.902817 0.000000
v 0.066729 0.954553 0.000000
v 0.455459 0.902817 -0.000000
v 0.485116 0.954553 -0.000000
v 0.022243 0.826285 0.000000
v 0.051900 0.884062 0.000000
v 0.037072 0.824418 0.000000
v 0.170035 0.795749 0.000000
v 0.317662 0.822770 0.000000
v 0.209358 0.795749 0.000000
v 0.199692 0.822770 0.000000
v 0.203317 0.761973 0.000000
v 0.247254 0.775483 0.000000
v 0.084798 0.734952 0.000000
v 0.272847 0.761973 0.000000
v 0.301955 0.775483 0.000000
v 0.170145 0.734952 0.000000
v 0.318871 0.768728 0.000000
v 0.178108 0.606931 0.000000
v 0.148451 0.698539 0.000000
v 0.178108 0.637467 0.000000
v 0.148451 0.606931 0.000000
v 0.353361 0.540834 -0.000000
v 0.388071 0.586198 -0.000000
v 0.369178 0.548687 -0.000000
v 0.340619 0.562637 -0.000000
v 0.103965 0.510462 0.000000
v 0.133622 0.581530 0.000000
v 0.118794 0.501950 0.000000
v 0.198127 0.443377 0.000000
v 0.274247 0.470398 -0.000000
v 0.291548 0.389334 -0.000000
v 0.220700 0.416355 -0.000000
v 0.299950 0.402845 -0.000000
v 0.420529 0.468475 -0.000000
v 0.396584 0.524275 -0.000000
v 0.423605 0.497254 -0.000000
v 0.387357 0.437939 -0.000000
v -0.980997 0.458590 0.000000
v -0.732865 0.730119 0.000000
v -0.782184 0.610830 0.000000
v -0.981821 0.730119 0.000000
v -1.074692 0.610830 0.000000
v -0.620387 0.628076 0.000000
v -0.718805 0.551186 0.000000
v -0.718805 0.493629 0.000000
v -0.741213 0.493629 0.000000
v -0.777241 0.369069 0.000000
v -0.734842 0.511424 0.000000
v -0.755053 0.493629 0.000000
v -0.767135 0.529438 0.000000
v -0.841938 0.494398 0.000000
v -1.165312 0.369069 0.000000
v -1.041301 0.529438 0.000000
v -1.075681 0.493629 0.000000
v -1.088752 0.551186 0.000000
v -1.187171 0.570518 0.000000
v -0.718805 0.829525 0.000000
v -0.732865 0.650593 0.000000
v -0.860940 0.807777 0.000000
v -0.942113 0.807777 0.000000
v -1.010160 0.650593 0.000000
v -1.074692 0.690356 0.000000
v -1.088752 0.829525 0.000000
v -0.867201 0.829525 0.000000
v -0.620387 0.397847 0.000000
v -0.890268 0.637632 0.000000
v -1.006041 0.386973 0.000000
v -1.187171 0.800747 0.000000
v -0.732865 0.809644 0.000000
v -0.755382 0.531305 0.000000
v -0.953482 0.809644 0.000000
v -1.074692 0.531305 0.000000
v -0.895321 0.742531 0.000000
v -0.888291 0.764279 0.000000
v -0.922232 0.764279 0.000000
v -1.095782 0.680415 0.000000
v -1.123902 0.799703 0.000000
v -1.095782 0.720178 0.000000
v -1.123902 0.680415 0.000000
v -0.993107 0.647792 0.000000
v -0.942031 0.723583 0.000000
v -0.981739 0.645925 0.000000
v -0.813214 0.647792 0.000000
v -0.863522 0.723583 0.000000
v -0.826615 0.687555 0.000000
v -0.823319 0.604295 0.000000
v -0.711775 0.680415 0.000000
v -0.683656 0.799703 0.000000
v -0.697715 0.700297 0.000000
v -0.725835 0.740059 0.000000
v -1.166081 0.554042 0.000000
v -1.137961 0.647188 0.000000
v -1.152021 0.543058 0.000000
v -1.180141 0.680141 0.000000
v -1.010655 0.467542 0.000000
v -1.041850 0.503350 0.000000
v -0.998133 0.503350 0.000000
v -1.079416 0.395925 0.000000
v -0.823319 0.494233 0.000000
v -0.822660 0.565630 0.000000
v -0.810907 0.494123 0.000000
v -0.859897 0.565960 0.000000
v -0.684974 0.422452 0.000000
v -0.699033 0.440246 0.000000
v -0.724077 0.386863 0.000000
v -0.641476 0.554042 0.000000
v -0.669596 0.647188 0.000000
v -0.641476 0.611599 0.000000
v -0.669596 0.474517 0.000000
v -1.430580 0.319969 0.000000
v -1.317223 0.450681 0.000000
v -1.420914 0.547562 0.000000
v -1.415861 0.230009 0.000000
v -1.415861 0.210018 0.000000
v -1.415861 0.369947 0.000000
v -1.417619 0.402241 0.000000
v -1.405316 0.628295 0.000000
v -1.424429 0.482974 0.000000
v -1.313708 0.386094 0.000000
v -1.417399 0.612149 0.000000
v -1.406305 0.507195 0.000000
v -1.378625 0.604075 0.000000
v -1.339741 0.458754 0.000000
v -1.370936 0.491048 0.000000
v -1.341498 0.491048 0.000000
v -1.365663 0.394167 0.000000
v -1.379064 0.354954 0.000000
v -1.334908 0.264993 0.000000
v -1.364345 0.284985 0.000000
v -1.334908 0.284985 0.000000
v -1.364345 0.225011 0.000000
v -1.323989 -0.198975 0.001650
v -1.366168 -0.289484 0.001650
v -1.366168 -0.577270 0.001650
v -1.478207 -0.577270 0.001650
v -1.346397 -0.630653 0.001650
v -1.544551 -0.398228 0.001650
v -1.509292 -0.612749 0.001650
v -1.621990 -0.362090 0.001650
v -1.737763 -0.630653 0.001650
v -1.671089 -0.398228 0.001650
v -1.776427 -0.488298 0.001650
v -1.848593 -0.289484 0.001650
v -1.890773 -0.601875 0.001650
v -1.366168 -0.170196 0.001650
v -1.436467 -0.468417 0.001650
v -1.552789 -0.190078 0.001650
v -1.628580 -0.278940 0.001650
v -1.756271 -0.468417 0.001650
v -1.778295 -0.190078 0.001650
v -1.876713 -0.170196 0.001650
v -1.601889 -0.344186 0.001650
v -1.638686 -0.170196 0.001650
v -1.323989 -0.429203 0.001650
v -1.557623 -0.469515 0.001650
v -1.422407 -0.448535 0.001650
v -1.422407 -0.506092 0.001650
v -1.444815 -0.506092 0.001650
v -1.436028 -0.630653 0.001650
v -1.470738 -0.470284 0.001650
v -1.533457 -0.541132 0.001650
v -1.647034 -0.433707 0.001650
v -1.825197 -0.630653 0.001650
v -1.744903 -0.470284 0.001650
v -1.779283 -0.506092 0.001650
v -1.792354 -0.506092 0.001650
v -1.792354 -0.448535 0.001650
v -1.890773 -0.486760 0.001650
v -1.422407 -0.170196 0.001650
v -1.436467 -0.388891 0.001650
v -1.525988 -0.269603 0.001650
v -1.564543 -0.191945 0.001650
v -1.645716 -0.191945 0.001650
v -1.727932 -0.388891 0.001650
v -1.778295 -0.269603 0.001650
v -1.820474 -0.170196 0.001650
v -1.593431 -0.170196 0.001650
v -1.323989 -0.544317 0.001650
v -1.581788 -0.397898 0.001650
v -1.697122 -0.576940 0.001650
v -1.890773 -0.256532 0.001650
v -1.436467 -0.229840 0.001650
v -1.671254 -0.229840 0.001650
v -1.778295 -0.428654 0.001650
v -1.598923 -0.257191 0.001650
v -1.591893 -0.235442 0.001650
v -1.625834 -0.235442 0.001650
v -1.799384 -0.319306 0.001650
v -1.827504 -0.200018 0.001650
v -1.799384 -0.279544 0.001650
v -1.827504 -0.319306 0.001650
v -1.696710 -0.351929 0.001650
v -1.645633 -0.276139 0.001650
v -1.685341 -0.353797 0.001650
v -1.516816 -0.351929 0.001650
v -1.567124 -0.276139 0.001650
v -1.530217 -0.312167 0.001650
v -1.526922 -0.395427 0.001650
v -1.415377 -0.319306 0.001650
v -1.387258 -0.200018 0.001650
v -1.401318 -0.299425 0.001650
v -1.429437 -0.259662 0.001650
v -1.869683 -0.445679 0.001650
v -1.841564 -0.352534 0.001650
v -1.855623 -0.456664 0.001650
v -1.818607 -0.541681 0.001650
v -1.714257 -0.532180 0.001650
v -1.745452 -0.496372 0.001650
v -1.701735 -0.496371 0.001650
v -1.783018 -0.603797 0.001650
v -1.526922 -0.505488 0.001650
v -1.526263 -0.434091 0.001650
v -1.514509 -0.505598 0.001650
v -1.388576 -0.577270 0.001650
v -1.402636 -0.559476 0.001650
v -1.427680 -0.612859 0.001650
v -1.345078 -0.445679 0.001650
v -1.373198 -0.352534 0.001650
v -1.345078 -0.388122 0.001650
v -1.373198 -0.525205 0.001650
v -1.376713 -0.470394 0.001650
v -1.397803 -0.429313 0.001650
v -1.376713 -0.412837 0.001650
v -1.397803 -0.486870 0.001650
v -1.341564 -0.327819 0.001650
v -1.348593 -0.275754 0.001650
v -1.334534 -0.264770 0.001650
v -1.355623 -0.338803 0.001650
v -1.334534 -0.379884 0.001650
v -1.334534 -0.437441 0.001650
v -1.450087 -0.612859 0.001650
v -1.464147 -0.595064 0.001650
v -1.472495 -0.612859 0.001650
v -1.419332 -0.595064 0.001650
v -1.410984 -0.577270 0.001650
v -1.433391 -0.577270 0.001650
v -1.360456 -0.612859 0.001650
v -1.374516 -0.595064 0.001650
v -1.382864 -0.612859 0.001650
v -1.456678 -0.506092 0.001650
v -1.488532 -0.595064 0.001650
v -1.554190 -0.433844 0.001650
v -1.560066 -0.398091 0.001650
v -1.541778 -0.433954 0.001650
v -1.498994 -0.505736 0.001650
v -1.492459 -0.470092 0.001650
v -1.480376 -0.505900 0.001650
v -1.511077 -0.469927 0.001650
v -1.505530 -0.541379 0.001650
v -1.499653 -0.577133 0.001650
v -1.517942 -0.541269 0.001650
v -1.777526 -0.572464 0.001650
v -1.807183 -0.563512 0.001650
v -1.765004 -0.536656 0.001650
v -1.819705 -0.599321 0.001650
v -1.682183 -0.456087 0.001650
v -1.683721 -0.429231 0.001650
v -1.655601 -0.411326 0.001650
v -1.710303 -0.473991 0.001650
v -1.679107 -0.509800 0.001650
v -1.680645 -0.482943 0.001650
v -1.666585 -0.473991 0.001650
v -1.693167 -0.518752 0.001650
v -1.806085 -0.541242 0.001650
v -1.860786 -0.595064 0.001650
v -1.844859 -0.577270 0.001650
v -1.873198 -0.327819 0.001650
v -1.866168 -0.275754 0.001650
v -1.859138 -0.338803 0.001650
v -1.880228 -0.264770 0.001650
v -1.838049 -0.470394 0.001650
v -1.816959 -0.429313 0.001650
v -1.816959 -0.486870 0.001650
v -1.838049 -0.412837 0.001650
v -1.880228 -0.552556 0.001650
v -1.859138 -0.511475 0.001650
v -1.866168 -0.563540 0.001650
v -1.873198 -0.500490 0.001650
v -1.418892 -0.244751 0.001650
v -1.411862 -0.195048 0.001650
v -1.404832 -0.224870 0.001650
v -1.425922 -0.214929 0.001650
v -1.383743 -0.274573 0.001650
v -1.362653 -0.204989 0.001650
v -1.362653 -0.244751 0.001650
v -1.383743 -0.234811 0.001650
v -1.425922 -0.413743 0.001650
v -1.404833 -0.344158 0.001650
v -1.411862 -0.393862 0.001650
v -1.418892 -0.364040 0.001650
v -1.543261 -0.356131 0.001650
v -1.574291 -0.319169 0.001650
v -1.556661 -0.316368 0.001650
v -1.560890 -0.358932 0.001650
v -1.540679 -0.271937 0.001650
v -1.559957 -0.233108 0.001650
v -1.548204 -0.231241 0.001650
v -1.552432 -0.273805 0.001650
v -1.502125 -0.349595 0.001650
v -1.515526 -0.309833 0.001650
v -1.671213 -0.271937 0.001650
v -1.651359 -0.233108 0.001650
v -1.659844 -0.273805 0.001650
v -1.671130 -0.356131 0.001650
v -1.639908 -0.319169 0.001650
v -1.654077 -0.358932 0.001650
v -1.656961 -0.316368 0.001650
v -1.702353 -0.393093 0.001650
v -1.722207 -0.431922 0.001650
v -1.713721 -0.391225 0.001650
v -1.831019 -0.274573 0.001650
v -1.852108 -0.204989 0.001650
v -1.831019 -0.234811 0.001650
v -1.852108 -0.244751 0.001650
v -1.795869 -0.244751 0.001650
v -1.802899 -0.195048 0.001650
v -1.788840 -0.214929 0.001650
v -1.809929 -0.224870 0.001650
v -1.781810 -0.344158 0.001650
v -1.788840 -0.294455 0.001650
v -1.781810 -0.304395 0.001650
v -1.788840 -0.334217 0.001650
v -1.630118 -0.213694 0.001650
v -1.623088 -0.191945 0.001650
v -1.634402 -0.191945 0.001650
v -1.614521 -0.235442 0.001650
v -1.603207 -0.235442 0.001650
v -1.607491 -0.213694 0.001650
v -1.612983 -0.300688 0.001650
v -1.605953 -0.278940 0.001650
v -1.617267 -0.278940 0.001650
v -1.584863 -0.213694 0.001650
v -1.577833 -0.191945 0.001650
v -1.589147 -0.191945 0.001650
v -1.578602 -0.235442 0.001650
v -1.788840 -0.413743 0.001650
v -1.809929 -0.344158 0.001650
v -1.795869 -0.364040 0.001650
v -1.802899 -0.393862 0.001650
v -1.696751 -0.309833 0.001650
v -1.481200 -0.430054 0.001650
v -1.512230 -0.393093 0.001650
v -1.500477 -0.391225 0.001650
v -1.492953 -0.431922 0.001650
v -1.425922 -0.294455 0.001650
v -1.425922 -0.334217 0.001650
v -1.432952 -0.304395 0.001650
v -1.887258 -0.431949 0.001650
v -1.887258 -0.374392 0.001650
v -1.718211 -0.590369 0.001650
v -1.747869 -0.581416 0.001650
v -1.719749 -0.563512 0.001650
v -1.746331 -0.608273 0.001650
v -1.416695 -0.541681 0.001650
v -1.430755 -0.523887 0.001650
v -1.439103 -0.541681 0.001650
v -1.334534 -0.552556 0.001650
v -1.355623 -0.511475 0.001650
v -1.341564 -0.500490 0.001650
v -1.348593 -0.563540 0.001650
v -1.368025 0.242503 0.000000
v -1.390103 0.247501 0.000000
v -1.390103 0.227510 0.000000
v -1.345947 0.297479 0.000000
v -1.316509 0.277488 0.000000
v -1.412181 0.332464 0.000000
v -1.404822 0.357453 0.000000
v -1.397463 0.342459 0.000000
v -1.419541 0.347457 0.000000
v -1.375384 0.317470 0.000000
v -1.353306 0.352455 0.000000
v -1.353306 0.332464 0.000000
v -1.375384 0.337462 0.000000
v -1.419541 0.247501 0.000000
v -1.412181 0.272490 0.000000
v -1.370881 0.422424 0.000000
v -1.393399 0.430498 0.000000
v -1.372638 0.454718 0.000000
v -1.391641 0.398204 0.000000
v -1.339796 0.527378 0.000000
v -1.348473 0.551598 0.000000
v -1.334633 0.567745 0.000000
v -1.353636 0.511231 0.000000
v -1.322441 0.478938 0.000000
v -1.331118 0.503158 0.000000
v -1.324198 0.511231 0.000000
v -1.329361 0.470864 0.000000
v -1.405811 0.567745 0.000000
v -1.398012 0.608112 0.000000
v -1.393728 0.583892 0.000000
v -1.379119 0.543525 0.000000
v -1.359238 0.600038 0.000000
v -1.360995 0.567745 0.000000
v -1.377362 0.575818 0.000000
v -1.399000 0.487011 0.000000
v -1.406799 0.446644 0.000000
v -0.673111 0.529328 0.000000
v -0.694200 0.570409 0.000000
v -0.673111 0.586885 0.000000
v -0.694200 0.512851 0.000000
v -0.637961 0.671902 0.000000
v -0.644991 0.723967 0.000000
v -0.630931 0.734952 0.000000
v -0.652021 0.660918 0.000000
v -0.630931 0.619837 0.000000
v -0.630931 0.562280 0.000000
v -0.746485 0.386863 0.000000
v -0.760545 0.404657 0.000000
v -0.768893 0.386863 0.000000
v -0.715729 0.404657 0.000000
v -0.707381 0.422452 0.000000
v -0.729789 0.422452 0.000000
v -0.656854 0.386863 0.000000
v -0.670914 0.404657 0.000000
v -0.679262 0.386863 0.000000
v -0.759446 0.475835 0.000000
v -0.778559 0.422452 0.000000
v -0.856464 0.601631 0.000000
v -0.838176 0.565768 0.000000
v -0.795392 0.493986 0.000000
v -0.788857 0.529630 0.000000
v -0.776774 0.493821 0.000000
v -0.807475 0.529795 0.000000
v -0.808463 0.422699 0.000000
v -0.801928 0.458342 0.000000
v -0.796051 0.422589 0.000000
v -1.073924 0.427257 0.000000
v -1.103581 0.436209 0.000000
v -1.061402 0.463066 0.000000
v -1.116103 0.400401 0.000000
v -0.978581 0.543635 0.000000
v -0.980119 0.570491 0.000000
v -0.951999 0.588395 0.000000
v -1.006700 0.525730 0.000000
v -0.975505 0.489922 0.000000
v -0.977043 0.516778 0.000000
v -0.962983 0.525730 0.000000
v -0.989565 0.480970 0.000000
v -1.052175 0.512083 0.000000
v -1.086885 0.493629 0.000000
v -1.143124 0.422452 0.000000
v -1.169596 0.671902 0.000000
v -1.162566 0.723967 0.000000
v -1.155536 0.660918 0.000000
v -1.176626 0.734952 0.000000
v -1.134446 0.529328 0.000000
v -1.113357 0.570409 0.000000
v -1.113357 0.512851 0.000000
v -1.134446 0.586885 0.000000
v -1.176626 0.447166 0.000000
v -1.155536 0.488247 0.000000
v -1.162566 0.436182 0.000000
v -1.169596 0.499231 0.000000
v -0.715290 0.754970 0.000000
v -0.708260 0.804674 0.000000
v -0.701230 0.774852 0.000000
v -0.722320 0.784792 0.000000
v -0.680141 0.725148 0.000000
v -0.659051 0.794733 0.000000
v -0.659051 0.754970 0.000000
v -0.680141 0.764911 0.000000
v -0.722320 0.585979 0.000000
v -0.701230 0.655563 0.000000
v -0.708260 0.605860 0.000000
v -0.715290 0.635682 0.000000
v -0.839658 0.643591 0.000000
v -0.870689 0.680552 0.000000
v -0.853059 0.683353 0.000000
v -0.857288 0.640790 0.000000
v -0.837077 0.727785 0.000000
v -0.856354 0.766614 0.000000
v -0.844601 0.768481 0.000000
v -0.848830 0.725917 0.000000
v -0.798523 0.650126 0.000000
v -0.811923 0.689889 0.000000
v -0.967610 0.727785 0.000000
v -0.947756 0.766614 0.000000
v -0.956242 0.725917 0.000000
v -0.967528 0.643591 0.000000
v -0.936306 0.680552 0.000000
v -0.950475 0.640790 0.000000
v -0.953358 0.683353 0.000000
v -0.998751 0.606629 0.000000
v -1.018605 0.567800 0.000000
v -1.010119 0.608496 0.000000
v -1.127417 0.725148 0.000000
v -1.148506 0.794733 0.000000
v -1.127417 0.764911 0.000000
v -1.148506 0.754970 0.000000
v -1.092267 0.754970 0.000000
v -1.099297 0.804674 0.000000
v -1.085237 0.784792 0.000000
v -1.106327 0.774852 0.000000
v -1.085237 0.705267 0.000000
v -1.085237 0.665504 0.000000
v -0.896090 0.699033 0.000000
v -0.893234 0.677285 0.000000
v -0.926516 0.786028 0.000000
v -0.919486 0.807777 0.000000
v -0.930800 0.807777 0.000000
v -0.910918 0.764279 0.000000
v -0.899605 0.764279 0.000000
v -0.903888 0.786028 0.000000
v -0.909380 0.699033 0.000000
v -0.902351 0.720782 0.000000
v -0.913664 0.720782 0.000000
v 0.386671 0.466498 -0.000000
v 0.367174 0.493959 -0.000000
v 0.389746 0.495277 -0.000000
v 0.364098 0.465180 -0.000000
v 0.430443 0.526252 -0.000000
v 0.425994 0.554591 -0.000000
v 0.441042 0.555470 -0.000000
v 0.415394 0.525373 -0.000000
v 0.434891 0.497913 -0.000000
v 0.431816 0.469134 -0.000000
v 0.201793 0.385957 -0.000000
v 0.162168 0.392712 0.000000
v 0.210196 0.399467 -0.000000
v 0.153765 0.379201 0.000000
v 0.310454 0.419733 -0.000000
v 0.279232 0.439999 -0.000000
v 0.323058 0.439999 -0.000000
v 0.266627 0.419733 -0.000000
v 0.372899 0.379201 -0.000000
v 0.341677 0.399467 -0.000000
v 0.381302 0.392712 -0.000000
v 0.333274 0.385957 -0.000000
v 0.237629 0.467020 -0.000000
v 0.264403 0.473775 -0.000000
v 0.253117 0.467020 -0.000000
v 0.234746 0.446754 -0.000000
v 0.284092 0.467020 -0.000000
v 0.136053 0.406223 0.000000
v 0.185399 0.426488 0.000000
v 0.151540 0.406223 0.000000
v 0.169911 0.426488 0.000000
v 0.100258 0.600684 0.000000
v 0.107672 0.640474 0.000000
v 0.115087 0.592171 0.000000
v 0.092844 0.648987 0.000000
v 0.137330 0.491309 0.000000
v 0.159573 0.522586 0.000000
v 0.159573 0.478540 0.000000
v 0.137330 0.535355 0.000000
v 0.092844 0.428754 0.000000
v 0.115087 0.460031 0.000000
v 0.107672 0.420241 0.000000
v 0.100258 0.468544 0.000000
v 0.352482 0.568528 -0.000000
v 0.361929 0.587283 -0.000000
v 0.368300 0.576381 -0.000000
v 0.346112 0.579429 -0.000000
v 0.388950 0.558504 -0.000000
v 0.414213 0.585114 -0.000000
v 0.412676 0.570285 -0.000000
v 0.390488 0.573333 -0.000000
v 0.363686 0.531895 -0.000000
v 0.144744 0.641284 0.000000
v 0.122501 0.694722 0.000000
v 0.144744 0.671820 0.000000
v 0.122501 0.664186 0.000000
v 0.181816 0.664186 0.000000
v 0.174401 0.702356 0.000000
v 0.189230 0.687088 0.000000
v 0.166987 0.679454 0.000000
v 0.189230 0.626016 0.000000
v 0.196644 0.618382 0.000000
v 0.189230 0.595480 0.000000
v 0.455953 0.850505 -0.000000
v 0.442113 0.823484 -0.000000
v 0.428273 0.796463 -0.000000
v 0.278339 0.738329 0.000000
v 0.247144 0.731574 0.000000
v 0.367750 0.772106 0.000000
v 0.372583 0.792371 0.000000
v 0.394771 0.792371 0.000000
v 0.358084 0.731574 0.000000
v 0.362917 0.751840 0.000000
v 0.376098 0.745085 -0.000000
v 0.344903 0.738329 0.000000
v 0.155316 0.734952 0.000000
v 0.184424 0.748462 0.000000
v 0.140488 0.734952 0.000000
v 0.214082 0.748462 0.000000
v 0.258018 0.761973 0.000000
v 0.243190 0.761973 0.000000
v 0.214631 0.734952 0.000000
v 0.243739 0.748462 0.000000
v 0.199802 0.734952 0.000000
v 0.074582 0.734952 0.000000
v 0.118519 0.748462 0.000000
v 0.064367 0.734952 0.000000
v 0.138950 0.748462 0.000000
v 0.193102 0.761973 0.000000
v 0.182887 0.761973 0.000000
v 0.115444 0.734952 0.000000
v 0.159380 0.748462 0.000000
v 0.105228 0.734952 0.000000
v 0.230393 0.819393 0.000000
v 0.286962 0.826148 0.000000
v 0.269717 0.819393 0.000000
v 0.247638 0.826148 0.000000
v 0.348363 0.819393 0.000000
v 0.313873 0.805882 0.000000
v 0.291795 0.812637 0.000000
v 0.075187 0.758595 0.000000
v 0.166246 0.778861 0.000000
v 0.114510 0.758595 0.000000
v 0.126922 0.778861 0.000000
v 0.018536 0.888263 0.000000
v 0.025950 0.918085 0.000000
v 0.033364 0.886396 0.000000
v 0.011121 0.919953 0.000000
v 0.055607 0.822084 0.000000
v 0.077850 0.850038 0.000000
v 0.077850 0.819283 0.000000
v 0.055607 0.852839 0.000000
v 0.011121 0.766174 0.000000
v 0.033364 0.794129 0.000000
v 0.025950 0.764307 0.000000
v 0.018536 0.795996 0.000000
v 0.451752 0.935152 0.000000
v 0.459166 0.956709 0.000000
v 0.466581 0.943775 0.000000
v 0.444338 0.948086 0.000000
v 0.488823 0.922218 -0.000000
v 0.511066 0.952397 -0.000000
v 0.511066 0.935152 -0.000000
v 0.488823 0.939463 -0.000000
v 0.466581 0.892039 -0.000000
v 0.459166 0.870483 -0.000000
v 0.063022 0.922218 0.000000
v 0.040779 0.952397 0.000000
v 0.063022 0.939463 0.000000
v 0.040779 0.935152 0.000000
v 0.100093 0.935152 0.000000
v 0.092679 0.956709 0.000000
v 0.107508 0.948086 0.000000
v 0.085265 0.943775 0.000000
v 0.107508 0.913596 0.000000
v 1.391668 0.513263 -0.000000
v 1.369426 0.547918 -0.000000
v 1.391668 0.570820 -0.000000
v 1.369426 0.490361 -0.000000
v 1.428740 0.666548 -0.000000
v 1.421326 0.716471 -0.000000
v 1.436154 0.731739 -0.000000
v 1.413911 0.651280 -0.000000
v 1.443569 0.566701 -0.000000
v 1.436154 0.616625 -0.000000
v 1.443569 0.624259 -0.000000
v 1.436154 0.559067 -0.000000
v 1.229542 0.385957 -0.000000
v 1.191482 0.392712 -0.000000
v 1.235144 0.399467 -0.000000
v 1.185880 0.379201 -0.000000
v 1.325269 0.419733 -0.000000
v 1.292811 0.439999 -0.000000
v 1.333672 0.439999 -0.000000
v 1.284408 0.419733 -0.000000
v 1.390186 0.379201 -0.000000
v 1.357727 0.399467 -0.000000
v 1.395787 0.392712 -0.000000
v 1.352125 0.385957 -0.000000
v 1.227771 0.467020 -0.000000
v 1.208246 0.473775 -0.000000
v 1.279836 0.467020 -0.000000
v 1.266819 0.453509 -0.000000
v 1.247295 0.460265 -0.000000
v 1.143165 0.406223 -0.000000
v 1.169198 0.406223 -0.000000
v 1.162689 0.426488 -0.000000
v 1.347183 0.746938 -0.000000
v 1.354597 0.801996 -0.000000
v 1.362011 0.768961 -0.000000
v 1.339768 0.779973 -0.000000
v 1.384254 0.713903 -0.000000
v 1.406497 0.790985 -0.000000
v 1.406497 0.746938 -0.000000
v 1.384254 0.757950 -0.000000
v 1.339768 0.559740 -0.000000
v 1.362011 0.636822 -0.000000
v 1.354597 0.581764 -0.000000
v 1.347183 0.614798 -0.000000
v -1.118952 -0.517616 0.000000
v -1.128220 -0.506824 0.000000
v -1.120806 -0.492435 0.000000
v -1.126366 -0.532005 0.000000
v -1.104123 -0.517616 0.000000
v -1.105977 -0.549992 0.000000
v -1.200509 -0.388112 0.000000
v -1.181973 -0.380918 0.000000
v -1.181973 -0.467253 0.000000
v -1.168998 -0.413294 0.000000
v -1.178266 -0.431280 0.000000
v -1.207924 -0.575173 0.000000
v -1.200509 -0.560784 0.000000
v -1.202363 -0.535603 0.000000
v -1.144902 -0.193857 0.000000
v -1.117098 -0.226233 0.000000
v -1.130073 -0.222636 0.000000
v -1.156023 -0.359334 0.000000
v -1.144902 -0.337750 0.000000
v -1.202363 -0.219038 0.000000
v -1.200509 -0.186662 0.000000
v -1.172706 -0.190260 0.000000
v -1.181973 -0.294582 0.000000
v -1.191242 -0.283790 0.000000
v -1.115245 -0.424086 0.000000
v -1.109684 -0.413294 0.000000
v -1.102270 -0.341347 0.000000
v -1.104123 -0.373723 0.000000
v -1.096709 -0.388112 0.000000
v -1.098562 -0.420488 0.000000
v -1.131927 -0.370126 0.000000
v -1.137488 -0.352139 0.000000
v -1.128220 -0.334153 0.000000
v -1.109684 -0.240622 0.000000
v -1.102270 -0.226233 0.000000
v -1.115245 -0.280193 0.000000
v -1.104123 -0.316166 0.000000
v -1.100416 -0.280193 0.000000
v -1.156024 -0.474448 0.000000
v -1.154170 -0.442072 0.000000
v -1.167145 -0.496032 0.000000
v -1.137488 -0.496032 0.000000
v -1.146756 -0.485240 0.000000
v -1.146756 -0.514019 0.000000
v -1.120806 -0.406099 0.000000
v -1.126366 -0.388112 0.000000
v -1.118952 -0.373723 0.000000
v -1.200509 -0.272998 0.000000
v -1.163438 -0.287387 0.000000
v -1.172706 -0.305374 0.000000
v -1.200509 -0.474448 0.000000
v -1.204216 -0.510421 0.000000
v -0.703153 -0.573374 0.000000
v -0.710567 -0.602153 0.000000
v -0.688324 -0.544596 0.000000
v -0.673495 -0.602153 0.000000
v -0.738371 -0.537401 0.000000
v -0.749492 -0.523012 0.000000
v -0.730956 -0.479844 0.000000
v -0.690177 -0.350341 0.000000
v -0.693885 -0.307173 0.000000
v -0.679056 -0.278394 0.000000
v -0.705006 -0.379119 0.000000
v -0.682763 -0.436676 0.000000
v -0.686470 -0.393508 0.000000
v -0.675349 -0.379119 0.000000
v -0.693885 -0.451066 0.000000
v -0.716128 -0.566180 0.000000
v -0.727249 -0.551790 0.000000
v -0.712420 -0.523012 0.000000
v 0.608743 -0.742860 -0.000000
v 0.616432 -0.774275 -0.000000
v 0.566454 -0.546340 -0.000000
v 0.589521 -0.479858 -0.000000
v 0.589521 -0.557296 -0.000000
v 0.566454 -0.468901 -0.000000
v 0.738563 -0.521090 -0.000000
v 0.712942 -0.514060 -0.000000
v 0.755643 -0.507030 -0.000000
v 0.695862 -0.528120 -0.000000
v 0.849585 -0.485940 -0.000000
v 0.841045 -0.464851 -0.000000
v 0.875206 -0.464851 -0.000000
v 0.815425 -0.485940 -0.000000
v 0.866666 -0.528120 -0.000000
v 0.858126 -0.507030 -0.000000
v 0.883746 -0.514060 -0.000000
v 0.841045 -0.521090 -0.000000
v 0.738563 -0.436731 -0.000000
v 0.781264 -0.429701 -0.000000
v 0.772724 -0.436731 -0.000000
v 0.747103 -0.429701 -0.000000
v 0.781264 -0.457821 -0.000000
v 0.841045 -0.436731 -0.000000
v 0.823965 -0.450791 -0.000000
v 0.798344 -0.443761 -0.000000
v 0.661701 -0.500000 -0.000000
v 0.721482 -0.478910 -0.000000
v 0.695862 -0.500000 -0.000000
v 0.687322 -0.478910 -0.000000
v 0.554921 -0.294486 -0.000000
v 0.554921 -0.280426 -0.000000
v 0.539543 -0.248462 -0.000000
v 0.585677 -0.372474 -0.000000
v 0.601055 -0.404438 -0.000000
v 0.585677 -0.358414 -0.000000
v 0.616432 -0.478581 -0.000000
v 0.616432 -0.464521 -0.000000
v 0.601055 -0.432557 -0.000000
v 0.564532 -0.254380 -0.000000
v 0.537621 -0.198443 -0.000000
v 0.583754 -0.230407 -0.000000
v 0.564532 -0.190452 -0.000000
v 0.622199 -0.310317 -0.000000
v 0.602977 -0.270362 -0.000000
v 0.614510 -0.278353 -0.000000
v 0.610666 -0.302326 -0.000000
v 0.593366 -0.202439 -0.000000
v 0.593366 -0.186457 -0.000000
v 0.608743 -0.218420 -0.000000
v 0.624121 -0.250384 -0.000000
v 0.564532 -0.707519 -0.000000
v 0.537621 -0.762495 -0.000000
v 0.606821 -0.636835 -0.000000
v 0.602977 -0.613274 -0.000000
v 0.618355 -0.597567 -0.000000
v 0.591443 -0.652543 -0.000000
v 0.614510 -0.683958 -0.000000
v 0.610666 -0.660397 -0.000000
v 0.622199 -0.652543 -0.000000
v 0.602977 -0.691811 -0.000000
v 0.583754 -0.731080 -0.000000
v 0.564532 -0.770348 -0.000000
v 1.655048 -0.188106 -0.000000
v 1.615407 -0.177830 -0.000000
v 1.584847 -0.183696 -0.000000
v 1.505175 -0.222483 -0.000000
v 1.599932 -0.210433 -0.000000
v 1.529731 -0.206023 -0.000000
v 1.588655 -0.250529 -0.000000
v 1.629394 -0.232686 -0.000000
v 1.534637 -0.244736 -0.000000
v 1.514817 -0.274295 -0.000000
v 1.531366 -0.271334 -0.000000
v 1.477348 -0.265541 -0.000000
v 1.690271 -0.269519 -0.000000
v 1.707211 -0.245077 -0.000000
v 1.666471 -0.262921 -0.000000
v 1.801748 -0.283229 -0.000000
v 1.774849 -0.255232 -0.000000
v 1.757909 -0.279674 -0.000000
v 1.471026 -0.294116 -0.000000
v 1.484647 -0.285686 -0.000000
v 1.447178 -0.276932 -0.000000
v 1.377587 -0.318867 -0.000000
v 1.417497 -0.310706 -0.000000
v 1.393649 -0.293522 -0.000000
v 1.422598 -0.354317 -0.000000
v 1.431971 -0.341104 -0.000000
v 1.392062 -0.349265 -0.000000
v 1.772750 -0.340257 -0.000000
v 1.800698 -0.325742 -0.000000
v 1.756859 -0.322186 -0.000000
v 1.800210 -0.412240 -0.000000
v 1.822374 -0.370769 -0.000000
v 1.794425 -0.385284 -0.000000
v 1.870143 -0.439196 -0.000000
v 1.860232 -0.397725 -0.000000
v 1.838069 -0.439196 -0.000000
v 1.804107 -0.534271 -0.000000
v 1.842080 -0.507469 -0.000000
v 1.810006 -0.507469 -0.000000
v 1.435177 -0.622592 -0.000000
v 1.426398 -0.609956 -0.000000
v 1.395862 -0.615008 -0.000000
v 1.854203 -0.589908 -0.000000
v 1.864179 -0.548688 -0.000000
v 1.826206 -0.575490 -0.000000
v 1.756029 -0.638319 -0.000000
v 1.800129 -0.634723 -0.000000
v 1.772131 -0.620305 -0.000000
v 1.469912 -0.651321 -0.000000
v 1.456934 -0.643274 -0.000000
v 1.417619 -0.635691 -0.000000
v 1.692101 -0.669514 -0.000000
v 1.760114 -0.659328 -0.000000
v 1.716014 -0.662924 -0.000000
v 1.409141 -0.678033 -0.000000
v 1.446015 -0.668701 -0.000000
v 1.393722 -0.653071 -0.000000
v 1.477682 -0.696487 -0.000000
v 1.530805 -0.689978 -0.000000
v 1.514556 -0.687154 -0.000000
v 1.628954 -0.728406 -0.000000
v 1.588004 -0.710603 -0.000000
v 1.534881 -0.717113 -0.000000
v 1.750090 -0.711710 -0.000000
v 1.777151 -0.683721 -0.000000
v 1.709139 -0.693907 -0.000000
v 1.529486 -0.755582 -0.000000
v 1.599696 -0.750895 -0.000000
v 1.505622 -0.739602 -0.000000
v 1.614065 -0.782822 -0.000000
v 1.653917 -0.772505 -0.000000
v 1.583708 -0.777192 -0.000000
v 0.618355 -0.366254 -0.000000
v 0.591443 -0.310317 -0.000000
v 0.606821 -0.326299 -0.000000
v 0.602977 -0.350272 -0.000000
v 0.912786 -0.242393 -0.000000
v 0.928163 -0.194448 -0.000000
v 0.928163 -0.226411 -0.000000
v 0.912786 -0.210429 -0.000000
v 0.616432 -0.422342 -0.000000
v 0.616432 -0.408282 -0.000000
v 0.601055 -0.376318 -0.000000
v 0.653161 -0.450791 -0.000000
v 0.695862 -0.443761 -0.000000
v 0.678781 -0.457821 -0.000000
v 0.670241 -0.436731 -0.000000
v 0.764183 -0.528120 -0.000000
v 0.798344 -0.528120 -0.000000
v 0.920475 -0.457491 -0.000000
v 0.951230 -0.351384 -0.000000
v 0.951230 -0.379504 -0.000000
v 0.920475 -0.429372 -0.000000
v 0.616432 -0.711446 -0.000000
v 0.200124 -0.184876 -0.000000
v 0.167741 -0.177146 -0.000000
v 0.135260 -0.184876 -0.000000
v 0.167741 -0.231189 -0.000000
v 0.200124 -0.211897 -0.000000
v 0.135260 -0.211897 -0.000000
v 0.026622 -0.253914 -0.000000
v 0.080990 -0.252197 -0.000000
v 0.048509 -0.232905 -0.000000
v 0.308859 -0.253914 -0.000000
v 0.286923 -0.232905 -0.000000
v 0.254540 -0.252197 -0.000000
v 0.255045 -0.279869 -0.000000
v 0.292920 -0.277395 -0.000000
v 0.238601 -0.275679 -0.000000
v 0.080583 -0.279869 -0.000000
v 0.097027 -0.275679 -0.000000
v 0.042659 -0.277395 -0.000000
v 0.293440 -0.306988 -0.000000
v 0.320339 -0.293050 -0.000000
v 0.282464 -0.295523 -0.000000
v 0.042187 -0.306988 -0.000000
v 0.053163 -0.295523 -0.000000
v 0.015240 -0.293050 -0.000000
v -0.038729 -0.352609 -0.000000
v -0.003759 -0.335530 -0.000000
v -0.030707 -0.321592 -0.000000
v 0.015199 -0.383625 -0.000000
v 0.019194 -0.366546 -0.000000
v -0.015777 -0.383625 -0.000000
v 0.312406 -0.352609 -0.000000
v 0.335311 -0.321592 -0.000000
v 0.308411 -0.335530 -0.000000
v 0.378352 -0.369687 -0.000000
v 0.370281 -0.338671 -0.000000
v 0.347377 -0.369687 -0.000000
v 0.019194 -0.434860 -0.000000
v 0.015199 -0.417781 -0.000000
v -0.015776 -0.417781 -0.000000
v 0.316483 -0.434860 -0.000000
v 0.351453 -0.417781 -0.000000
v 0.320478 -0.417781 -0.000000
v 0.045141 -0.474867 -0.000000
v 0.034165 -0.463402 -0.000000
v -0.000805 -0.446324 -0.000000
v 0.290536 -0.474867 -0.000000
v 0.336482 -0.446324 -0.000000
v 0.301512 -0.463402 -0.000000
v -0.019731 -0.491278 -0.000000
v 0.018193 -0.488804 -0.000000
v -0.027753 -0.460262 -0.000000
v 0.355310 -0.491278 -0.000000
v 0.363381 -0.460262 -0.000000
v 0.317435 -0.488804 -0.000000
v 0.097027 -0.525727 -0.000000
v 0.080583 -0.521537 -0.000000
v 0.042659 -0.524011 -0.000000
v 0.238601 -0.525727 -0.000000
v 0.292920 -0.524011 -0.000000
v 0.255045 -0.521537 -0.000000
v 0.048509 -0.568501 -0.000000
v 0.080990 -0.549209 -0.000000
v 0.026622 -0.547492 -0.000000
v 0.157196 -0.568501 -0.000000
v 0.243995 -0.547492 -0.000000
v 0.189677 -0.549209 -0.000000
v 0.254443 -0.587792 -0.000000
v 0.276378 -0.566784 -0.000000
v 0.189579 -0.587792 -0.000000
v 0.167741 -0.624260 -0.000000
v 0.200124 -0.616530 -0.000000
v 0.135260 -0.616530 -0.000000
v -0.442972 -0.205282 0.000000
v -0.345050 -0.189953 0.000000
v -0.427854 -0.194103 0.000000
v -0.383071 -0.233695 0.000000
v -0.322658 -0.209749 0.000000
v -0.420580 -0.225078 0.000000
v -0.284051 -0.242311 0.000000
v -0.254394 -0.218366 0.000000
v -0.314807 -0.242311 0.000000
v -0.457658 -0.260455 0.000000
v -0.469391 -0.265858 0.000000
v -0.541333 -0.278421 0.000000
v -0.510008 -0.276134 0.000000
v -0.535784 -0.262115 0.000000
v -0.485899 -0.296394 0.000000
v -0.485899 -0.321275 0.000000
v -0.540975 -0.333040 0.000000
v -0.512603 -0.330258 0.000000
v -0.543929 -0.320104 0.000000
v -0.453167 -0.355888 0.000000
v -0.253295 -0.289323 0.000000
v -0.223638 -0.241872 0.000000
v -0.253295 -0.265817 0.000000
v -0.511301 -0.370484 0.000000
v -0.478691 -0.363943 0.000000
v -0.518795 -0.361062 0.000000
v -0.377075 -0.366823 0.000000
v -0.453085 -0.390549 0.000000
v -0.399702 -0.378686 0.000000
v -0.463069 -0.385228 0.000000
v -0.460237 -0.406968 0.000000
v -0.398286 -0.389556 0.000000
v -0.451669 -0.401419 0.000000
v -0.400703 -0.422509 0.000000
v -0.372803 -0.400101 0.000000
v -0.434754 -0.417513 0.000000
v -0.310852 -0.427504 0.000000
v -0.310852 -0.405097 0.000000
v -0.338752 -0.427504 0.000000
v -0.253295 -0.357645 0.000000
v -0.223638 -0.287786 0.000000
v -0.253295 -0.335237 0.000000
v -0.441426 -0.447553 0.000000
v -0.469065 -0.441239 0.000000
v -0.481262 -0.450644 0.000000
v -0.508901 -0.444331 0.000000
v -0.462247 -0.464281 0.000000
v -0.491359 -0.462393 0.000000
v -0.468138 -0.473508 0.000000
v -0.497250 -0.471620 0.000000
v -0.530609 -0.491668 0.000000
v -0.500952 -0.488153 0.000000
v -0.528486 -0.480700 0.000000
v -0.460058 -0.519812 0.000000
v -0.495606 -0.513987 0.000000
v -0.442923 -0.526476 0.000000
v -0.253295 -0.422671 0.000000
v -0.223638 -0.331503 0.000000
v -0.253295 -0.401362 0.000000
v -0.509707 -0.545784 0.000000
v -0.473109 -0.536842 0.000000
v -0.515069 -0.529592 0.000000
v -0.439847 -0.553033 0.000000
v -0.375350 -0.544091 0.000000
v -0.403250 -0.544091 0.000000
v -0.447072 -0.583911 0.000000
v -0.397261 -0.564001 0.000000
v -0.461759 -0.572943 0.000000
v -0.388563 -0.602950 0.000000
v -0.360663 -0.579005 0.000000
v -0.410475 -0.598915 0.000000
v -1.102270 -0.600354 0.000000
v -1.109684 -0.614744 0.000000
v -0.913176 -0.216039 0.000000
v -0.825132 -0.195958 0.000000
v -0.896138 -0.201360 0.000000
v -0.845074 -0.240204 0.000000
v -0.799600 -0.215380 0.000000
v -0.887644 -0.235460 0.000000
v -0.770870 -0.244947 0.000000
v -0.741213 -0.220123 0.000000
v -0.786687 -0.244947 0.000000
v -0.910809 -0.269308 0.000000
v -0.900679 -0.267168 0.000000
v -0.943248 -0.262424 0.000000
v -0.927553 -0.277347 0.000000
v -1.004833 -0.306898 0.000000
v -0.972808 -0.298021 0.000000
v -0.998633 -0.285239 0.000000
v -0.951718 -0.328557 0.000000
v -0.981376 -0.328557 0.000000
v -0.951718 -0.346311 0.000000
v -0.755053 -0.312610 0.000000
v -0.725395 -0.253954 0.000000
v -0.755053 -0.278779 0.000000
v -0.992018 -0.395528 0.000000
v -0.959578 -0.388645 0.000000
v -0.998218 -0.373869 0.000000
v -0.943248 -0.412444 0.000000
v -0.900679 -0.407700 0.000000
v -0.910809 -0.405560 0.000000
v -0.917301 -0.414584 0.000000
v -0.858914 -0.409840 0.000000
v -0.874732 -0.409840 0.000000
v -0.925796 -0.448684 0.000000
v -0.884446 -0.429262 0.000000
v -0.942833 -0.434005 0.000000
v -0.857694 -0.474167 0.000000
v -0.841877 -0.449343 0.000000
v -0.883226 -0.468764 0.000000
v -0.800527 -0.479569 0.000000
v -0.800527 -0.454745 0.000000
v -0.816344 -0.479569 0.000000
v -0.755053 -0.396090 0.000000
v -0.725395 -0.312610 0.000000
v -0.755053 -0.371265 0.000000
v -0.747638 -0.471222 0.000000
v -0.732810 -0.382030 0.000000
v -0.717981 -0.356107 0.000000
v -0.762467 -0.497144 0.000000
v -0.680910 -0.487039 0.000000
v 1.339768 0.691880 -0.000000
v 1.339768 0.647833 -0.000000
v 1.136657 0.453509 -0.000000
v 1.169198 0.460265 -0.000000
v 1.156181 0.446754 -0.000000
v 1.149673 0.467020 -0.000000
v 1.305662 0.372446 -0.000000
v 1.267602 0.379201 -0.000000
v 1.436154 0.443953 -0.000000
v 1.413911 0.478608 -0.000000
v 1.428740 0.493876 -0.000000
v 1.421326 0.428685 -0.000000
v 0.867962 0.815124 -0.000000
v 0.835579 0.822854 -0.000000
v 0.803098 0.815124 -0.000000
v 0.835579 0.768811 -0.000000
v 0.867962 0.788103 -0.000000
v 0.803098 0.788103 -0.000000
v 0.694461 0.746086 -0.000000
v 0.748828 0.747803 -0.000000
v 0.716348 0.767095 -0.000000
v 0.976697 0.746086 -0.000000
v 0.954761 0.767095 -0.000000
v 0.922378 0.747803 -0.000000
v 0.748421 0.720131 -0.000000
v 0.764865 0.724321 -0.000000
v 0.710498 0.722605 -0.000000
v 0.922883 0.720131 -0.000000
v 0.960758 0.722605 -0.000000
v 0.906439 0.724321 -0.000000
v 0.710026 0.693012 -0.000000
v 0.721002 0.704477 -0.000000
v 0.683078 0.706950 -0.000000
v 0.961279 0.693012 -0.000000
v 0.988178 0.706950 -0.000000
v 0.950303 0.704477 -0.000000
v 0.629109 0.647391 -0.000000
v 0.664079 0.664470 -0.000000
v 0.637131 0.678408 -0.000000
v 0.683037 0.616375 -0.000000
v 0.687032 0.633454 -0.000000
v 0.652062 0.616375 -0.000000
v 0.980245 0.647391 -0.000000
v 1.003149 0.678407 -0.000000
v 0.976250 0.664470 -0.000000
v 1.046190 0.630313 -0.000000
v 1.038119 0.661329 -0.000000
v 1.015215 0.630313 -0.000000
v 0.687032 0.565140 -0.000000
v 0.683037 0.582219 -0.000000
v 0.652062 0.582219 -0.000000
v 0.984321 0.565140 -0.000000
v 1.019291 0.582219 -0.000000
v 0.988316 0.582219 -0.000000
v 0.712979 0.525133 -0.000000
v 0.702003 0.536598 -0.000000
v 0.667033 0.553676 -0.000000
v 0.958374 0.525133 -0.000000
v 1.004320 0.553676 -0.000000
v 0.969350 0.536598 -0.000000
v 1.023148 0.508722 -0.000000
v 1.031219 0.539738 -0.000000
v 0.985273 0.511196 -0.000000
v 0.648107 0.508722 -0.000000
v 0.686031 0.511196 -0.000000
v 0.640085 0.539738 -0.000000
v 0.764865 0.474273 -0.000000
v 0.748421 0.478463 -0.000000
v 0.710498 0.475989 -0.000000
v 0.906439 0.474273 -0.000000
v 0.960758 0.475989 -0.000000
v 0.922883 0.478463 -0.000000
v 0.846075 0.431499 -0.000000
v 0.813692 0.450791 -0.000000
v 0.759324 0.452508 -0.000000
v 0.954761 0.431499 -0.000000
v 0.976697 0.452508 -0.000000
v 0.922378 0.450791 -0.000000
v 0.748731 0.412208 -0.000000
v 0.813594 0.412208 -0.000000
v 0.726844 0.433216 -0.000000
v 0.835579 0.375740 -0.000000
v 0.867962 0.383470 -0.000000
v 0.803098 0.383470 -0.000000
v 0.107508 0.861860 0.000000
v 0.085265 0.892039 0.000000
v 0.444338 0.913596 0.000000
v 0.003707 0.828619 0.000000
v 0.011121 0.858441 0.000000
v 0.117256 0.805882 0.000000
v 0.139334 0.799127 0.000000
v 0.151746 0.819393 0.000000
v 0.291191 0.788994 0.000000
v 0.335127 0.802504 0.000000
v 0.280975 0.788994 0.000000
v 0.331063 0.788994 0.000000
v 0.360171 0.802504 0.000000
v 0.316235 0.788994 0.000000
v 0.291520 0.731574 0.000000
v 0.470452 0.767575 -0.000000
v 0.495716 0.859842 -0.000000
v 0.513950 0.829086 -0.000000
v 0.452219 0.798330 -0.000000
v 0.477169 0.713223 -0.000000
v 0.487486 0.717332 -0.000000
v 0.447504 0.717332 -0.000000
v 0.401964 0.709578 -0.000000
v 0.448081 0.679571 -0.000000
v 0.454688 0.690466 -0.000000
v 0.419466 0.686821 -0.000000
v 0.378206 0.662200 -0.000000
v 0.409840 0.665438 -0.000000
v 0.381224 0.672688 -0.000000
v 0.431882 0.627124 -0.000000
v 0.435169 0.642656 -0.000000
v 0.403534 0.639418 -0.000000
v 0.391848 0.617079 -0.000000
v 0.405147 0.604346 -0.000000
v 0.361752 0.616200 -0.000000
v 0.189230 0.534408 0.000000
v 0.166987 0.587846 0.000000
v 0.181816 0.572578 0.000000
v 0.174401 0.549676 0.000000
v 0.343036 0.549772 -0.000000
v 0.085429 0.521103 0.000000
v 0.092844 0.560894 0.000000
v 0.184081 0.453509 0.000000
v 0.206654 0.467020 0.000000
v 0.241418 0.379201 -0.000000
v 0.285245 0.379201 -0.000000
v 0.425664 0.411577 -0.000000
v 0.406168 0.439038 -0.000000
v 0.421216 0.439917 -0.000000
v 0.410616 0.410699 -0.000000
v -0.255940 0.815124 0.000000
v -0.288323 0.822854 0.000000
v -0.320803 0.815124 0.000000
v -0.288323 0.768811 0.000000
v -0.255940 0.788103 0.000000
v -0.320803 0.788103 0.000000
v -0.429441 0.746086 0.000000
v -0.375073 0.747803 0.000000
v -0.407554 0.767095 0.000000
v -0.147204 0.746086 0.000000
v -0.169140 0.767095 0.000000
v -0.201523 0.747803 0.000000
v -0.375480 0.720131 0.000000
v -0.359036 0.724321 0.000000
v -0.413404 0.722605 0.000000
v -0.201019 0.720131 0.000000
v -0.163144 0.722605 0.000000
v -0.217462 0.724321 0.000000
v -0.413876 0.693012 0.000000
v -0.402900 0.704477 0.000000
v -0.440824 0.706950 0.000000
v -0.162623 0.693012 0.000000
v -0.135724 0.706950 0.000000
v -0.173599 0.704477 0.000000
v -0.494793 0.647391 0.000000
v -0.459822 0.664470 0.000000
v -0.486770 0.678408 0.000000
v -0.440865 0.616375 0.000000
v -0.436870 0.633454 0.000000
v -0.471840 0.616375 0.000000
v -0.143657 0.647391 0.000000
v -0.120753 0.678407 0.000000
v -0.147652 0.664470 0.000000
v -0.077711 0.630313 0.000000
v -0.085782 0.661329 0.000000
v -0.108687 0.630313 0.000000
v -0.436870 0.565140 0.000000
v -0.440865 0.582219 0.000000
v -0.471840 0.582219 0.000000
v -0.139581 0.565140 0.000000
v -0.104610 0.582219 0.000000
v -0.135586 0.582219 0.000000
v -0.410922 0.525133 0.000000
v -0.421898 0.536598 0.000000
v -0.456869 0.553676 0.000000
v -0.165528 0.525133 0.000000
v -0.119581 0.553676 0.000000
v -0.154552 0.536598 0.000000
v -0.100754 0.508722 0.000000
v -0.092682 0.539738 0.000000
v -0.138629 0.511196 0.000000
v -0.475794 0.508722 0.000000
v -0.437870 0.511196 0.000000
v -0.483817 0.539738 0.000000
v -0.359036 0.474273 0.000000
v -0.375480 0.478463 0.000000
v -0.413404 0.475989 0.000000
v -0.217462 0.474273 0.000000
v -0.163144 0.475989 0.000000
v -0.201019 0.478463 0.000000
v -0.277827 0.431499 0.000000
v -0.310210 0.450791 0.000000
v -0.364577 0.452508 0.000000
v -0.169140 0.431499 0.000000
v -0.147204 0.452508 0.000000
v -0.201523 0.450791 0.000000
v -0.375171 0.412208 0.000000
v -0.310307 0.412208 0.000000
v -0.397058 0.433216 0.000000
v -0.288323 0.375740 0.000000
v -0.255940 0.383470 0.000000
v -0.320803 0.383470 0.000000
v -0.881261 0.786028 0.000000
v -0.874231 0.807777 0.000000
v -0.885545 0.807777 0.000000
v -1.085237 0.585979 0.000000
v -1.106327 0.655563 0.000000
v -1.092267 0.635682 0.000000
v -1.099297 0.605860 0.000000
v -0.777598 0.569667 0.000000
v -0.808628 0.606629 0.000000
v -0.796875 0.608496 0.000000
v -0.789351 0.567800 0.000000
v -0.722320 0.705267 0.000000
v -0.722320 0.665504 0.000000
v -1.176626 0.562280 0.000000
v -1.183656 0.625330 0.000000
v -1.014609 0.409353 0.000000
v -1.044266 0.418305 0.000000
v -1.016147 0.436209 0.000000
v -1.042728 0.391449 0.000000
v -0.713093 0.458040 0.000000
v -0.727153 0.475835 0.000000
v -0.735501 0.458040 0.000000
v -0.630931 0.447166 0.000000
v -0.652021 0.488247 0.000000
v -0.637961 0.499231 0.000000
v -0.644991 0.436182 0.000000
v -1.402558 0.816491 0.000000
v -1.347173 0.810283 0.000000
v -1.407294 0.786484 0.000000
v -1.374073 0.759788 0.000000
v -1.374073 0.741579 0.000000
v -1.407294 0.750683 0.000000
v -1.347173 0.726152 0.000000
v -1.378027 0.726152 0.000000
v -1.378027 0.713508 0.000000
v -1.402558 0.719830 0.000000
v -1.325846 0.406277 0.000000
v -1.348363 0.414351 0.000000
v -1.334523 0.430498 0.000000
v -1.339686 0.390131 0.000000
v -1.419541 0.287484 0.000000
v -1.426900 0.302477 0.000000
v -1.323869 0.232508 0.000000
v -1.345947 0.237505 0.000000
v -1.331228 0.247501 0.000000
v -1.338587 0.222512 0.000000
v -1.351466 0.223762 0.000000
v -1.414021 0.301227 0.000000
v -1.425060 0.273740 0.000000
v -1.352675 0.392149 0.000000
v -1.344052 0.436553 0.000000
v -1.324995 0.424443 0.000000
v -1.409957 0.517286 0.000000
v -1.420777 0.472883 0.000000
v -0.657294 0.455349 0.000000
v -0.646749 0.521145 0.000000
v -0.629174 0.477318 0.000000
v -0.855407 0.548070 0.000000
v -0.834015 0.512179 0.000000
v -1.061072 0.393687 0.000000
v -1.027460 0.442923 0.000000
v -1.004833 0.429495 0.000000
v -1.171353 0.586940 0.000000
v -0.717047 0.692841 0.000000
v -0.806335 0.586047 0.000000
v -0.810921 0.627211 0.000000
v -0.782829 0.589782 0.000000
v -1.111599 0.643138 0.000000
v -1.101055 0.667989 0.000000
v -1.083480 0.603375 0.000000
v 0.398987 0.424319 -0.000000
v 0.413348 0.453757 -0.000000
v 0.429083 0.426076 -0.000000
v 0.266483 0.384268 -0.000000
v 0.087283 0.586109 0.000000
v 0.098404 0.535678 0.000000
v 0.161426 0.578303 0.000000
v 0.172548 0.597389 0.000000
v 0.191083 0.547767 0.000000
v 0.366826 0.626190 -0.000000
v 0.416871 0.607968 -0.000000
v 0.393424 0.600723 -0.000000
v 0.469409 0.836775 -0.000000
v 0.522023 0.882909 -0.000000
v 0.505876 0.775264 -0.000000
v 0.309369 0.736640 0.000000
v 0.175719 0.821081 0.000000
v 0.106739 0.794060 0.000000
v 0.438777 0.884494 0.000000
v 1.408351 0.444104 -0.000000
v 1.419472 0.513112 -0.000000
v 1.438008 0.474640 -0.000000
v 1.290133 0.384268 -0.000000
v 1.138284 0.441688 -0.000000
v 1.345329 0.678115 -0.000000
v -0.758760 -0.459029 0.000000
v -0.706860 -0.305031 0.000000
v -0.729103 -0.407184 0.000000
v -1.113854 -0.579670 0.000000
v -1.101806 -0.585066 0.000000
v 0.928163 -0.395815 -0.000000
v 0.974297 -0.306953 -0.000000
v 0.787669 -0.522847 -0.000000
v 0.689457 -0.434974 -0.000000
v 0.702267 -0.452548 -0.000000
v 0.655296 -0.463093 -0.000000
v 0.916630 -0.190452 -0.000000
v 0.939697 -0.198443 -0.000000
v 0.916630 -0.254380 -0.000000
v 0.588560 -0.320306 -0.000000
v 0.594327 -0.300328 -0.000000
v 0.619316 -0.352270 -0.000000
v 0.600093 -0.681994 -0.000000
v 0.621238 -0.638799 -0.000000
v 0.623160 -0.666287 -0.000000
v 0.588560 -0.642726 -0.000000
v 0.617393 -0.583823 -0.000000
v 0.619316 -0.611311 -0.000000
v 0.600093 -0.280351 -0.000000
v 0.605860 -0.260373 -0.000000
v 0.715077 -0.470123 -0.000000
v 0.727888 -0.487698 -0.000000
v 0.663836 -0.512302 -0.000000
v 0.826100 -0.434974 -0.000000
v 0.855991 -0.438489 -0.000000
v 0.791939 -0.463093 -0.000000
v 0.796209 -0.431459 -0.000000
v 0.749238 -0.442004 -0.000000
v 0.834640 -0.512302 -0.000000
v 0.881611 -0.501758 -0.000000
v 0.885881 -0.526362 -0.000000
v 0.809019 -0.477153 -0.000000
v 0.873071 -0.452548 -0.000000
v 0.877341 -0.477153 -0.000000
v 0.680916 -0.526362 -0.000000
v 0.744968 -0.501758 -0.000000
v 0.766318 -0.512302 -0.000000
v 0.576065 -0.434747 -0.000000
v 0.602977 -0.524968 -0.000000
v 0.576066 -0.589624 -0.000000
v -0.737444 -0.591361 0.000000
v -0.717054 -0.512220 0.000000
v -0.707786 -0.533804 0.000000
v -0.696665 -0.433079 0.000000
v -0.676276 -0.353938 0.000000
v -0.674422 -0.404300 0.000000
v -0.707786 -0.361133 0.000000
v -0.679983 -0.253213 0.000000
v -0.678129 -0.303575 0.000000
v -0.763394 -0.576972 0.000000
v -0.735590 -0.469052 0.000000
v -0.726322 -0.490636 0.000000
v -1.201900 -0.462757 0.000000
v -1.199119 -0.486139 0.000000
v -1.168535 -0.340448 0.000000
v -1.209314 -0.246918 0.000000
v -1.199119 -0.255911 0.000000
v -1.201900 -0.290085 0.000000
v -1.105513 -0.477146 0.000000
v -1.098099 -0.462757 0.000000
v -1.131464 -0.412394 0.000000
v -1.121269 -0.363831 0.000000
v -1.116635 -0.383616 0.000000
v -1.172242 -0.606650 0.000000
v -1.162048 -0.558086 0.000000
v -1.149999 -0.563482 0.000000
v -1.141658 -0.460958 0.000000
v -1.200046 -0.603052 0.000000
v -1.186144 -0.547294 0.000000
v -1.174096 -0.552690 0.000000
v -1.099953 -0.293683 0.000000
v -1.116635 -0.268502 0.000000
v -1.102733 -0.212743 0.000000
v -1.130537 -0.324260 0.000000
v -1.125903 -0.344045 0.000000
v -1.105513 -0.362032 0.000000
v -1.118488 -0.444770 0.000000
v -1.188925 -0.264904 0.000000
v -1.172242 -0.232528 0.000000
v -1.137951 -0.309871 0.000000
v -1.124049 -0.196555 0.000000
v -1.110147 -0.198354 0.000000
v -1.124049 -0.254112 0.000000
v -1.148146 -0.243320 0.000000
v -1.179657 -0.477146 0.000000
v -1.188925 -0.437576 0.000000
v -1.204680 -0.439374 0.000000
v -1.191705 -0.356636 0.000000
v -1.198192 -0.398005 0.000000
v -1.144439 -0.610247 0.000000
v -1.137951 -0.568878 0.000000
v -1.125903 -0.574274 0.000000
v 1.356450 0.650586 -0.000000
v 1.367572 0.623057 -0.000000
v 1.341622 0.540470 -0.000000
v 1.393522 0.793738 -0.000000
v 1.419472 0.788232 -0.000000
v 1.393522 0.705644 -0.000000
v 1.341622 0.804749 -0.000000
v 1.367572 0.799243 -0.000000
v 1.356450 0.738679 -0.000000
v 1.183841 0.434932 -0.000000
v 1.193603 0.418044 -0.000000
v 1.144792 0.394401 -0.000000
v 1.268447 0.468709 -0.000000
v 1.291225 0.465331 -0.000000
v 1.242414 0.441688 -0.000000
v 1.209873 0.461954 -0.000000
v 1.335196 0.394401 -0.000000
v 1.380259 0.404534 -0.000000
v 1.411316 0.380890 -0.000000
v 1.267478 0.428177 -0.000000
v 1.318143 0.451821 -0.000000
v 1.349201 0.428177 -0.000000
v 1.166149 0.380890 -0.000000
v 1.216814 0.404534 -0.000000
v 1.253474 0.394401 -0.000000
v 1.430594 0.582121 -0.000000
v 1.441715 0.651129 -0.000000
v 1.408351 0.674333 -0.000000
v 1.434301 0.758609 -0.000000
v 1.438008 0.704869 -0.000000
v 1.356450 0.505780 -0.000000
v 1.382401 0.590057 -0.000000
v 1.400936 0.551584 -0.000000
v 0.079704 0.955631 0.000000
v 0.027804 0.951319 0.000000
v 0.053754 0.953475 0.000000
v 0.446191 0.854315 -0.000000
v 0.498091 0.953475 -0.000000
v 0.524042 0.951319 -0.000000
v 0.472141 0.955631 0.000000
v 0.027804 0.810207 0.000000
v 0.038925 0.778051 0.000000
v 0.012975 0.750563 0.000000
v 0.064875 0.867050 0.000000
v 0.090825 0.833027 0.000000
v 0.064875 0.805539 0.000000
v 0.012975 0.935097 0.000000
v 0.038925 0.901074 0.000000
v 0.027804 0.871718 0.000000
v 0.064669 0.746773 0.000000
v 0.333013 0.821081 0.000000
v 0.363714 0.817704 0.000000
v 0.264032 0.794060 0.000000
v 0.302312 0.824459 0.000000
v 0.380767 0.756906 -0.000000
v 0.371430 0.733263 -0.000000
v 0.345727 0.780550 0.000000
v 0.399440 0.804193 0.000000
v 0.390103 0.780550 0.000000
v 0.300692 0.746773 0.000000
v 0.183669 0.616473 0.000000
v 0.194791 0.635558 0.000000
v 0.161426 0.700448 0.000000
v 0.187376 0.704265 0.000000
v 0.191083 0.669912 0.000000
v 0.109526 0.692814 0.000000
v 0.135476 0.696631 0.000000
v 0.154012 0.647009 0.000000
v 0.339631 0.498854 -0.000000
v 0.401142 0.585656 -0.000000
v 0.427285 0.584571 -0.000000
v 0.375000 0.586741 -0.000000
v 0.109526 0.485247 0.000000
v 0.120647 0.434816 0.000000
v 0.094697 0.405666 0.000000
v 0.146598 0.552058 0.000000
v 0.172548 0.493114 0.000000
v 0.146598 0.463965 0.000000
v 0.094697 0.669946 0.000000
v 0.120647 0.611002 0.000000
v 0.109526 0.573340 0.000000
v 0.191763 0.434932 0.000000
v 0.179035 0.418044 0.000000
v 0.124046 0.394401 0.000000
v 0.316612 0.394401 -0.000000
v 0.366741 0.404534 -0.000000
v 0.395863 0.380890 -0.000000
v 0.249966 0.428177 -0.000000
v 0.308498 0.451821 -0.000000
v 0.337619 0.428177 -0.000000
v 0.132902 0.380890 0.000000
v 0.191434 0.404534 0.000000
v 0.228958 0.394401 -0.000000
v 0.427710 0.483194 -0.000000
v 0.442759 0.484073 -0.000000
v 0.411289 0.539433 -0.000000
v 0.440699 0.569750 -0.000000
v 0.441386 0.541191 -0.000000
v 0.352469 0.478801 -0.000000
v 0.381879 0.509117 -0.000000
v 0.397614 0.481437 -0.000000
v -1.090510 0.692841 0.000000
v -1.079965 0.717693 0.000000
v -1.076450 0.672960 0.000000
v -1.111599 0.802189 0.000000
v -1.086995 0.807159 0.000000
v -1.083480 0.762426 0.000000
v -1.160808 0.792248 0.000000
v -1.136204 0.797218 0.000000
v -1.118629 0.732604 0.000000
v -0.995929 0.627211 0.000000
v -1.001572 0.586047 0.000000
v -1.035637 0.549552 0.000000
v -0.939168 0.702068 0.000000
v -0.933443 0.659037 0.000000
v -0.967507 0.622542 0.000000
v -0.950619 0.788129 0.000000
v -0.944894 0.745098 0.000000
v -0.967590 0.706736 0.000000
v -0.815507 0.668374 0.000000
v -0.803754 0.670241 0.000000
v -0.859938 0.745098 0.000000
v -0.852771 0.788129 0.000000
v -0.836432 0.748833 0.000000
v -0.874272 0.659037 0.000000
v -0.867105 0.702068 0.000000
v -0.839013 0.664639 0.000000
v -0.706503 0.667989 0.000000
v -0.695958 0.643138 0.000000
v -0.720562 0.568583 0.000000
v -0.671353 0.797218 0.000000
v -0.646749 0.792248 0.000000
v -0.671353 0.717693 0.000000
v -0.720562 0.807159 0.000000
v -0.695958 0.802189 0.000000
v -0.706503 0.747515 0.000000
v -1.160808 0.521145 0.000000
v -1.150264 0.455349 0.000000
v -1.174868 0.417015 0.000000
v -1.125659 0.608798 0.000000
v -1.101055 0.532019 0.000000
v -1.125659 0.493684 0.000000
v -1.174868 0.762357 0.000000
v -1.150264 0.685578 0.000000
v -1.160808 0.636259 0.000000
v -0.993849 0.492160 0.000000
v -0.960237 0.541397 0.000000
v -0.965729 0.510064 0.000000
v -1.010984 0.536921 0.000000
v -0.949253 0.604061 0.000000
v -0.954745 0.572729 0.000000
v -1.134447 0.402639 0.000000
v -1.072715 0.469780 0.000000
v -1.050088 0.456352 0.000000
v -0.812624 0.476288 0.000000
v -0.791232 0.440397 0.000000
v -0.800870 0.404781 0.000000
v -0.805758 0.547630 0.000000
v -0.771955 0.511629 0.000000
v -0.781593 0.476013 0.000000
v -0.873366 0.619632 0.000000
v -0.839562 0.583631 0.000000
v -0.836789 0.547905 0.000000
v -0.636204 0.586940 0.000000
v -0.625659 0.652735 0.000000
v -0.657294 0.685578 0.000000
v -0.632689 0.762357 0.000000
v -0.629174 0.707546 0.000000
v -0.706503 0.532019 0.000000
v -0.681898 0.608798 0.000000
v -0.664323 0.564971 0.000000
v -1.402653 0.497103 0.000000
v -1.395348 0.476919 0.000000
v -1.335429 0.480956 0.000000
v -1.326807 0.525360 0.000000
v -1.359704 0.521323 0.000000
v -1.337242 0.581873 0.000000
v -1.332024 0.553617 0.000000
v -1.404630 0.400222 0.000000
v -1.382167 0.460773 0.000000
v -1.363110 0.448663 0.000000
v -1.402982 0.288733 0.000000
v -1.391943 0.276238 0.000000
v -1.366185 0.353704 0.000000
v -1.340427 0.351205 0.000000
v -1.417701 0.358702 0.000000
v -1.391943 0.356203 0.000000
v -1.318349 0.306225 0.000000
v -1.314669 0.288733 0.000000
v -1.325708 0.341210 0.000000
v -1.322029 0.323718 0.000000
v -1.402982 0.228759 0.000000
v -1.377224 0.266243 0.000000
v -1.358826 0.258746 0.000000
v -1.360896 -0.544372 0.001650
v -1.350351 -0.478577 0.001650
v -1.332776 -0.522404 0.001650
v -1.559009 -0.451652 0.001650
v -1.537618 -0.487543 0.001650
v -1.764674 -0.606035 0.001650
v -1.731063 -0.556798 0.001650
v -1.708435 -0.570226 0.001650
v -1.885500 -0.346987 0.001650
v -1.874955 -0.412782 0.001650
v -1.420650 -0.306881 0.001650
v -1.509937 -0.413674 0.001650
v -1.514523 -0.372511 0.001650
v -1.486431 -0.409940 0.001650
v -1.693888 -0.331348 0.001650
v -1.815202 -0.356584 0.001650
v -1.804657 -0.331732 0.001650
v -1.787082 -0.396347 0.001650
v -1.794112 -0.306881 0.001650
v -1.815202 -0.197533 0.001650
v -1.790597 -0.192563 0.001650
v -1.787082 -0.237296 0.001650
v -1.864411 -0.207474 0.001650
v -1.839806 -0.202503 0.001650
v -1.822232 -0.267118 0.001650
v -1.699531 -0.372511 0.001650
v -1.705174 -0.413674 0.001650
v -1.739239 -0.450169 0.001650
v -1.642771 -0.297654 0.001650
v -1.637045 -0.340684 0.001650
v -1.671110 -0.377179 0.001650
v -1.654222 -0.211593 0.001650
v -1.648496 -0.254623 0.001650
v -1.671192 -0.292986 0.001650
v -1.519109 -0.331348 0.001650
v -1.507356 -0.329481 0.001650
v -1.563540 -0.254623 0.001650
v -1.556373 -0.211593 0.001650
v -1.540034 -0.250889 0.001650
v -1.577875 -0.340684 0.001650
v -1.570707 -0.297654 0.001650
v -1.542615 -0.335083 0.001650
v -1.410105 -0.331732 0.001650
v -1.399560 -0.356584 0.001650
v -1.424165 -0.431139 0.001650
v -1.374956 -0.202503 0.001650
v -1.350351 -0.207474 0.001650
v -1.374956 -0.282029 0.001650
v -1.424165 -0.192563 0.001650
v -1.399560 -0.197533 0.001650
v -1.410105 -0.252207 0.001650
v -1.864411 -0.478577 0.001650
v -1.853866 -0.544372 0.001650
v -1.878470 -0.582707 0.001650
v -1.829261 -0.390923 0.001650
v -1.804657 -0.467703 0.001650
v -1.829261 -0.506038 0.001650
v -1.878470 -0.237364 0.001650
v -1.853866 -0.314144 0.001650
v -1.864411 -0.363463 0.001650
v -1.697451 -0.507562 0.001650
v -1.663839 -0.458325 0.001650
v -1.669332 -0.489657 0.001650
v -1.714586 -0.462801 0.001650
v -1.652855 -0.395660 0.001650
v -1.658347 -0.426993 0.001650
v -1.838049 -0.597083 0.001650
v -1.776317 -0.529942 0.001650
v -1.753690 -0.543370 0.001650
v -1.516226 -0.523434 0.001650
v -1.494834 -0.559325 0.001650
v -1.504473 -0.594941 0.001650
v -1.509361 -0.452092 0.001650
v -1.475557 -0.488092 0.001650
v -1.485196 -0.523708 0.001650
v -1.576968 -0.380090 0.001650
v -1.543165 -0.416091 0.001650
v -1.540391 -0.451817 0.001650
v -1.339806 -0.412782 0.001650
v -1.329261 -0.346987 0.001650
v -1.360896 -0.314144 0.001650
v -1.336291 -0.237364 0.001650
v -1.332776 -0.292176 0.001650
v -1.410105 -0.467703 0.001650
v -1.385500 -0.390923 0.001650
v -1.367926 -0.434750 0.001650
v -1.385500 -0.506038 0.001650
v -1.350351 -0.363463 0.001650
v -1.329261 -0.462101 0.001650
v -1.512793 -0.487763 0.001650
v -1.801361 -0.601559 0.001650
v -1.706019 -0.485181 0.001650
v -1.688883 -0.529942 0.001650
v -1.881985 -0.292176 0.001650
v -1.846836 -0.434750 0.001650
v -1.881985 -0.522404 0.001650
v -1.427680 -0.237296 0.001650
v -1.392530 -0.267118 0.001650
v -1.427680 -0.396347 0.001650
v -1.543906 -0.377179 0.001650
v -1.541325 -0.292986 0.001650
v -1.671151 -0.335083 0.001650
v -1.839806 -0.282029 0.001650
v -1.804657 -0.252207 0.001650
v -1.783567 -0.361554 0.001650
v -1.790597 -0.431139 0.001650
v -1.475969 -0.450169 0.001650
v -1.727987 -0.610511 0.001650
v -1.550030 -0.487433 0.001650
v -1.336291 -0.582707 0.001650
v -1.377224 0.226260 0.000000
v -1.318349 0.266243 0.000000
v -1.378652 0.396186 0.000000
v -1.347567 0.501140 0.000000
v -1.323292 0.460773 0.000000
v -0.681898 0.493684 0.000000
v -0.646749 0.636259 0.000000
v -0.625659 0.537621 0.000000
v -0.809191 0.511959 0.000000
v -1.097759 0.398163 0.000000
v -1.002416 0.514540 0.000000
v -0.985281 0.469780 0.000000
v -1.178383 0.707546 0.000000
v -1.143234 0.564971 0.000000
v -1.178383 0.477318 0.000000
v -0.724077 0.762426 0.000000
v -0.688928 0.732604 0.000000
v -0.724077 0.603375 0.000000
v -0.840304 0.622542 0.000000
v -0.837722 0.706736 0.000000
v -0.967549 0.664639 0.000000
v -1.136204 0.717693 0.000000
v -1.101055 0.747515 0.000000
v 0.375728 0.451560 -0.000000
v 0.419500 0.511314 -0.000000
v 0.283289 0.411289 -0.000000
v 0.090990 0.628027 0.000000
v 0.128062 0.518652 0.000000
v 0.090990 0.451841 0.000000
v 0.337214 0.511719 -0.000000
v 0.135476 0.635558 0.000000
v 0.172548 0.658460 0.000000
v 0.194791 0.574486 0.000000
v 0.345398 0.763662 0.000000
v 0.250577 0.804193 0.000000
v 0.085704 0.770417 0.000000
v 0.046339 0.838629 0.000000
v 1.382401 0.474942 -0.000000
v 1.419472 0.628227 -0.000000
v 1.441715 0.536014 -0.000000
v 1.205610 0.377513 -0.000000
v 1.301337 0.411289 -0.000000
v 1.369055 0.377513 -0.000000
v 1.193603 0.472086 -0.000000
v 1.226144 0.451821 -0.000000
v 1.141538 0.418044 -0.000000
v 1.337915 0.755197 -0.000000
v 1.374986 0.722162 -0.000000
v 1.337915 0.579011 -0.000000
v -1.130537 -0.612046 0.000000
v -1.202826 -0.378220 0.000000
v -1.184290 -0.457361 0.000000
v -1.160194 -0.237924 0.000000
v -1.136097 -0.248716 0.000000
v -1.193558 -0.302676 0.000000
v -1.112001 -0.460958 0.000000
v -1.137951 -0.396206 0.000000
v -1.113854 -0.291884 0.000000
v -1.186144 -0.604851 0.000000
v -1.158340 -0.608448 0.000000
v -1.124976 -0.428582 0.000000
v -1.099026 -0.493334 0.000000
v -0.750419 -0.584166 0.000000
v -0.702226 -0.397106 0.000000
v -0.691104 -0.469052 0.000000
v -0.724469 -0.598556 0.000000
v 0.556843 -0.503055 -0.000000
v 0.710807 -0.529877 -0.000000
v 0.821830 -0.494728 -0.000000
v 0.847450 -0.529877 -0.000000
v 0.727888 -0.431459 -0.000000
v 0.770589 -0.452548 -0.000000
v 0.659566 -0.487698 -0.000000
v 0.621238 -0.324301 -0.000000
v 0.594327 -0.662360 -0.000000
v 0.605860 -0.701628 -0.000000
v 0.617393 -0.380238 -0.000000
v 0.651026 -0.438489 -0.000000
v -1.213948 -0.399804 0.000000
v -0.766174 -0.535259 0.000000
v 1.135030 0.465331 -0.000000
v 1.434301 0.413266 -0.000000
v 0.127773 0.817704 0.000000
v 0.435028 0.759886 -0.000000
v 0.356678 0.606211 -0.000000
v 0.187376 0.521048 0.000000
v 0.422246 0.397078 -0.000000
v -1.086995 0.568583 0.000000
v -0.772367 0.549552 0.000000
v -1.024385 0.389211 0.000000
v -0.632689 0.417015 0.000000
v -1.326697 0.388112 0.000000
v -1.325708 0.221263 0.000000
vn -0.0000 -0.0000 1.0000
vn -1.0000 -0.0000 -0.0000
vn -0.0000 -1.0000 -0.0000
vn -0.0000 1.0000 -0.0000
vn -0.0000 -0.0000 -1.0000
vn 0.9923 0.1240 -0.0000
vn -0.4948 -0.8690 -0.0000
vn 0.0006 0.0010 1.0000
vn 1.0000 -0.0000 -0.0000
vn 0.5547 -0.8321 -0.0000
vn -0.9923 -0.1240 -0.0000
vn 0.2983 0.9545 -0.0000
vt 0.880055 0.000000
vt 0.875000 0.000000
vt 0.886029 0.000000
vt 0.926011 0.000000
vt 0.919118 0.000000
vt 0.941176 0.000000
vt 0.944853 0.000000
vt 0.529412 0.000000
vt 0.441176 0.000000
vt 0.514706 0.000000
vt 0.588235 0.000000
vt 0.485294 0.000000
vt 0.573529 0.000000
vt 0.470588 0.000000
vt 0.647059 0.000000
vt 0.632353 0.000000
vt 0.843229 0.000000
vt 0.825000 0.000000
vt 0.933333 0.000000
vt 0.937500 0.000000
vt 0.066667 0.000000
vt 0.166667 0.000000
vt 0.175000 0.000000
vt 0.664062 0.000000
vt 0.658333 0.000000
vt 0.666667 0.000000
vt 0.670833 0.000000
vt 0.733333 0.000000
vt 0.683333 0.000000
vt 0.716667 0.000000
vt 0.210938 0.000000
vt 0.216667 0.000000
vt 0.133333 0.000000
vt 0.137500 0.000000
vt 0.419271 0.000000
vt 0.416667 0.000000
vt 0.400000 0.000000
vt 0.404167 0.000000
vt 0.200000 0.000000
vt 0.208333 0.000000
vt 0.266667 0.000000
vt 0.304348 0.000000
vt 0.282609 0.000000
vt 0.293478 0.000000
vt 0.271739 0.000000
vt 0.347826 0.000000
vt 0.456522 0.000000
vt 0.336957 0.000000
vt 0.782609 0.000000
vt 0.630435 0.000000
vt 0.663043 0.000000
vt 0.445652 0.000000
vt 0.826087 0.000000
vt 0.815217 0.000000
vt 0.652174 0.000000
vt 0.391304 0.000000
vt 0.478261 0.000000
vt 0.380435 0.000000
vt 0.467391 0.000000
vt 0.869565 0.000000
vt 0.684783 0.000000
vt 0.858696 0.000000
vt 0.913043 0.000000
vt 0.717391 0.000000
vt 0.902174 0.000000
vt 0.434783 0.000000
vt 0.489130 0.000000
vt 0.423913 0.000000
vt 0.956522 0.000000
vt 0.750000 0.000000
vt 0.945652 0.000000
vt 0.739130 0.000000
vt 1.000000 0.000000
vt 0.771739 0.000000
vt 0.989130 0.000000
vt 0.521739 0.000000
vt 0.413043 0.000000
vt 0.641304 0.000000
vt 0.402174 0.000000
vt 0.369565 0.000000
vt 0.000000 0.000000
vt 0.010870 0.000000
vt 0.119565 0.000000
vt 0.441592 0.000000
vt 0.446429 0.000000
vt 0.380952 0.000000
vt 0.383929 0.000000
vt 0.881324 0.000000
vt 0.952381 0.000000
vt 0.882812 0.000000
vt 0.869048 0.000000
vt 0.955357 0.000000
vt 0.781250 0.000000
vt 0.845238 0.000000
vt 0.857143 0.000000
vt 0.803571 0.000000
vt 0.476190 0.000000
vt 0.559524 0.000000
vt 0.464286 0.000000
vt 0.547619 0.000000
vt 0.523810 0.000000
vt 0.583333 0.000000
vt 0.511905 0.000000
vt 0.571429 0.000000
vt 0.607143 0.000000
vt 0.654762 0.000000
vt 0.657738 0.000000
vt 0.660714 0.000000
vt 0.663690 0.000000
vt 0.680060 0.000000
vt 0.708333 0.000000
vt 0.714286 0.000000
vt 0.678571 0.000000
vt 0.589286 0.000000
vt 0.672619 0.000000
vt 0.844494 0.000000
vt 0.839286 0.000000
vt 0.047619 0.000000
vt 0.077381 0.000000
vt 0.071429 0.000000
vt 0.107515 0.000000
vt 0.092262 0.000000
vt 0.095238 0.000000
vt 0.113095 0.000000
vt 0.107143 0.000000
vt 0.098214 0.000000
vt 0.748438 0.000000
vt 0.725000 0.000000
vt 0.800000 0.000000
vt 0.812500 0.000000
vt 0.407813 0.000000
vt 0.387500 0.000000
vt 0.425000 0.000000
vt 0.527174 0.000000
vt 0.510870 0.000000
vt 0.532609 0.000000
vt 0.608696 0.000000
vt 0.619565 0.000000
vt 0.576087 0.000000
vt 0.652174 0.000000
vt 0.597826 0.000000
vt 0.586957 0.000000
vt 0.576087 0.000000
vt 0.695652 0.000000
vt 0.706522 0.000000
vt 0.695652 0.000000
vt 0.717391 0.000000
vt 0.728261 0.000000
vt 0.173913 0.000000
vt 0.217391 0.000000
vt 0.315217 0.000000
vt 0.085853 0.000000
vt 0.086957 0.000000
vt 0.088315 0.000000
vt 0.022164 0.000000
vt 0.020380 0.000000
vt 0.023098 0.000000
vt 0.250000 0.000000
vt 0.367188 0.000000
vt 0.484375 0.000000
vt 0.601562 0.000000
vt 0.718750 0.000000
vt 0.593750 0.000000
vt 0.468750 0.000000
vt 0.343750 0.000000
vt 0.218750 0.000000
vt 0.219727 0.000000
vt 0.220703 0.000000
vt 0.221680 0.000000
vt 0.222656 0.000000
vt 0.223633 0.000000
vt 0.224609 0.000000
vt 0.225586 0.000000
vt 0.226562 0.000000
vt 0.227539 0.000000
vt 0.228516 0.000000
vt 0.229492 0.000000
vt 0.230469 0.000000
vt 0.231445 0.000000
vt 0.232422 0.000000
vt 0.233398 0.000000
vt 0.234375 0.000000
vt 0.235352 0.000000
vt 0.236328 0.000000
vt 0.237305 0.000000
vt 0.238281 0.000000
vt 0.239258 0.000000
vt 0.240234 0.000000
vt 0.241211 0.000000
vt 0.242188 0.000000
vt 0.243164 0.000000
vt 0.244141 0.000000
vt 0.245117 0.000000
vt 0.246094 0.000000
vt 0.247070 0.000000
vt 0.248047 0.000000
vt 0.249023 0.000000
vt 0.585938 0.000000
vt 0.453125 0.000000
vt 0.320312 0.000000
vt 0.187500 0.000000
vt 0.189453 0.000000
vt 0.191406 0.000000
vt 0.193359 0.000000
vt 0.195312 0.000000
vt 0.197266 0.000000
vt 0.199219 0.000000
vt 0.201172 0.000000
vt 0.203125 0.000000
vt 0.205078 0.000000
vt 0.207031 0.000000
vt 0.208984 0.000000
vt 0.210938 0.000000
vt 0.212891 0.000000
vt 0.214844 0.000000
vt 0.216797 0.000000
vt 0.578125 0.000000
vt 0.570312 0.000000
vt 0.656250 0.000000
vt 0.375000 0.000000
vt 0.382812 0.000000
vt 0.359375 0.000000
vt 0.562500 0.000000
vt 0.437500 0.000000
vt 0.445312 0.000000
vt 0.460938 0.000000
vt 0.625000 0.000000
vt 0.617188 0.000000
vt 0.500000 0.000000
vt 0.648438 0.000000
vt 0.757812 0.000000
vt 0.695312 0.000000
vt 0.789062 0.000000
vt 0.710938 0.000000
vt 0.843750 0.000000
vt 0.734375 0.000000
vt 0.835938 0.000000
vt 0.867188 0.000000
vt 0.906250 0.000000
vt 0.773438 0.000000
vt 0.898438 0.000000
vt 0.796875 0.000000
vt 0.273438 0.000000
vt 0.265625 0.000000
vt 0.271484 0.000000
vt 0.275391 0.000000
vt 0.277344 0.000000
vt 0.279297 0.000000
vt 0.281250 0.000000
vt 0.289062 0.000000
vt 0.296875 0.000000
vt 0.304688 0.000000
vt 0.312500 0.000000
vt 0.363636 0.000000
vt 0.318182 0.000000
vt 0.272727 0.000000
vt 0.227273 0.000000
vt 0.181818 0.000000
vt 0.193182 0.000000
vt 0.204545 0.000000
vt 0.215909 0.000000
vt 0.238636 0.000000
vt 0.261364 0.000000
vt 0.275568 0.000000
vt 0.278409 0.000000
vt 0.281250 0.000000
vt 0.284091 0.000000
vt 0.286932 0.000000
vt 0.289773 0.000000
vt 0.292614 0.000000
vt 0.295455 0.000000
vt 0.298295 0.000000
vt 0.301136 0.000000
vt 0.303977 0.000000
vt 0.306818 0.000000
vt 0.309659 0.000000
vt 0.315341 0.000000
vt 0.321023 0.000000
vt 0.323864 0.000000
vt 0.326705 0.000000
vt 0.329545 0.000000
vt 0.332386 0.000000
vt 0.335227 0.000000
vt 0.338068 0.000000
vt 0.340909 0.000000
vt 0.346591 0.000000
vt 0.349432 0.000000
vt 0.352273 0.000000
vt 0.355114 0.000000
vt 0.357955 0.000000
vt 0.360795 0.000000
vt 0.159091 0.000000
vt 0.090909 0.000000
vt 0.096591 0.000000
vt 0.102273 0.000000
vt 0.107955 0.000000
vt 0.113636 0.000000
vt 0.119318 0.000000
vt 0.125000 0.000000
vt 0.130682 0.000000
vt 0.136364 0.000000
vt 0.142045 0.000000
vt 0.147727 0.000000
vt 0.153409 0.000000
vt 0.164773 0.000000
vt 0.170455 0.000000
vt 0.176136 0.000000
vt 0.792614 0.000000
vt 0.840909 0.000000
vt 0.560369 0.000000
vt 0.630682 0.000000
vt 0.636364 0.000000
vt 0.556818 0.000000
vt 0.659091 0.000000
vt 0.663352 0.000000
vt 0.642045 0.000000
vt 0.840000 0.000000
vt 0.820000 0.000000
vt 0.830000 0.000000
vt 0.810000 0.000000
vt 0.880000 0.000000
vt 0.790000 0.000000
vt 0.870000 0.000000
vt 0.520000 0.000000
vt 0.570000 0.000000
vt 0.600000 0.000000
vt 0.530000 0.000000
vt 0.560000 0.000000
vt 0.590000 0.000000
vt 0.600000 0.000000
vt 0.780000 0.000000
vt 0.620000 0.000000
vt 0.770000 0.000000
vt 0.920000 0.000000
vt 0.910000 0.000000
vt 0.640000 0.000000
vt 0.650000 0.000000
vt 0.630000 0.000000
vt 0.790000 0.000000
vt 0.960000 0.000000
vt 0.820000 0.000000
vt 0.950000 0.000000
vt 0.800000 0.000000
vt 0.180000 0.000000
vt 0.190000 0.000000
vt 0.170000 0.000000
vt 0.240000 0.000000
vt 0.200000 0.000000
vt 0.230000 0.000000
vt 0.990000 0.000000
vt 0.280000 0.000000
vt 0.230000 0.000000
vt 0.270000 0.000000
vt 0.760000 0.000000
vt 0.010000 0.000000
vt 0.386364 0.000000
vt 0.397727 0.000000
vt 0.409091 0.000000
vt 0.431818 0.000000
vt 0.454545 0.000000
vt 0.477273 0.000000
vt 0.505682 0.000000
vt 0.511364 0.000000
vt 0.517045 0.000000
vt 0.522727 0.000000
vt 0.528409 0.000000
vt 0.534091 0.000000
vt 0.539773 0.000000
vt 0.545455 0.000000
vt 0.727273 0.000000
vt 0.732955 0.000000
vt 0.721591 0.000000
vt 0.629261 0.000000
vt 0.670455 0.000000
vt 0.464489 0.000000
vt 0.556818 0.000000
vt 0.590909 0.000000
vt 0.505682 0.000000
vt 0.833807 0.000000
vt 0.931818 0.000000
vt 0.846591 0.000000
vt 0.704545 0.000000
vt 0.710227 0.000000
vt 0.698864 0.000000
vt 0.715909 0.000000
vt 0.755682 0.000000
vt 0.744318 0.000000
vt 0.680398 0.000000
vt 0.676136 0.000000
vt 0.664773 0.000000
vt 0.238636 0.000000
vt 0.420455 0.000000
vt 0.647727 0.000000
vt 0.279119 0.000000
vt 0.349432 0.000000
vt 0.441051 0.000000
vt 0.474432 0.000000
vt 0.443182 0.000000
vt 0.400568 0.000000
vt 0.574574 0.000000
vt 0.607955 0.000000
vt 0.613636 0.000000
vt 0.571023 0.000000
vt 0.107244 0.000000
vt 0.093750 0.000000
vt 0.068182 0.000000
vt 0.073864 0.000000
vt 0.240767 0.000000
vt 0.196023 0.000000
vt 0.207386 0.000000
vt 0.061790 0.000000
vt 0.017045 0.000000
vt 0.022727 0.000000
vt 0.059659 0.000000
vt 0.502841 0.000000
vt 0.551136 0.000000
vt 0.599432 0.000000
vt 0.707386 0.000000
vt 0.767045 0.000000
vt 0.826705 0.000000
vt 0.886364 0.000000
vt 0.889205 0.000000
vt 0.892045 0.000000
vt 0.894886 0.000000
vt 0.897727 0.000000
vt 0.900568 0.000000
vt 0.903409 0.000000
vt 0.909091 0.000000
vt 0.795455 0.000000
vt 0.681818 0.000000
vt 0.568182 0.000000
vt 0.526278 0.000000
vt 0.588068 0.000000
vt 0.409091 0.000000
vt 0.818182 0.000000
vt 0.821023 0.000000
vt 0.823864 0.000000
vt 0.826705 0.000000
vt 0.829545 0.000000
vt 0.832386 0.000000
vt 0.835227 0.000000
vt 0.838068 0.000000
vt 0.696023 0.000000
vt 0.806818 0.000000
vt 0.546875 0.000000
vt 0.540761 0.000000
vt 0.543478 0.000000
vt 0.571332 0.000000
vt 0.565217 0.000000
vt 0.570652 0.000000
vt 0.574049 0.000000
vt 0.573370 0.000000
vt 0.573370 0.000000
vt 0.050951 0.000000
vt 0.048913 0.000000
vt 0.053668 0.000000
vt 0.095363 0.000000
vt 0.091712 0.000000
vt 0.092391 0.000000
vt 0.080757 0.000000
vt 0.077106 0.000000
vt 0.078804 0.000000
vt 0.082201 0.000000
vt 0.074983 0.000000
vt 0.072011 0.000000
vt 0.076427 0.000000
vt 0.056301 0.000000
vt 0.054348 0.000000
vt 0.058764 0.000000
vt 0.109969 0.000000
vt 0.106318 0.000000
vt 0.105978 0.000000
vt 0.109375 0.000000
vt 0.112347 0.000000
vt 0.107677 0.000000
vt 0.107337 0.000000
vt 0.111753 0.000000
vt 0.105214 0.000000
vt 0.103601 0.000000
vt 0.103261 0.000000
vt 0.104620 0.000000
vt 0.076851 0.000000
vt 0.071671 0.000000
vt 0.067935 0.000000
vt 0.072690 0.000000
vt 0.086617 0.000000
vt 0.082880 0.000000
vt 0.089334 0.000000
vt 0.065982 0.000000
vt 0.059103 0.000000
vt 0.057065 0.000000
vt 0.063519 0.000000
vt 0.043563 0.000000
vt 0.041780 0.000000
vt 0.038043 0.000000
vt 0.039402 0.000000
vt 0.060207 0.000000
vt 0.056726 0.000000
vt 0.052989 0.000000
vt 0.056046 0.000000
vt 0.046281 0.000000
vt 0.042799 0.000000
vt 0.040761 0.000000
vt 0.043818 0.000000
vt 0.032354 0.000000
vt 0.028872 0.000000
vt 0.028533 0.000000
vt 0.031590 0.000000
vt 0.092306 0.000000
vt 0.093750 0.000000
vt 0.086532 0.000000
vt 0.083899 0.000000
vt 0.085598 0.000000
vt 0.087976 0.000000
vt 0.220313 0.000000
vt 0.193750 0.000000
vt 0.150000 0.000000
vt 0.162500 0.000000
vt 0.451562 0.000000
vt 0.368750 0.000000
vt 0.325000 0.000000
vt 0.393750 0.000000
vt 0.120312 0.000000
vt 0.037500 0.000000
vt 0.050000 0.000000
vt 0.118750 0.000000
vt 0.489062 0.000000
vt 0.525000 0.000000
vt 0.381250 0.000000
vt 0.504687 0.000000
vt 0.531250 0.000000
vt 0.575000 0.000000
vt 0.556250 0.000000
vt 0.842188 0.000000
vt 0.818750 0.000000
vt 0.850000 0.000000
vt 0.862500 0.000000
vt 0.760938 0.000000
vt 0.693750 0.000000
vt 0.492188 0.000000
vt 0.167783 0.000000
vt 0.174107 0.000000
vt 0.184524 0.000000
vt 0.180060 0.000000
vt 0.168527 0.000000
vt 0.153274 0.000000
vt 0.099702 0.000000
vt 0.120536 0.000000
vt 0.085193 0.000000
vt 0.080357 0.000000
vt 0.090774 0.000000
vt 0.190476 0.000000
vt 0.196429 0.000000
vt 0.160714 0.000000
vt 0.142857 0.000000
vt 0.172619 0.000000
vt 0.553571 0.000000
vt 0.642857 0.000000
vt 0.434524 0.000000
vt 0.285714 0.000000
vt 0.722470 0.000000
vt 0.752976 0.000000
vt 0.785714 0.000000
vt 0.865327 0.000000
vt 0.946429 0.000000
vt 0.928571 0.000000
vt 0.860119 0.000000
vt 0.690476 0.000000
vt 0.613095 0.000000
vt 0.696429 0.000000
vt 0.607143 0.000000
vt 0.357143 0.000000
vt 0.279762 0.000000
vt 0.363095 0.000000
vt 0.937872 0.000000
vt 0.924107 0.000000
vt 0.964286 0.000000
vt 0.967262 0.000000
vt 0.820312 0.000000
vt 0.763393 0.000000
vt 0.849702 0.000000
vt 0.592634 0.000000
vt 0.535714 0.000000
vt 0.619048 0.000000
vt 0.665179 0.000000
vt 0.857515 0.000000
vt 0.861607 0.000000
vt 0.892857 0.000000
vt 0.895833 0.000000
vt 0.736607 0.000000
vt 0.767857 0.000000
vt 0.742560 0.000000
vt 0.371652 0.000000
vt 0.358631 0.000000
vt 0.321429 0.000000
vt 0.324405 0.000000
vt 0.560640 0.000000
vt 0.507441 0.000000
vt 0.470238 0.000000
vt 0.513393 0.000000
vt 0.347842 0.000000
vt 0.294643 0.000000
vt 0.297619 0.000000
vt 0.340774 0.000000
vt 0.783110 0.000000
vt 0.813988 0.000000
vt 0.779762 0.000000
vt 0.739583 0.000000
vt 0.906622 0.000000
vt 0.940476 0.000000
vt 0.900298 0.000000
vt 0.571057 0.000000
vt 0.525298 0.000000
vt 0.494048 0.000000
vt 0.527902 0.000000
vt 0.563988 0.000000
vt 0.529762 0.000000
vt 0.501488 0.000000
vt 0.672247 0.000000
vt 0.642857 0.000000
vt 0.614583 0.000000
vt 0.466667 0.000000
vt 0.475000 0.000000
vt 0.533333 0.000000
vt 0.408333 0.000000
vt 0.233333 0.000000
vt 0.241667 0.000000
vt 0.300000 0.000000
vt 0.429688 0.000000
vt 0.427083 0.000000
vt 0.420833 0.000000
vt 0.465104 0.000000
vt 0.458333 0.000000
vt 0.456250 0.000000
vt 0.479688 0.000000
vt 0.483333 0.000000
vt 0.466667 0.000000
vt 0.464583 0.000000
vt 0.469271 0.000000
vt 0.431250 0.000000
vt 0.408333 0.000000
vt 0.439583 0.000000
vt 0.188021 0.000000
vt 0.154167 0.000000
vt 0.323437 0.000000
vt 0.289583 0.000000
vt 0.550000 0.000000
vt 0.125521 0.000000
vt 0.106250 0.000000
vt 0.050000 0.000000
vt 0.054167 0.000000
vt 0.410937 0.000000
vt 0.331250 0.000000
vt 0.275000 0.000000
vt 0.339583 0.000000
vt 0.092188 0.000000
vt 0.012500 0.000000
vt 0.016667 0.000000
vt 0.081250 0.000000
vt 0.568750 0.000000
vt 0.587500 0.000000
vt 0.501563 0.000000
vt 0.510417 0.000000
vt 0.525000 0.000000
vt 0.518750 0.000000
vt 0.536979 0.000000
vt 0.545833 0.000000
vt 0.550000 0.000000
vt 0.543750 0.000000
vt 0.616667 0.000000
vt 0.633333 0.000000
vt 0.516667 0.000000
vt 0.686979 0.000000
vt 0.681250 0.000000
vt 0.683333 0.000000
vt 0.687500 0.000000
vt 0.684896 0.000000
vt 0.672917 0.000000
vt 0.675000 0.000000
vt 0.685417 0.000000
vt 0.636979 0.000000
vt 0.643750 0.000000
vt 0.559896 0.000000
vt 0.610417 0.000000
vt 0.658333 0.000000
vt 0.618750 0.000000
vt 0.608333 0.000000
vt 0.491667 0.000000
vt 0.566667 0.000000
vt 0.764063 0.000000
vt 0.689583 0.000000
vt 0.741667 0.000000
vt 0.802083 0.000000
vt 0.466146 0.000000
vt 0.391667 0.000000
vt 0.560417 0.000000
vt 0.770680 0.000000
vt 0.762868 0.000000
vt 0.753676 0.000000
vt 0.953585 0.000000
vt 0.946691 0.000000
vt 0.955882 0.000000
vt 0.959559 0.000000
vt 0.929688 0.000000
vt 0.909926 0.000000
vt 0.919118 0.000000
vt 0.935662 0.000000
vt 0.850643 0.000000
vt 0.830882 0.000000
vt 0.852941 0.000000
vt 0.869485 0.000000
vt 0.790901 0.000000
vt 0.775735 0.000000
vt 0.792279 0.000000
vt 0.889706 0.000000
vt 0.898897 0.000000
vt 0.856158 0.000000
vt 0.845588 0.000000
vt 0.862132 0.000000
vt 0.615104 0.000000
vt 0.540625 0.000000
vt 0.620833 0.000000
vt 0.681250 0.000000
vt 0.482813 0.000000
vt 0.380208 0.000000
vt 0.460417 0.000000
vt 0.548958 0.000000
vt 0.277604 0.000000
vt 0.283333 0.000000
vt 0.371875 0.000000
vt 0.913021 0.000000
vt 0.838542 0.000000
vt 0.922917 0.000000
vt 0.893229 0.000000
vt 0.790625 0.000000
vt 0.814583 0.000000
vt 0.903125 0.000000
vt 0.688021 0.000000
vt 0.585417 0.000000
vt 0.637500 0.000000
vt 0.726042 0.000000
vt 0.952604 0.000000
vt 0.934375 0.000000
vt 0.958333 0.000000
vt 0.962500 0.000000
vt 0.840104 0.000000
vt 0.793750 0.000000
vt 0.845833 0.000000
vt 0.878125 0.000000
vt 0.783333 0.000000
vt 0.791667 0.000000
vt 0.675000 0.000000
vt 0.766667 0.000000
vt 0.775000 0.000000
vt 0.700000 0.000000
vt 0.691667 0.000000
vt 0.591667 0.000000
vt 0.816667 0.000000
vt 0.808333 0.000000
vt 0.660938 0.000000
vt 0.711458 0.000000
vt 0.737500 0.000000
vt 0.697917 0.000000
vt 0.586979 0.000000
vt 0.659375 0.000000
vt 0.623958 0.000000
vt 0.731771 0.000000
vt 0.804167 0.000000
vt 0.808333 0.000000
vt 0.746875 0.000000
vt 0.458854 0.000000
vt 0.509375 0.000000
vt 0.579167 0.000000
vt 0.539583 0.000000
vt 0.297396 0.000000
vt 0.369792 0.000000
vt 0.439583 0.000000
vt 0.378125 0.000000
vt 0.442187 0.000000
vt 0.514583 0.000000
vt 0.501042 0.000000
vt 0.781771 0.000000
vt 0.788542 0.000000
vt 0.858333 0.000000
vt 0.620313 0.000000
vt 0.648958 0.000000
vt 0.701042 0.000000
vt 0.677604 0.000000
vt 0.706250 0.000000
vt 0.754167 0.000000
vt 0.736458 0.000000
vt 0.654167 0.000000
vt 0.664583 0.000000
vt 0.653646 0.000000
vt 0.638542 0.000000
vt 0.657292 0.000000
vt 0.623438 0.000000
vt 0.630208 0.000000
vt 0.708854 0.000000
vt 0.696875 0.000000
vt 0.695833 0.000000
vt 0.714063 0.000000
vt 0.698958 0.000000
vt 0.683854 0.000000
vt 0.668750 0.000000
vt 0.684375 0.000000
vt 0.703646 0.000000
vt 0.694792 0.000000
vt 0.685938 0.000000
vt 0.677083 0.000000
vt 0.679167 0.000000
vt 0.686458 0.000000
vt 0.450000 0.000000
vt 0.433333 0.000000
vt 0.383333 0.000000
vt 0.566667 0.000000
vt 0.516667 0.000000
vt 0.519271 0.000000
vt 0.528125 0.000000
vt 0.537500 0.000000
vt 0.495313 0.000000
vt 0.518750 0.000000
vt 0.507292 0.000000
vt 0.523438 0.000000
vt 0.541667 0.000000
vt 0.530208 0.000000
vt 0.483854 0.000000
vt 0.492708 0.000000
vt 0.512500 0.000000
vt 0.506250 0.000000
vt 0.439063 0.000000
vt 0.472917 0.000000
vt 0.461458 0.000000
vt 0.467188 0.000000
vt 0.481250 0.000000
vt 0.495833 0.000000
vt 0.484375 0.000000
vt 0.573438 0.000000
vt 0.571875 0.000000
vt 0.595833 0.000000
vt 0.528646 0.000000
vt 0.532292 0.000000
vt 0.552083 0.000000
vt 0.551042 0.000000
vt 0.535938 0.000000
vt 0.554167 0.000000
vt 0.553125 0.000000
vt 0.251563 0.000000
vt 0.171875 0.000000
vt 0.145833 0.000000
vt 0.210417 0.000000
vt 0.333854 0.000000
vt 0.223958 0.000000
vt 0.197917 0.000000
vt 0.292708 0.000000
vt 0.114063 0.000000
vt 0.004167 0.000000
vt 0.008333 0.000000
vt 0.103125 0.000000
vt 0.490625 0.000000
vt 0.468750 0.000000
vt 0.663542 0.000000
vt 0.577083 0.000000
vt 0.671875 0.000000
vt 0.553646 0.000000
vt 0.443750 0.000000
vt 0.482292 0.000000
vt 0.164062 0.000000
vt 0.144792 0.000000
vt 0.058333 0.000000
vt 0.062500 0.000000
vt 0.317708 0.000000
vt 0.231250 0.000000
vt 0.268229 0.000000
vt 0.196875 0.000000
vt 0.414062 0.000000
vt 0.459375 0.000000
vt 0.395833 0.000000
vt 0.360417 0.000000
vt 0.521354 0.000000
vt 0.586458 0.000000
vt 0.522917 0.000000
vt 0.467708 0.000000
vt 0.651563 0.000000
vt 0.260938 0.000000
vt 0.326042 0.000000
vt 0.302083 0.000000
vt 0.246875 0.000000
vt 0.391146 0.000000
vt 0.412500 0.000000
vt 0.357292 0.000000
vt 0.204688 0.000000
vt 0.230208 0.000000
vt 0.206250 0.000000
vt 0.190625 0.000000
vt 0.393229 0.000000
vt 0.355208 0.000000
vt 0.345833 0.000000
vt 0.377083 0.000000
vt 0.425521 0.000000
vt 0.373958 0.000000
vt 0.364583 0.000000
vt 0.409375 0.000000
vt 0.322396 0.000000
vt 0.270833 0.000000
vt 0.275000 0.000000
vt 0.319792 0.000000
vt 0.545313 0.000000
vt 0.470833 0.000000
vt 0.502083 0.000000
vt 0.631771 0.000000
vt 0.580208 0.000000
vt 0.588542 0.000000
vt 0.477083 0.000000
vt 0.454167 0.000000
vt 0.498958 0.000000
vt 0.372396 0.000000
vt 0.361458 0.000000
vt 0.329167 0.000000
vt 0.458854 0.000000
vt 0.434375 0.000000
vt 0.397917 0.000000
vt 0.415625 0.000000
vt 0.409896 0.000000
vt 0.385417 0.000000
vt 0.362500 0.000000
vt 0.472396 0.000000
vt 0.476042 0.000000
vt 0.462500 0.000000
vt 0.496354 0.000000
vt 0.503125 0.000000
vt 0.489583 0.000000
vt 0.509896 0.000000
vt 0.494792 0.000000
vt 0.457812 0.000000
vt 0.452083 0.000000
vt 0.469271 0.000000
vt 0.463542 0.000000
vt 0.479167 0.000000
vt 0.473958 0.000000
vt 0.446354 0.000000
vt 0.446875 0.000000
vt 0.440625 0.000000
vt 0.447396 0.000000
vt 0.447917 0.000000
vt 0.438542 0.000000
vt 0.641667 0.000000
vt 0.716667 0.000000
vt 0.366667 0.000000
vt 0.308333 0.000000
vt 0.258333 0.000000
vt 0.316667 0.000000
vt 0.350000 0.000000
vt 0.291667 0.000000
vt 0.358333 0.000000
vt 0.541667 0.000000
vt 0.333333 0.000000
vt 0.341667 0.000000
vt 0.225000 0.000000
vt 0.283333 0.000000
vt 0.424479 0.000000
vt 0.421875 0.000000
vt 0.412500 0.000000
vt 0.448438 0.000000
vt 0.448958 0.000000
vt 0.435417 0.000000
vt 0.436458 0.000000
vt 0.449479 0.000000
vt 0.360938 0.000000
vt 0.336458 0.000000
vt 0.327083 0.000000
vt 0.344792 0.000000
vt 0.306771 0.000000
vt 0.332292 0.000000
vt 0.268750 0.000000
vt 0.253125 0.000000
vt 0.357812 0.000000
vt 0.284375 0.000000
vt 0.169271 0.000000
vt 0.119792 0.000000
vt 0.128125 0.000000
vt 0.543229 0.000000
vt 0.556250 0.000000
vt 0.555208 0.000000
vt 0.400000 0.000000
vt 0.433333 0.000000
vt 0.375000 0.000000
vt 0.700000 0.000000
vt 0.650000 0.000000
vt 0.675521 0.000000
vt 0.669792 0.000000
vt 0.668229 0.000000
vt 0.659375 0.000000
vt 0.671875 0.000000
vt 0.650521 0.000000
vt 0.175000 0.000000
vt 0.083333 0.000000
vt 0.091667 0.000000
vt 0.183333 0.000000
vt 0.879688 0.000000
vt 0.861458 0.000000
vt 0.941667 0.000000
vt 0.945833 0.000000
vt 0.747396 0.000000
vt 0.813542 0.000000
vt 0.654688 0.000000
vt 0.748958 0.000000
vt 0.877298 0.000000
vt 0.866728 0.000000
vt 0.871324 0.000000
vt 0.870864 0.000000
vt 0.857537 0.000000
vt 0.844210 0.000000
vt 0.838235 0.000000
vt 0.850184 0.000000
vt 0.919577 0.000000
vt 0.909007 0.000000
vt 0.908088 0.000000
vt 0.924173 0.000000
vt 0.910846 0.000000
vt 0.909927 0.000000
vt 0.897518 0.000000
vt 0.897978 0.000000
vt 0.914982 0.000000
vt 0.907169 0.000000
vt 0.899357 0.000000
vt 0.893382 0.000000
vt 0.899816 0.000000
vt 0.827665 0.000000
vt 0.807904 0.000000
vt 0.806985 0.000000
vt 0.824449 0.000000
vt 0.788143 0.000000
vt 0.768382 0.000000
vt 0.772059 0.000000
vt 0.789522 0.000000
vt 0.906710 0.000000
vt 0.886949 0.000000
vt 0.876838 0.000000
vt 0.894302 0.000000
vt 0.847426 0.000000
vt 0.841912 0.000000
vt 0.859375 0.000000
vt 0.826287 0.000000
vt 0.816177 0.000000
vt 0.819853 0.000000
vt 0.857077 0.000000
vt 0.846507 0.000000
vt 0.836397 0.000000
vt 0.844669 0.000000
vt 0.825368 0.000000
vt 0.828125 0.000000
vt 0.890165 0.000000
vt 0.870404 0.000000
vt 0.886029 0.000000
vt 0.902573 0.000000
vt 0.865349 0.000000
vt 0.839154 0.000000
vt 0.854779 0.000000
vt 0.877757 0.000000
vt 0.812960 0.000000
vt 0.786765 0.000000
vt 0.808824 0.000000
vt 0.831801 0.000000
vt 0.969210 0.000000
vt 0.949449 0.000000
vt 0.952206 0.000000
vt 0.968750 0.000000
vt 0.970129 0.000000
vt 0.943934 0.000000
vt 0.969669 0.000000
vt 0.917739 0.000000
vt 0.891544 0.000000
vt 0.900735 0.000000
vt 0.923713 0.000000
vt 0.968290 0.000000
vt 0.954963 0.000000
vt 0.957721 0.000000
vt 0.967831 0.000000
vt 0.941636 0.000000
vt 0.928309 0.000000
vt 0.947610 0.000000
vt 0.905331 0.000000
vt 0.884191 0.000000
vt 0.912684 0.000000
vt 0.840074 0.000000
vt 0.827206 0.000000
vt 0.855699 0.000000
vt 0.786305 0.000000
vt 0.778493 0.000000
vt 0.757353 0.000000
vt 0.761029 0.000000
vt 0.836857 0.000000
vt 0.820772 0.000000
vt 0.799632 0.000000
vt 0.811581 0.000000
vt 0.804688 0.000000
vt 0.788603 0.000000
vt 0.775735 0.000000
vt 0.787684 0.000000
vt 0.600074 0.000000
vt 0.636161 0.000000
vt 0.586310 0.000000
vt 0.558036 0.000000
vt 0.684152 0.000000
vt 0.735863 0.000000
vt 0.686012 0.000000
vt 0.642113 0.000000
vt 0.787574 0.000000
vt 0.773810 0.000000
vt 0.729911 0.000000
vt 0.455729 0.000000
vt 0.491816 0.000000
vt 0.473214 0.000000
vt 0.444941 0.000000
vt 0.477307 0.000000
vt 0.529018 0.000000
vt 0.466518 0.000000
vt 0.580729 0.000000
vt 0.632440 0.000000
vt 0.598214 0.000000
vt 0.554315 0.000000
vt 0.412574 0.000000
vt 0.417411 0.000000
vt 0.398810 0.000000
vt 0.401786 0.000000
vt 0.475074 0.000000
vt 0.495536 0.000000
vt 0.461310 0.000000
vt 0.448661 0.000000
vt 0.479539 0.000000
vt 0.433780 0.000000
vt 0.419643 0.000000
vt 0.456845 0.000000
vt 0.524926 0.000000
vt 0.462054 0.000000
vt 0.502232 0.000000
vt 0.399182 0.000000
vt 0.336310 0.000000
vt 0.339286 0.000000
vt 0.393601 0.000000
vt 0.662574 0.000000
vt 0.616815 0.000000
vt 0.568452 0.000000
vt 0.605655 0.000000
vt 0.776414 0.000000
vt 0.713542 0.000000
vt 0.665179 0.000000
vt 0.719494 0.000000
vt 0.650670 0.000000
vt 0.587798 0.000000
vt 0.556548 0.000000
vt 0.610863 0.000000
vt 0.434896 0.000000
vt 0.423363 0.000000
vt 0.377976 0.000000
vt 0.548735 0.000000
vt 0.520089 0.000000
vt 0.471726 0.000000
vt 0.491815 0.000000
vt 0.491443 0.000000
vt 0.462798 0.000000
vt 0.431548 0.000000
vt 0.451637 0.000000
vt 0.875744 0.000000
vt 0.860119 0.000000
vt 0.819940 0.000000
vt 0.919271 0.000000
vt 0.934524 0.000000
vt 0.912946 0.000000
vt 0.752232 0.000000
vt 0.699405 0.000000
vt 0.659226 0.000000
vt 0.870164 0.000000
vt 0.882440 0.000000
vt 0.826637 0.000000
vt 0.472842 0.000000
vt 0.540923 0.000000
vt 0.488095 0.000000
vt 0.410714 0.000000
vt 0.597098 0.000000
vt 0.646577 0.000000
vt 0.534970 0.000000
vt 0.696057 0.000000
vt 0.745536 0.000000
vt 0.711310 0.000000
vt 0.652530 0.000000
vt 0.454241 0.000000
vt 0.401042 0.000000
vt 0.427083 0.000000
vt 0.508557 0.000000
vt 0.435268 0.000000
vt 0.418155 0.000000
vt 0.481399 0.000000
vt 0.361979 0.000000
vt 0.288691 0.000000
vt 0.354911 0.000000
vt 0.667039 0.000000
vt 0.613839 0.000000
vt 0.599702 0.000000
vt 0.801711 0.000000
vt 0.728423 0.000000
vt 0.671131 0.000000
vt 0.655134 0.000000
vt 0.581845 0.000000
vt 0.544643 0.000000
vt 0.607887 0.000000
vt 0.397693 0.000000
vt 0.384673 0.000000
vt 0.327381 0.000000
vt 0.330357 0.000000
vt 0.532366 0.000000
vt 0.499256 0.000000
vt 0.441964 0.000000
vt 0.465030 0.000000
vt 0.433036 0.000000
vt 0.395833 0.000000
vt 0.418899 0.000000
vt 0.801339 0.000000
vt 0.818452 0.000000
vt 0.793155 0.000000
vt 0.720610 0.000000
vt 0.767113 0.000000
vt 0.784226 0.000000
vt 0.744792 0.000000
vt 0.813616 0.000000
vt 0.863095 0.000000
vt 0.717262 0.000000
vt 0.691964 0.000000
vt 0.534598 0.000000
vt 0.581101 0.000000
vt 0.626488 0.000000
vt 0.587054 0.000000
vt 0.627604 0.000000
vt 0.674107 0.000000
vt 0.705357 0.000000
vt 0.665923 0.000000
vt 0.849330 0.000000
vt 0.853423 0.000000
vt 0.901786 0.000000
vt 0.744420 0.000000
vt 0.762649 0.000000
vt 0.706473 0.000000
vt 0.649554 0.000000
vt 0.757441 0.000000
vt 0.604539 0.000000
vt 0.526042 0.000000
vt 0.655506 0.000000
vt 0.447545 0.000000
vt 0.369048 0.000000
vt 0.452381 0.000000
vt 0.934152 0.000000
vt 0.877232 0.000000
vt 0.941964 0.000000
vt 0.918527 0.000000
vt 0.840030 0.000000
vt 0.858631 0.000000
vt 0.926339 0.000000
vt 0.761533 0.000000
vt 0.683036 0.000000
vt 0.723214 0.000000
vt 0.790923 0.000000
vt 0.949777 0.000000
vt 0.914435 0.000000
vt 0.933036 0.000000
vt 0.957589 0.000000
vt 0.879092 0.000000
vt 0.883929 0.000000
vt 0.908482 0.000000
vt 0.202381 0.000000
vt 0.458333 0.000000
vt 0.702381 0.000000
vt 0.541667 0.000000
vt 0.703125 0.000000
vt 0.791667 0.000000
vt 0.662946 0.000000
vt 0.769345 0.000000
vt 0.776786 0.000000
vt 0.875744 0.000000
vt 0.982143 0.000000
vt 0.870536 0.000000
vt 0.378720 0.000000
vt 0.459821 0.000000
vt 0.517857 0.000000
vt 0.449405 0.000000
vt 0.237351 0.000000
vt 0.308036 0.000000
vt 0.661458 0.000000
vt 0.732143 0.000000
vt 0.575893 0.000000
vt 0.633929 0.000000
vt 0.590774 0.000000
vt 0.631696 0.000000
vt 0.687500 0.000000
vt 0.720238 0.000000
vt 0.404762 0.000000
vt 0.315476 0.000000
vt 0.226190 0.000000
vt 0.255952 0.000000
vt 0.345238 0.000000
vt 0.613095 0.000000
vt 0.345238 0.000000
vt 0.761905 0.000000
vt 0.880952 0.000000
vt 0.232143 0.000000
vt 0.190476 0.000000
vt 0.214286 0.000000
vt 0.220238 0.000000
vt 0.214286 0.000000
vt 0.238095 0.000000
vt 0.154762 0.000000
vt 0.148810 0.000000
vt 0.178571 0.000000
vt 0.220238 0.000000
vt 0.244048 0.000000
vt 0.073289 0.000000
vt 0.073661 0.000000
vt 0.081845 0.000000
vt 0.084077 0.000000
vt 0.114211 0.000000
vt 0.135417 0.000000
vt 0.071801 0.000000
vt 0.072173 0.000000
vt 0.090774 0.000000
vt 0.093006 0.000000
vt 0.072545 0.000000
vt 0.072917 0.000000
vt 0.086310 0.000000
vt 0.088542 0.000000
vt 0.199033 0.000000
vt 0.183780 0.000000
vt 0.156622 0.000000
vt 0.146577 0.000000
vt 0.165179 0.000000
vt 0.177827 0.000000
vt 0.136533 0.000000
vt 0.126488 0.000000
vt 0.139881 0.000000
vt 0.152530 0.000000
vt 0.180432 0.000000
vt 0.186756 0.000000
vt 0.193452 0.000000
vt 0.188988 0.000000
vt 0.163318 0.000000
vt 0.173363 0.000000
vt 0.180060 0.000000
vt 0.183408 0.000000
vt 0.188244 0.000000
vt 0.155134 0.000000
vt 0.161458 0.000000
vt 0.175595 0.000000
vt 0.171131 0.000000
vt 0.123140 0.000000
vt 0.133185 0.000000
vt 0.147321 0.000000
vt 0.139137 0.000000
vt 0.143229 0.000000
vt 0.163690 0.000000
vt 0.155506 0.000000
vt 0.219122 0.000000
vt 0.218006 0.000000
vt 0.235119 0.000000
vt 0.187128 0.000000
vt 0.189732 0.000000
vt 0.203869 0.000000
vt 0.192336 0.000000
vt 0.194940 0.000000
vt 0.205357 0.000000
vt 0.204613 0.000000
vt 0.222842 0.000000
vt 0.149554 0.000000
vt 0.132440 0.000000
vt 0.195685 0.000000
vt 0.515997 0.000000
vt 0.442708 0.000000
vt 0.369420 0.000000
vt 0.296131 0.000000
vt 0.258929 0.000000
vt 0.322173 0.000000
vt 0.168899 0.000000
vt 0.159226 0.000000
vt 0.173735 0.000000
vt 0.162946 0.000000
vt 0.144717 0.000000
vt 0.149554 0.000000
vt 0.144345 0.000000
vt 0.140625 0.000000
vt 0.154390 0.000000
vt 0.159226 0.000000
vt 0.151786 0.000000
vt 0.148065 0.000000
vt 0.626563 0.000000
vt 0.559375 0.000000
vt 0.612500 0.000000
vt 0.542188 0.000000
vt 0.584375 0.000000
vt 0.364063 0.000000
vt 0.350000 0.000000
vt 0.428125 0.000000
vt 0.895312 0.000000
vt 0.837500 0.000000
vt 0.893750 0.000000
vt 0.809375 0.000000
vt 0.896875 0.000000
vt 0.720313 0.000000
vt 0.631250 0.000000
vt 0.662500 0.000000
vt 0.740625 0.000000
vt 0.892187 0.000000
vt 0.846875 0.000000
vt 0.856250 0.000000
vt 0.890625 0.000000
vt 0.801562 0.000000
vt 0.756250 0.000000
vt 0.787500 0.000000
vt 0.821875 0.000000
vt 0.557813 0.000000
vt 0.485938 0.000000
vt 0.528125 0.000000
vt 0.521875 0.000000
vt 0.590625 0.000000
vt 0.451563 0.000000
vt 0.478125 0.000000
vt 0.317187 0.000000
vt 0.418750 0.000000
vt 0.384375 0.000000
vt 0.401563 0.000000
vt 0.443750 0.000000
vt 0.487500 0.000000
vt 0.720312 0.000000
vt 0.715625 0.000000
vt 0.596875 0.000000
vt 0.653125 0.000000
vt 0.607813 0.000000
vt 0.342188 0.000000
vt 0.340625 0.000000
vt 0.368750 0.000000
vt 0.348437 0.000000
vt 0.346875 0.000000
vt 0.257812 0.000000
vt 0.306250 0.000000
vt 0.303125 0.000000
vt 0.309375 0.000000
vt 0.529688 0.000000
vt 0.575000 0.000000
vt 0.428125 0.000000
vt 0.406250 0.000000
vt 0.285937 0.000000
vt 0.256250 0.000000
vt 0.345313 0.000000
vt 0.315625 0.000000
vt 0.123438 0.000000
vt 0.012500 0.000000
vt 0.025000 0.000000
vt 0.121875 0.000000
vt 0.534375 0.000000
vt 0.462500 0.000000
vt 0.678125 0.000000
vt 0.606250 0.000000
vt 0.567187 0.000000
vt 0.246875 0.000000
vt 0.390625 0.000000
vt 0.318750 0.000000
vt 0.335938 0.000000
vt 0.237500 0.000000
vt 0.278125 0.000000
vt 0.081267 0.000000
vt 0.078635 0.000000
vt 0.080842 0.000000
vt 0.077361 0.000000
vt 0.074219 0.000000
vt 0.076427 0.000000
vt 0.091797 0.000000
vt 0.090353 0.000000
vt 0.092731 0.000000
vt 0.083645 0.000000
vt 0.080503 0.000000
vt 0.093665 0.000000
vt 0.094599 0.000000
vt 0.089419 0.000000
vt 0.088995 0.000000
vt 0.090863 0.000000
vt 0.039317 0.000000
vt 0.035836 0.000000
vt 0.034647 0.000000
vt 0.037704 0.000000
vt 0.042544 0.000000
vt 0.038213 0.000000
vt 0.037024 0.000000
vt 0.040931 0.000000
vt 0.032863 0.000000
vt 0.031080 0.000000
vt 0.029891 0.000000
vt 0.031250 0.000000
vt 0.036090 0.000000
vt 0.033458 0.000000
vt 0.032269 0.000000
vt 0.034477 0.000000
vt 0.030825 0.000000
vt 0.028193 0.000000
vt 0.030061 0.000000
vt 0.053244 0.000000
vt 0.049762 0.000000
vt 0.046875 0.000000
vt 0.049932 0.000000
vt 0.059868 0.000000
vt 0.055537 0.000000
vt 0.056556 0.000000
vt 0.051206 0.000000
vt 0.044837 0.000000
vt 0.048743 0.000000
vt 0.067171 0.000000
vt 0.063689 0.000000
vt 0.059103 0.000000
vt 0.062160 0.000000
vt 0.072860 0.000000
vt 0.068274 0.000000
vt 0.072181 0.000000
vt 0.047130 0.000000
vt 0.045346 0.000000
vt 0.042120 0.000000
vt 0.057150 0.000000
vt 0.054518 0.000000
vt 0.052140 0.000000
vt 0.051885 0.000000
vt 0.049253 0.000000
vt 0.045516 0.000000
vt 0.047724 0.000000
vt 0.069973 0.000000
vt 0.107252 0.000000
vt 0.100374 0.000000
vt 0.095788 0.000000
vt 0.102242 0.000000
vt 0.117272 0.000000
vt 0.109545 0.000000
vt 0.104959 0.000000
vt 0.112262 0.000000
vt 0.045346 0.000000
vt 0.044158 0.000000
vt 0.050611 0.000000
vt 0.031929 0.000000
vt 0.039232 0.000000
vt 0.045771 0.000000
vt 0.040591 0.000000
vt 0.048998 0.000000
vt 0.042969 0.000000
vt 0.047385 0.000000
vt 0.036940 0.000000
vt 0.030910 0.000000
vt 0.030571 0.000000
vt 0.036175 0.000000
vt 0.102327 0.000000
vt 0.099694 0.000000
vt 0.099864 0.000000
vt 0.102242 0.000000
vt 0.102497 0.000000
vt 0.099524 0.000000
vt 0.102412 0.000000
vt 0.096213 0.000000
vt 0.093071 0.000000
vt 0.115065 0.000000
vt 0.111923 0.000000
vt 0.111073 0.000000
vt 0.113961 0.000000
vt 0.108781 0.000000
vt 0.105639 0.000000
vt 0.105299 0.000000
vt 0.108186 0.000000
vt 0.110649 0.000000
vt 0.108526 0.000000
vt 0.107677 0.000000
vt 0.106403 0.000000
vt 0.103940 0.000000
vt 0.105808 0.000000
vt 0.103006 0.000000
vt 0.098336 0.000000
vt 0.098505 0.000000
vt 0.102921 0.000000
vt 0.103176 0.000000
vt 0.098166 0.000000
vt 0.103091 0.000000
vt 0.092816 0.000000
vt 0.093240 0.000000
vt 0.123896 0.000000
vt 0.118716 0.000000
vt 0.117867 0.000000
vt 0.122792 0.000000
vt 0.113536 0.000000
vt 0.108356 0.000000
vt 0.108016 0.000000
vt 0.112942 0.000000
vt 0.113621 0.000000
vt 0.112772 0.000000
vt 0.116168 0.000000
vt 0.119480 0.000000
vt 0.115319 0.000000
vt 0.114470 0.000000
vt 0.118376 0.000000
vt 0.111158 0.000000
vt 0.106997 0.000000
vt 0.106658 0.000000
vt 0.110564 0.000000
vt 0.065642 0.000000
vt 0.060971 0.000000
vt 0.063179 0.000000
vt 0.051376 0.000000
vt 0.046196 0.000000
vt 0.048913 0.000000
vt 0.084324 0.000000
vt 0.080842 0.000000
vt 0.085258 0.000000
vt 0.082456 0.000000
vt 0.077276 0.000000
vt 0.078465 0.000000
vt 0.083390 0.000000
vt 0.072096 0.000000
vt 0.066916 0.000000
vt 0.068614 0.000000
vt 0.073539 0.000000
vt 0.086192 0.000000
vt 0.082031 0.000000
vt 0.083220 0.000000
vt 0.077870 0.000000
vt 0.073709 0.000000
vt 0.075408 0.000000
vt 0.079314 0.000000
vt 0.073454 0.000000
vt 0.069803 0.000000
vt 0.069548 0.000000
vt 0.065387 0.000000
vt 0.067595 0.000000
vt 0.102666 0.000000
vt 0.099185 0.000000
vt 0.102582 0.000000
vt 0.102836 0.000000
vt 0.098845 0.000000
vt 0.102751 0.000000
vt 0.101987 0.000000
vt 0.100374 0.000000
vt 0.100543 0.000000
vt 0.101902 0.000000
vt 0.102157 0.000000
vt 0.100034 0.000000
vt 0.100204 0.000000
vt 0.025051 0.000000
vt 0.019871 0.000000
vt 0.020380 0.000000
vt 0.025136 0.000000
vt 0.024881 0.000000
vt 0.018852 0.000000
vt 0.024966 0.000000
vt 0.061311 0.000000
vt 0.058424 0.000000
vt 0.063179 0.000000
vt 0.067086 0.000000
vt 0.064198 0.000000
vt 0.039997 0.000000
vt 0.035326 0.000000
vt 0.036685 0.000000
vt 0.046620 0.000000
vt 0.043988 0.000000
vt 0.041101 0.000000
vt 0.043308 0.000000
vt 0.041355 0.000000
vt 0.038723 0.000000
vt 0.038893 0.000000
vt 0.559783 0.000000
vt 0.554348 0.000000
vt 0.557065 0.000000
vt 0.548913 0.000000
vt 0.551630 0.000000
vt 0.567935 0.000000
vt 0.556386 0.000000
vt 0.557065 0.000000
vt 0.555027 0.000000
vt 0.546196 0.000000
vt 0.555707 0.000000
vt 0.591712 0.000000
vt 0.582880 0.000000
vt 0.581522 0.000000
vt 0.589674 0.000000
vt 0.595788 0.000000
vt 0.585598 0.000000
vt 0.584239 0.000000
vt 0.575408 0.000000
vt 0.574728 0.000000
vt 0.583560 0.000000
vt 0.577446 0.000000
vt 0.587636 0.000000
vt 0.580163 0.000000
vt 0.578804 0.000000
vt 0.572690 0.000000
vt 0.572011 0.000000
vt 0.559103 0.000000
vt 0.557745 0.000000
vt 0.558424 0.000000
vt 0.542799 0.000000
vt 0.535326 0.000000
vt 0.538043 0.000000
vt 0.852273 0.000000
vt 0.846591 0.000000
vt 0.863636 0.000000
vt 0.857955 0.000000
vt 0.920455 0.000000
vt 0.801136 0.000000
vt 0.738636 0.000000
vt 0.931818 0.000000
vt 0.869318 0.000000
vt 0.926136 0.000000
vt 0.402699 0.000000
vt 0.464489 0.000000
vt 0.202415 0.000000
vt 0.291193 0.000000
vt 0.377841 0.000000
vt 0.302557 0.000000
vt 0.379972 0.000000
vt 0.151278 0.000000
vt 0.106534 0.000000
vt 0.096591 0.000000
vt 0.133523 0.000000
vt 0.186790 0.000000
vt 0.126420 0.000000
vt 0.116477 0.000000
vt 0.169034 0.000000
vt 0.066051 0.000000
vt 0.005682 0.000000
vt 0.011364 0.000000
vt 0.063920 0.000000
vt 0.330256 0.000000
vt 0.285511 0.000000
vt 0.244318 0.000000
vt 0.428267 0.000000
vt 0.367898 0.000000
vt 0.326705 0.000000
vt 0.379261 0.000000
vt 0.307528 0.000000
vt 0.247159 0.000000
vt 0.221591 0.000000
vt 0.274148 0.000000
vt 0.134233 0.000000
vt 0.120739 0.000000
vt 0.079545 0.000000
vt 0.085227 0.000000
vt 0.232244 0.000000
vt 0.161932 0.000000
vt 0.183239 0.000000
vt 0.174006 0.000000
vt 0.144886 0.000000
vt 0.140625 0.000000
vt 0.507813 0.000000
vt 0.541193 0.000000
vt 0.528409 0.000000
vt 0.485795 0.000000
vt 0.551847 0.000000
vt 0.566761 0.000000
vt 0.553977 0.000000
vt 0.529830 0.000000
vt 0.374290 0.000000
vt 0.407670 0.000000
vt 0.315341 0.000000
vt 0.492188 0.000000
vt 0.507102 0.000000
vt 0.457386 0.000000
vt 0.433239 0.000000
vt 0.522017 0.000000
vt 0.536932 0.000000
vt 0.481534 0.000000
vt 0.138494 0.000000
vt 0.208807 0.000000
vt 0.256392 0.000000
vt 0.308239 0.000000
vt 0.258523 0.000000
vt 0.197443 0.000000
vt 0.360085 0.000000
vt 0.411932 0.000000
vt 0.380682 0.000000
vt 0.319602 0.000000
vt 0.488636 0.000000
vt 0.670455 0.000000
vt 0.772727 0.000000
vt 0.795455 0.000000
vt 0.693182 0.000000
vt 0.465909 0.000000
vt 0.386364 0.000000
vt 0.443182 0.000000
vt 0.545455 0.000000
vt 0.284091 0.000000
vt 0.741477 0.000000
vt 0.688920 0.000000
vt 0.684659 0.000000
vt 0.676136 0.000000
vt 0.714489 0.000000
vt 0.713068 0.000000
vt 0.698864 0.000000
vt 0.701705 0.000000
vt 0.711648 0.000000
vt 0.710227 0.000000
vt 0.693182 0.000000
vt 0.696023 0.000000
vt 0.693182 0.000000
vt 0.649148 0.000000
vt 0.741477 0.000000
vt 0.761364 0.000000
vt 0.595170 0.000000
vt 0.622159 0.000000
vt 0.808239 0.000000
vt 0.920455 0.000000
vt 0.279830 0.000000
vt 0.372159 0.000000
vt 0.420455 0.000000
vt 0.335227 0.000000
vt 0.323864 0.000000
vt 0.224432 0.000000
vt 0.382102 0.000000
vt 0.522727 0.000000
vt 0.423295 0.000000
vt 0.501420 0.000000
vt 0.565341 0.000000
vt 0.517045 0.000000
vt 0.446023 0.000000
vt 0.546875 0.000000
vt 0.659091 0.000000
vt 0.588068 0.000000
vt 0.757102 0.000000
vt 0.784091 0.000000
vt 0.730114 0.000000
vt 0.859375 0.000000
vt 0.937500 0.000000
vt 0.943182 0.000000
vt 0.510000 0.000000
vt 0.260000 0.000000
vt 0.020000 0.000000
vt 0.030000 0.000000
vt 0.540000 0.000000
vt 0.310000 0.000000
vt 0.290000 0.000000
vt 0.410000 0.000000
vt 0.460000 0.000000
vt 0.360000 0.000000
vt 0.210000 0.000000
vt 0.220000 0.000000
vt 0.130000 0.000000
vt 0.660000 0.000000
vt 0.480000 0.000000
vt 0.490000 0.000000
vt 0.470000 0.000000
vt 0.980000 0.000000
vt 0.810000 0.000000
vt 0.970000 0.000000
vt 0.210000 0.000000
vt 0.160000 0.000000
vt 0.120000 0.000000
vt 0.140000 0.000000
vt 0.110000 0.000000
vt 0.490000 0.000000
vt 0.680000 0.000000
vt 0.670000 0.000000
vt 0.940000 0.000000
vt 0.930000 0.000000
vt 0.670000 0.000000
vt 0.660000 0.000000
vt 0.530000 0.000000
vt 0.610000 0.000000
vt 0.900000 0.000000
vt 0.890000 0.000000
vt 0.580000 0.000000
vt 0.550000 0.000000
vt 0.560000 0.000000
vt 0.580000 0.000000
vt 0.570000 0.000000
vt 0.690000 0.000000
vt 0.540000 0.000000
vt 0.590000 0.000000
vt 0.680000 0.000000
vt 0.730000 0.000000
vt 0.860000 0.000000
vt 0.690000 0.000000
vt 0.667614 0.000000
vt 0.653409 0.000000
vt 0.708807 0.000000
vt 0.690341 0.000000
vt 0.705966 0.000000
vt 0.684659 0.000000
vt 0.475852 0.000000
vt 0.474432 0.000000
vt 0.494318 0.000000
vt 0.438920 0.000000
vt 0.460227 0.000000
vt 0.457386 0.000000
vt 0.460227 0.000000
vt 0.465909 0.000000
vt 0.463068 0.000000
vt 0.477273 0.000000
vt 0.397727 0.000000
vt 0.579545 0.000000
vt 0.602273 0.000000
vt 0.419744 0.000000
vt 0.490057 0.000000
vt 0.463778 0.000000
vt 0.515625 0.000000
vt 0.441761 0.000000
vt 0.567472 0.000000
vt 0.619318 0.000000
vt 0.563920 0.000000
vt 0.115767 0.000000
vt 0.086648 0.000000
vt 0.076705 0.000000
vt 0.098011 0.000000
vt 0.267045 0.000000
vt 0.204545 0.000000
vt 0.392045 0.000000
vt 0.329545 0.000000
vt 0.278409 0.000000
vt 0.440341 0.000000
vt 0.239130 0.000000
vt 0.358696 0.000000
vt 0.130435 0.000000
vt 0.021739 0.000000
vt 0.032609 0.000000
vt 0.141304 0.000000
vt 0.260870 0.000000
vt 0.152174 0.000000
vt 0.184783 0.000000
vt 0.195652 0.000000
vt 0.163043 0.000000
vt 0.173913 0.000000
vt 0.760870 0.000000
vt 0.880435 0.000000
vt 0.978261 0.000000
vt 0.967391 0.000000
vt 0.326087 0.000000
vt 0.934783 0.000000
vt 0.923913 0.000000
vt 0.891304 0.000000
vt 0.619565 0.000000
vt 0.847826 0.000000
vt 0.836957 0.000000
vt 0.673913 0.000000
vt 0.336957 0.000000
vt 0.804348 0.000000
vt 0.793478 0.000000
vt 0.326087 0.000000
vt 0.507812 0.000000
vt 0.953125 0.000000
vt 0.640625 0.000000
vt 0.921875 0.000000
vt 0.765625 0.000000
vt 0.632812 0.000000
vt 0.742188 0.000000
vt 0.851562 0.000000
vt 0.726562 0.000000
vt 0.609375 0.000000
vt 0.398438 0.000000
vt 0.328125 0.000000
vt 0.476562 0.000000
vt 0.421875 0.000000
vt 0.085173 0.000000
vt 0.083050 0.000000
vt 0.347826 0.000000
vt 0.869565 0.000000
vt 0.902174 0.000000
vt 0.597826 0.000000
vt 0.445652 0.000000
vt 0.434783 0.000000
vt 0.423913 0.000000
vt 0.673913 0.000000
vt 0.516304 0.000000
vt 0.156250 0.000000
vt 0.450000 0.000000
vt 0.475000 0.000000
vt 0.373438 0.000000
vt 0.629688 0.000000
vt 0.665625 0.000000
vt 0.651563 0.000000
vt 0.795313 0.000000
vt 0.771875 0.000000
vt 0.837500 0.000000
vt 0.665625 0.000000
vt 0.753125 0.000000
vt 0.620312 0.000000
vt 0.684375 0.000000
vt 0.228261 0.000000
vt 0.206522 0.000000
vt 0.217391 0.000000
vt 0.112723 0.000000
vt 0.110863 0.000000
vt 0.101190 0.000000
vt 0.104167 0.000000
vt 0.059896 0.000000
vt 0.032738 0.000000
vt 0.081101 0.000000
vt 0.063988 0.000000
vt 0.087054 0.000000
vt 0.138021 0.000000
vt 0.122768 0.000000
vt 0.130952 0.000000
vt 0.116443 0.000000
vt 0.106399 0.000000
vt 0.114583 0.000000
vt 0.127232 0.000000
vt 0.089286 0.000000
vt 0.101935 0.000000
vt 0.107143 0.000000
vt 0.136905 0.000000
vt 0.119048 0.000000
vt 0.315476 0.000000
vt 0.196429 0.000000
vt 0.226190 0.000000
vt 0.601191 0.000000
vt 0.684524 0.000000
vt 0.517857 0.000000
vt 0.623512 0.000000
vt 0.651786 0.000000
vt 0.656250 0.000000
vt 0.669643 0.000000
vt 0.660714 0.000000
vt 0.639881 0.000000
vt 0.681548 0.000000
vt 0.547619 0.000000
vt 0.535714 0.000000
vt 0.595238 0.000000
vt 0.630952 0.000000
vt 0.702381 0.000000
vt 0.726190 0.000000
vt 0.630952 0.000000
vt 0.440476 0.000000
vt 0.566964 0.000000
vt 0.610119 0.000000
vt 0.736607 0.000000
vt 0.821429 0.000000
vt 0.833333 0.000000
vt 0.758929 0.000000
vt 0.910342 0.000000
vt 0.896577 0.000000
vt 0.961310 0.000000
vt 0.808408 0.000000
vt 0.773066 0.000000
vt 0.834821 0.000000
vt 0.737723 0.000000
vt 0.810268 0.000000
vt 0.835565 0.000000
vt 0.852679 0.000000
vt 0.841518 0.000000
vt 0.399926 0.000000
vt 0.366816 0.000000
vt 0.349702 0.000000
vt 0.372768 0.000000
vt 0.893973 0.000000
vt 0.943452 0.000000
vt 0.946429 0.000000
vt 0.887649 0.000000
vt 0.434152 0.000000
vt 0.405506 0.000000
vt 0.391369 0.000000
vt 0.411458 0.000000
vt 0.431920 0.000000
vt 0.436756 0.000000
vt 0.386905 0.000000
vt 0.389881 0.000000
vt 0.536458 0.000000
vt 0.486607 0.000000
vt 0.556920 0.000000
vt 0.577381 0.000000
vt 0.383333 0.000000
vt 0.808854 0.000000
vt 0.815625 0.000000
vt 0.841667 0.000000
vt 0.734896 0.000000
vt 0.763542 0.000000
vt 0.789583 0.000000
vt 0.323529 0.000000
vt 0.338235 0.000000
vt 0.176471 0.000000
vt 0.382353 0.000000
vt 0.235294 0.000000
vt 0.352941 0.000000
vt 0.205882 0.000000
vt 0.220588 0.000000
vt 0.617647 0.000000
vt 0.485294 0.000000
vt 0.602941 0.000000
vt 0.558824 0.000000
vt 0.455882 0.000000
vt 0.544118 0.000000
vt 0.426471 0.000000
vt 0.411765 0.000000
vt 0.279412 0.000000
vt 0.294118 0.000000
vt 0.264706 0.000000
vt 0.397059 0.000000
vt 0.308824 0.000000
vt 0.755055 0.000000
vt 0.747243 0.000000
vt 0.742647 0.000000
vt 0.746324 0.000000
vt 0.772518 0.000000
vt 0.756434 0.000000
vt 0.751838 0.000000
vt 0.763787 0.000000
vt 0.939798 0.000000
vt 0.932904 0.000000
vt 0.948529 0.000000
vt 0.952206 0.000000
vt 0.914982 0.000000
vt 0.901654 0.000000
vt 0.917279 0.000000
vt 0.927390 0.000000
vt 0.888327 0.000000
vt 0.897059 0.000000
vt 0.808364 0.000000
vt 0.802390 0.000000
vt 0.805147 0.000000
vt 0.804228 0.000000
vt 0.803309 0.000000
vt 0.890165 0.000000
vt 0.885110 0.000000
vt 0.883732 0.000000
vt 0.875919 0.000000
vt 0.880515 0.000000
vt 0.868107 0.000000
vt 0.860294 0.000000
vt 0.867647 0.000000
vt 0.874081 0.000000
vt 0.895221 0.000000
vt 0.793658 0.000000
vt 0.795037 0.000000
vt 0.805147 0.000000
vt 0.830882 0.000000
vt 0.818015 0.000000
vt 0.814338 0.000000
vt 0.761029 0.000000
vt 0.740809 0.000000
vt 0.720588 0.000000
vt 0.724265 0.000000
vt 0.740349 0.000000
vt 0.801471 0.000000
vt 0.367647 0.000000
vt 0.279412 0.000000
vt 0.191176 0.000000
vt 0.470588 0.000000
vt 0.132353 0.000000
vt 0.147059 0.000000
vt 0.073529 0.000000
vt 0.088235 0.000000
vt 0.102941 0.000000
vt 0.117647 0.000000
vt 0.897917 0.000000
vt 0.950000 0.000000
vt 0.550521 0.000000
vt 0.567188 0.000000
vt 0.565625 0.000000
vt 0.070312 0.000000
vt 0.059375 0.000000
vt 0.020833 0.000000
vt 0.086979 0.000000
vt 0.045833 0.000000
vt 0.067708 0.000000
vt 0.205208 0.000000
vt 0.199479 0.000000
vt 0.314583 0.000000
vt 0.311979 0.000000
vt 0.328646 0.000000
vt 0.184783 0.000000
vt 0.206522 0.000000
vt 0.097826 0.000000
vt 0.108696 0.000000
vt 0.065217 0.000000
vt 0.043478 0.000000
vt 0.076087 0.000000
vt 0.427083 0.000000
vt 0.376860 0.000000
vt 0.371280 0.000000
vt 0.382440 0.000000
vt 0.388765 0.000000
vt 0.400298 0.000000
vt 0.377232 0.000000
vt 0.795015 0.000000
vt 0.770089 0.000000
vt 0.844494 0.000000
vt 0.745164 0.000000
vt 0.333705 0.000000
vt 0.326637 0.000000
vt 0.345610 0.000000
vt 0.863839 0.000000
vt 0.853795 0.000000
vt 0.799107 0.000000
vt 0.817336 0.000000
vt 0.830357 0.000000
vt 0.869792 0.000000
vt 0.865699 0.000000
vt 0.809524 0.000000
vt 0.482143 0.000000
vt 0.428571 0.000000
vt 0.653274 0.000000
vt 0.797619 0.000000
vt 0.726191 0.000000
vt 0.738095 0.000000
vt 0.690476 0.000000
vt 0.595238 0.000000
vt 0.440476 0.000000
vt 0.799107 0.000000
vt 0.854911 0.000000
vt 0.910714 0.000000
vt 0.783482 0.000000
vt 0.803571 0.000000
vt 0.806548 0.000000
vt 0.096354 0.000000
vt 0.200149 0.000000
vt 0.202753 0.000000
vt 0.207589 0.000000
vt 0.206845 0.000000
vt 0.197545 0.000000
vt 0.206101 0.000000
vt 0.214658 0.000000
vt 0.215774 0.000000
vt 0.040923 0.000000
vt 0.098214 0.000000
vt 0.055060 0.000000
vt 0.047991 0.000000
vt 0.114211 0.000000
vt 0.110119 0.000000
vt 0.141369 0.000000
vt 0.130208 0.000000
vt 0.130580 0.000000
vt 0.141369 0.000000
vt 0.129464 0.000000
vt 0.129836 0.000000
vt 0.121280 0.000000
vt 0.122024 0.000000
vt 0.136905 0.000000
vt 0.138393 0.000000
vt 0.114583 0.000000
vt 0.701563 0.000000
vt 0.706250 0.000000
vt 0.395312 0.000000
vt 0.117188 0.000000
vt 0.115625 0.000000
vt 0.167188 0.000000
vt 0.137500 0.000000
vt 0.826087 0.000000
vt 0.739130 0.000000
vt 0.080927 0.000000
vt 0.078804 0.000000
vt 0.087126 0.000000
vt 0.089079 0.000000
vt 0.090693 0.000000
vt 0.087466 0.000000
vt 0.020296 0.000000
vt 0.021230 0.000000
vt 0.023438 0.000000
vt 0.025560 0.000000
vt 0.025645 0.000000
vt 0.027853 0.000000
vt 0.025476 0.000000
vt 0.179688 0.000000
vt 0.132812 0.000000
vt 0.148438 0.000000
vt 0.101562 0.000000
vt 0.539062 0.000000
vt 0.078125 0.000000
vt 0.085938 0.000000
vt 0.039062 0.000000
vt 0.054688 0.000000
vt 0.679688 0.000000
vt 0.007812 0.000000
vt 0.015625 0.000000
vt 0.351562 0.000000
vt 0.945312 0.000000
vt 0.976562 0.000000
vt 0.213068 0.000000
vt 0.057528 0.000000
vt 0.055398 0.000000
vt 0.028409 0.000000
vt 0.080256 0.000000
vt 0.066761 0.000000
vt 0.727273 0.000000
vt 0.730000 0.000000
vt 0.740000 0.000000
vt 0.720000 0.000000
vt 0.690000 0.000000
vt 0.710000 0.000000
vt 0.440000 0.000000
vt 0.470000 0.000000
vt 0.410000 0.000000
vt 0.420000 0.000000
vt 0.430000 0.000000
vt 0.370000 0.000000
vt 0.380000 0.000000
vt 0.390000 0.000000
vt 0.330000 0.000000
vt 0.340000 0.000000
vt 0.320000 0.000000
vt 0.090000 0.000000
vt 0.100000 0.000000
vt 0.080000 0.000000
vt 0.290000 0.000000
vt 0.050000 0.000000
vt 0.060000 0.000000
vt 0.040000 0.000000
vt 0.070000 0.000000
vt 0.872159 0.000000
vt 0.761364 0.000000
vt 0.769886 0.000000
vt 0.774148 0.000000
vt 0.758523 0.000000
vt 0.784091 0.000000
vt 0.789773 0.000000
vt 0.752841 0.000000
vt 0.778409 0.000000
vt 0.740057 0.000000
vt 0.786932 0.000000
vt 0.791193 0.000000
vt 0.806818 0.000000
vt 0.782670 0.000000
vt 0.764205 0.000000
vt 0.801136 0.000000
vt 0.744318 0.000000
vt 0.745739 0.000000
vt 0.102273 0.000000
vt 0.562500 0.000000
vt 0.568182 0.000000
vt 0.340909 0.000000
vt 0.585227 0.000000
vt 0.596591 0.000000
vt 0.581676 0.000000
vt 0.573864 0.000000
vt 0.982955 0.000000
vt 0.994318 0.000000
vt 0.988636 0.000000
vt 0.789773 0.000000
vt 0.897727 0.000000
vt 0.954545 0.000000
vt 0.960227 0.000000
vt 0.965909 0.000000
vt 0.914773 0.000000
vt 0.971591 0.000000
vt 0.977273 0.000000
vt 0.550272 0.000000
vt 0.552989 0.000000
vt 0.595109 0.000000
vt 0.592391 0.000000
vt 0.605978 0.000000
vt 0.603261 0.000000
vt 0.600543 0.000000
vt 0.544837 0.000000
vt 0.547554 0.000000
vt 0.061056 0.000000
vt 0.079144 0.000000
vt 0.073115 0.000000
vt 0.066491 0.000000
vt 0.012823 0.000000
vt 0.013757 0.000000
vt 0.019361 0.000000
vt 0.018342 0.000000
vt 0.011889 0.000000
vt 0.024796 0.000000
vt 0.030231 0.000000
vt 0.097486 0.000000
vt 0.097911 0.000000
vt 0.102072 0.000000
vt 0.094090 0.000000
vt 0.094514 0.000000
vt 0.089674 0.000000
vt 0.098675 0.000000
vt 0.099015 0.000000
vt 0.071501 0.000000
vt 0.091033 0.000000
vt 0.088060 0.000000
vt 0.084409 0.000000
vt 0.087636 0.000000
vt 0.056556 0.000000
vt 0.059783 0.000000
vt 0.061736 0.000000
vt 0.123641 0.000000
vt 0.122283 0.000000
vt 0.120584 0.000000
vt 0.120924 0.000000
vt 0.114130 0.000000
vt 0.129076 0.000000
vt 0.127717 0.000000
vt 0.121688 0.000000
vt 0.126359 0.000000
vt 0.117018 0.000000
vt 0.097996 0.000000
vt 0.104280 0.000000
vt 0.110054 0.000000
vt 0.108441 0.000000
vt 0.099355 0.000000
vt 0.104959 0.000000
vt 0.052989 0.000000
vt 0.047724 0.000000
vt 0.046535 0.000000
vt 0.055452 0.000000
vt 0.053838 0.000000
vt 0.061141 0.000000
vt 0.016814 0.000000
vt 0.009086 0.000000
vt 0.010020 0.000000
vt 0.017323 0.000000
vt 0.016304 0.000000
vt 0.008152 0.000000
vt 0.024541 0.000000
vt 0.024626 0.000000
vt 0.024457 0.000000
vt 0.024711 0.000000
vt 0.091202 0.000000
vt 0.081012 0.000000
vt 0.097232 0.000000
vt 0.087211 0.000000
vt 0.092221 0.000000
vt 0.078635 0.000000
vt 0.070907 0.000000
vt 0.068444 0.000000
vt 0.075747 0.000000
vt 0.081522 0.000000
vt 0.073370 0.000000
vt 0.094090 0.000000
vt 0.086362 0.000000
vt 0.097826 0.000000
vt 0.089674 0.000000
vt 0.079738 0.000000
vt 0.068529 0.000000
vt 0.077446 0.000000
vt 0.077191 0.000000
vt 0.070652 0.000000
vt 0.052649 0.000000
vt 0.060462 0.000000
vt 0.020890 0.000000
vt 0.025221 0.000000
vt 0.025306 0.000000
vt 0.029212 0.000000
vt 0.025391 0.000000
vt 0.091542 0.000000
vt 0.096467 0.000000
vt 0.095533 0.000000
vt 0.097147 0.000000
vt 0.086787 0.000000
vt 0.089929 0.000000
vt 0.094429 0.000000
vt 0.095109 0.000000
vt 0.089164 0.000000
vt 0.071077 0.000000
vt 0.417188 0.000000
vt 0.225000 0.000000
vt 0.212500 0.000000
vt 0.287500 0.000000
vt 0.304688 0.000000
vt 0.262500 0.000000
vt 0.912500 0.000000
vt 0.889063 0.000000
vt 0.887500 0.000000
vt 0.987500 0.000000
vt 0.975000 0.000000
vt 0.962500 0.000000
vt 0.128720 0.000000
vt 0.129092 0.000000
vt 0.123512 0.000000
vt 0.133929 0.000000
vt 0.135417 0.000000
vt 0.127976 0.000000
vt 0.124256 0.000000
vt 0.128348 0.000000
vt 0.122024 0.000000
vt 0.136533 0.000000
vt 0.146949 0.000000
vt 0.213542 0.000000
vt 0.270833 0.000000
vt 0.227679 0.000000
vt 0.246652 0.000000
vt 0.313988 0.000000
vt 0.111979 0.000000
vt 0.044643 0.000000
vt 0.381324 0.000000
vt 0.069196 0.000000
vt 0.083333 0.000000
vt 0.076265 0.000000
vt 0.002976 0.000000
vt 0.221726 0.000000
vt 0.238095 0.000000
vt 0.053571 0.000000
vt 0.056548 0.000000
vt 0.059524 0.000000
vt 0.050595 0.000000
vt 0.074033 0.000000
vt 0.079613 0.000000
vt 0.068452 0.000000
vt 0.074405 0.000000
vt 0.065476 0.000000
vt 0.094866 0.000000
vt 0.267857 0.000000
vt 0.273810 0.000000
vt 0.261905 0.000000
vt 0.244048 0.000000
vt 0.732143 0.000000
vt 0.821429 0.000000
vt 0.910714 0.000000
vt 0.677083 0.000000
vt 0.450149 0.000000
vt 0.622024 0.000000
vt 0.988095 0.000000
vt 0.985119 0.000000
vt 0.979167 0.000000
vt 0.965402 0.000000
vt 0.973214 0.000000
vt 0.976190 0.000000
vt 0.997024 0.000000
vt 0.994048 0.000000
vt 0.991071 0.000000
vt 0.780878 0.000000
vt 0.819196 0.000000
vt 0.808036 0.000000
vt 0.904762 0.000000
vt 0.639509 0.000000
vt 0.823661 0.000000
vt 0.768973 0.000000
vt 0.565476 0.000000
vt 0.476191 0.000000
vt 0.805060 0.000000
vt 0.913690 0.000000
vt 0.916667 0.000000
vt 0.845610 0.000000
vt 0.907738 0.000000
vt 0.721354 0.000000
vt 0.783482 0.000000
vt 0.894717 0.000000
vt 0.848214 0.000000
vt 0.919643 0.000000
vt 0.844866 0.000000
vt 0.869792 0.000000
vt 0.454613 0.000000
vt 0.413691 0.000000
vt 0.410714 0.000000
vt 0.407738 0.000000
vt 0.436012 0.000000
vt 0.425595 0.000000
vt 0.422619 0.000000
vt 0.558333 0.000000
vt 0.441667 0.000000
vt 0.708333 0.000000
vt 0.445833 0.000000
vt 0.462500 0.000000
vt 0.508333 0.000000
vt 0.255729 0.000000
vt 0.179167 0.000000
vt 0.182292 0.000000
vt 0.176563 0.000000
vt 0.195833 0.000000
vt 0.191667 0.000000
vt 0.278125 0.000000
vt 0.232812 0.000000
vt 0.883333 0.000000
vt 0.712500 0.000000
vt 0.692708 0.000000
vt 0.698438 0.000000
vt 0.729167 0.000000
vt 0.720833 0.000000
vt 0.866667 0.000000
vt 0.908333 0.000000
vt 0.916667 0.000000
vt 0.925000 0.000000
vt 0.891667 0.000000
vt 0.886458 0.000000
vt 0.910417 0.000000
vt 0.932813 0.000000
vt 0.942708 0.000000
vt 0.970833 0.000000
vt 0.995833 0.000000
vt 0.991667 0.000000
vt 0.983333 0.000000
vt 0.821691 0.000000
vt 0.823529 0.000000
vt 0.882353 0.000000
vt 0.862132 0.000000
vt 0.794118 0.000000
vt 0.764706 0.000000
vt 0.872702 0.000000
vt 0.926471 0.000000
vt 0.970588 0.000000
vt 0.937960 0.000000
vt 0.963235 0.000000
vt 0.911765 0.000000
vt 0.887408 0.000000
vt 0.774816 0.000000
vt 0.741728 0.000000
vt 0.770221 0.000000
vt 0.779412 0.000000
vt 0.705882 0.000000
vt 0.807445 0.000000
vt 0.816176 0.000000
vt 0.814338 0.000000
vt 0.789982 0.000000
vt 0.798713 0.000000
vt 0.985294 0.000000
vt 0.981618 0.000000
vt 0.974265 0.000000
vt 0.967371 0.000000
vt 0.966912 0.000000
vt 0.996324 0.000000
vt 0.992647 0.000000
vt 0.988971 0.000000
vt 0.856618 0.000000
vt 0.869485 0.000000
vt 0.832261 0.000000
vt 0.926471 0.000000
vt 0.881893 0.000000
vt 0.836397 0.000000
vt 0.821232 0.000000
vt 0.917279 0.000000
vt 0.910386 0.000000
vt 0.933824 0.000000
vt 0.921875 0.000000
vt 0.930147 0.000000
vt 0.887868 0.000000
vt 0.434896 0.000000
vt 0.429167 0.000000
vt 0.916146 0.000000
vt 0.761979 0.000000
vt 0.777083 0.000000
vt 0.691667 0.000000
vt 0.254167 0.000000
vt 0.158333 0.000000
vt 0.221875 0.000000
vt 0.317188 0.000000
vt 0.350521 0.000000
vt 0.432292 0.000000
vt 0.141667 0.000000
vt 0.048438 0.000000
vt 0.807292 0.000000
vt 0.822396 0.000000
vt 0.075000 0.000000
vt 0.806066 0.000000
vt 0.960478 0.000000
vt 0.741268 0.000000
vt 0.863051 0.000000
vt 0.838695 0.000000
vt 0.422247 0.000000
vt 0.388021 0.000000
vt 0.342262 0.000000
vt 0.411830 0.000000
vt 0.372024 0.000000
vt 0.609003 0.000000
vt 0.833705 0.000000
vt 0.704241 0.000000
vt 0.951637 0.000000
vt 0.090030 0.000000
vt 0.104539 0.000000
vt 0.193080 0.000000
vt 0.199405 0.000000
vt 0.216890 0.000000
vt 0.229167 0.000000
vt 0.062128 0.000000
vt 0.115327 0.000000
vt 0.005952 0.000000
vt 0.008929 0.000000
vt 0.274926 0.000000
vt 0.098958 0.000000
vt 0.041667 0.000000
vt 0.152158 0.000000
vt 0.141741 0.000000
vt 0.116443 0.000000
vt 0.118304 0.000000
vt 0.865625 0.000000
vt 0.610937 0.000000
vt 0.762500 0.000000
vt 0.321875 0.000000
vt 0.345312 0.000000
vt 0.076002 0.000000
vt 0.093920 0.000000
vt 0.021399 0.000000
vt 0.017493 0.000000
vt 0.021909 0.000000
vt 0.013587 0.000000
vt 0.014946 0.000000
vt 0.018427 0.000000
vt 0.033118 0.000000
vt 0.029297 0.000000
vt 0.064368 0.000000
vt 0.017833 0.000000
vt 0.010954 0.000000
vt 0.038468 0.000000
vt 0.035411 0.000000
vt 0.097062 0.000000
vt 0.096637 0.000000
vt 0.110224 0.000000
vt 0.107592 0.000000
vt 0.053838 0.000000
vt 0.051630 0.000000
vt 0.079654 0.000000
vt 0.066151 0.000000
vt 0.094939 0.000000
vt 0.098336 0.000000
vt 0.098760 0.000000
vt 0.009511 0.000000
vt 0.014691 0.000000
vt 0.056131 0.000000
vt 0.058594 0.000000
vt 0.036430 0.000000
vt 0.033967 0.000000
vt 0.536685 0.000000
vt 0.538723 0.000000
vt 0.529891 0.000000
vt 0.747159 0.000000
vt 0.748580 0.000000
vt 0.742898 0.000000
vt 0.926136 0.000000
vt 0.884943 0.000000
vt 0.948864 0.000000
vt 0.473011 0.000000
vt 0.482955 0.000000
vt 0.471591 0.000000
vt 0.053267 0.000000
vt 0.992188 0.000000
vt 0.984375 0.000000
vt 0.960938 0.000000
vt 0.554688 0.000000
vt 0.084239 0.000000
vt 0.109003 0.000000
vt 0.813244 0.000000
vt 0.949405 0.000000
vt 0.739890 0.000000
vt 0.739430 0.000000
vt 0.627976 0.000000
vt 0.633929 0.000000
vt 0.636905 0.000000
vt 0.645833 0.000000
vt 0.648810 0.000000
vt 0.251953 0.000000
vt 0.253906 0.000000
vt 0.255859 0.000000
vt 0.259766 0.000000
vt 0.261719 0.000000
vt 0.263672 0.000000
vt 0.267578 0.000000
vt 0.269531 0.000000
vt 0.880682 0.000000
vt 0.883523 0.000000
vt 0.849432 0.000000
vt 0.855114 0.000000
vt 0.860795 0.000000
vt 0.866477 0.000000
vt 0.877841 0.000000
s 0
f 4669/1/1 1417/2/1 6/3/1
f 4668/4/1 1418/5/1 1416/6/1 2888/7/1
f 2/8/1 1429/9/1 451/10/1
f 2223/11/1 1430/12/1 452/13/1
f 2223/11/1 4108/14/1 1430/12/1
f 1435/15/1 1433/10/1 1432/16/1
f 4667/17/1 1439/18/1 18/19/1 2834/20/1
f 2817/21/1 2815/22/1 2814/23/1
f 4666/24/1 1446/25/1 15/26/1 2836/27/1
f 16/28/2 1447/29/2 466/30/2
f 4665/31/1 2819/32/1 1441/33/1 2839/34/1
f 4664/35/1 2824/36/1 11/37/1 2841/38/1
f 9/39/1 2833/40/1 2828/41/1
f 27/42/1 1462/43/1 1461/44/1
f 27/42/1 1464/45/1 1462/43/1
f 28/46/1 2250/47/1 1466/48/1
f 38/49/1 1469/50/1 1468/51/1
f 28/46/1 2253/52/1 2250/47/1
f 39/53/1 1473/51/1 1472/54/1
f 39/53/1 1474/55/1 1473/51/1
f 29/56/1 2260/57/1 1476/58/1
f 29/56/1 2261/59/1 2260/57/1
f 40/60/1 1481/61/1 1480/62/1
f 29/56/1 2265/47/1 2261/59/1
f 41/63/1 1485/64/1 1484/65/1
f 30/66/1 2270/67/1 1486/68/1
f 30/66/1 2271/57/1 2270/67/1
f 42/69/1 1491/70/1 1490/71/1
f 42/69/1 1492/72/1 1491/70/1
f 30/66/1 2277/59/1 2271/57/1
f 43/73/1 1497/74/1 1496/75/1
f 30/66/1 2281/47/1 2277/59/1
f 32/76/1 1501/77/1 2283/78/1
f 31/57/1 2286/67/1 1502/59/1
f 32/76/1 1504/79/1 1501/77/1
f 31/57/1 1506/80/1 2286/67/1
f 20/81/1 2291/82/1 2290/83/1
f 4663/84/1 2740/85/1 51/86/1 2758/87/1
f 1405/88/1 1513/89/1 1514/2/1
f 4662/90/1 1515/91/1 1513/89/1 2763/92/1
f 4661/93/1 1521/94/1 2762/95/1 1517/96/1
f 53/97/1 2306/98/1 1522/99/1
f 53/97/1 2307/100/1 2306/98/1
f 54/101/1 2310/102/1 1526/103/1
f 55/104/1 2312/105/1 1528/98/1
f 56/26/1 1531/106/1 2313/107/1 549/108/1 1530/109/1
f 4660/110/1 553/111/1 57/112/1 1529/113/1
f 56/26/1 1533/114/1 552/115/1
f 3973/116/1 2750/2/1 296/95/1 1961/117/1
f 44/118/1 2751/119/1 2749/22/1
f 44/118/1 2752/120/1 2751/119/1
f 4659/121/1 1540/122/1 45/123/1 2754/124/1
f 2755/125/1 45/123/1 1027/126/1
f 68/42/1 1547/43/1 1546/44/1
f 68/42/1 1549/45/1 1547/43/1
f 69/46/1 2333/47/1 1551/48/1
f 79/49/1 1554/50/1 1553/51/1
f 69/46/1 2336/52/1 2333/47/1
f 80/53/1 1558/51/1 1557/54/1
f 80/53/1 1559/55/1 1558/51/1
f 70/56/1 2343/57/1 1561/58/1
f 70/56/1 2344/59/1 2343/57/1
f 81/60/1 1566/61/1 1565/62/1
f 70/56/1 2348/47/1 2344/59/1
f 82/63/1 1570/64/1 1569/65/1
f 71/66/1 2353/67/1 1571/68/1
f 71/66/1 2354/57/1 2353/67/1
f 83/69/1 1576/70/1 1575/71/1
f 83/69/1 1577/72/1 1576/70/1
f 71/66/1 2360/59/1 2354/57/1
f 84/73/1 1582/74/1 1581/75/1
f 71/66/1 2364/47/1 2360/59/1
f 73/76/1 1586/77/1 2366/78/1
f 72/57/1 2369/67/1 1587/59/1
f 73/76/1 1589/79/1 1586/77/1
f 72/57/1 1591/80/1 2369/67/1
f 61/81/1 2374/82/1 2373/83/1
f 4658/127/1 1596/128/1 89/129/1 2714/130/1
f 4657/131/1 1599/132/1 87/37/1 2711/133/1
f 4656/134/1 1606/135/1 2666/76/1 4230/136/1
f 103/137/1 2387/138/1 1605/139/1
f 104/140/1 1609/141/1 1608/137/1
f 104/140/1 1611/142/1 1609/141/1
f 104/140/1 1613/143/1 1611/142/1
f 104/140/1 2395/51/1 1613/143/1
f 1613/144/2 3856/145/2 1616/137/2
f 105/72/1 1619/50/1 1618/78/1
f 103/137/1 2400/145/1 2387/138/1
f 106/49/1 1623/51/1 644/74/1
f 2402/53/1 3845/146/1 1624/54/1
f 1625/60/1 1627/147/1 1626/148/1
f 107/69/1 1631/49/1 1630/71/1
f 103/137/1 2409/146/1 2400/145/1
f 103/137/1 1634/76/1 2409/146/1
f 103/137/1 1635/135/1 1634/76/1
f 103/137/1 94/149/1 95/150/1 2412/151/1 654/77/1 1635/135/1
f 3826/152/1 1638/153/1 2688/154/1
f 4655/155/1 1895/156/1 2687/157/1
f 117/158/1 2417/159/1 660/160/1 1641/161/1 131/162/1 1642/163/1 661/164/1 2418/165/1 116/166/1 2660/167/1 910/168/1 1883/169/1 250/170/1 2655/171/1 905/172/1 1878/173/1 245/174/1 2658/175/1 908/176/1 1881/177/1 248/178/1 2651/179/1 901/180/1 1874/181/1 241/182/1 2659/183/1 909/184/1 1882/185/1 249/186/1 2653/187/1 903/188/1 1876/189/1 243/190/1 2657/191/1 907/192/1 1880/193/1 247/194/1 2416/195/1 659/196/1 1640/197/1
f 131/162/1 1643/198/1 662/199/1 2419/200/1 115/201/1 2656/202/1 906/203/1 1879/204/1 246/205/1 2652/206/1 902/207/1 1875/208/1 242/209/1 2654/210/1 904/211/1 1877/212/1 244/213/1 2420/214/1 663/215/1 1644/216/1 116/166/1 2418/165/1 661/164/1 1642/163/1
f 131/162/1 1645/217/1 1643/198/1
f 131/162/1 1647/218/1 1645/217/1
f 131/162/1 1649/219/1 1647/218/1
f 2430/164/1 3809/220/1 1650/221/1
f 117/158/1 2428/222/1 2417/159/1
f 126/223/1 1656/224/1 1655/225/1
f 127/163/1 3802/226/1 678/198/1
f 128/227/1 1658/160/1 679/228/1
f 129/219/1 1659/229/1 681/230/1
f 117/158/1 2437/221/1 2428/222/1
f 133/93/1 1662/70/1 1661/231/1
f 133/93/1 1664/163/1 1662/70/1
f 133/93/1 1665/198/1 1664/163/1
f 133/93/1 691/232/1 1665/198/1
f 133/93/3 2446/233/3 691/232/3
f 2452/130/1 3773/234/1 1668/162/1
f 117/158/1 2450/220/1 2437/221/1
f 2453/235/1 1673/236/1 1672/237/1
f 2457/2/1 1675/231/1 1674/238/1
f 2457/2/1 3769/70/1 1675/231/1
f 2458/239/1 1678/240/1 1677/241/1
f 1679/20/1 1680/233/1 3768/242/1
f 117/158/1 2465/224/1 2450/220/1
f 117/158/1 2467/243/1 2465/224/1
f 117/158/1 911/244/1 2467/243/1
f 709/245/1 252/243/1 2469/246/1 711/247/1 1690/248/1 118/249/1 2470/250/1 712/251/1 1691/252/1 119/253/1 1688/251/1
f 141/42/1 1693/43/1 1692/44/1
f 142/46/1 1696/151/1 1695/48/1
f 142/46/1 2476/47/1 1696/151/1
f 152/49/1 1699/50/1 1698/78/1
f 142/46/1 2480/52/1 2476/47/1
f 153/53/1 1704/51/1 1703/54/1
f 143/56/1 2485/57/1 1705/58/1
f 153/53/1 1707/55/1 1704/51/1
f 143/56/1 2488/59/1 2485/57/1
f 154/60/1 1712/61/1 1711/62/1
f 143/56/1 2492/47/1 2488/59/1
f 155/63/1 1716/64/1 1715/65/1
f 144/66/1 2497/67/1 1717/68/1
f 144/66/1 2498/57/1 2497/67/1
f 156/69/1 1722/70/1 1721/71/1
f 156/69/1 1723/72/1 1722/70/1
f 157/73/1 1726/74/1 1725/75/1
f 144/66/1 2506/59/1 2498/57/1
f 146/76/1 1730/77/1 2508/78/1
f 144/66/1 2510/47/1 2506/59/1
f 145/57/1 2513/67/1 1733/59/1
f 146/76/1 1735/79/1 1730/77/1
f 145/57/1 1737/80/1 2513/67/1
f 134/81/1 2518/82/1 2517/83/1
f 162/254/1 1741/255/1 762/256/1 2520/257/1 160/258/1 2591/259/1 834/260/1 1813/261/1 198/257/1 2521/262/1 763/158/1 1742/263/1 161/256/1 2597/264/1 840/265/1 1819/266/1 204/267/1 2589/268/1 832/269/1 1811/270/1 196/271/1 2595/272/1 838/273/1 1817/274/1 202/275/1 2587/276/1 830/253/1 1809/277/1 194/255/1 2596/278/1 839/279/1 1818/280/1 203/281/1 2588/282/1 831/283/1 1810/284/1 195/285/1 2590/165/1 833/286/1 1812/287/1 197/288/1 2519/289/1 761/290/1 1740/291/1
f 162/254/1 1743/271/1 764/257/1 2522/292/1 159/293/1 2601/294/1 844/295/1 1823/296/1 207/297/1 2592/298/1 835/299/1 1814/300/1 199/301/1 2599/302/1 842/303/1 1821/304/1 205/292/1 2523/305/1 765/306/1 1744/307/1 160/258/1 2520/257/1 762/256/1 1741/255/1
f 898/308/2 227/309/2 2648/235/2
f 2529/220/4 217/255/4 1836/263/4
f 4654/310/1 1754/311/1 165/312/1 1755/313/1
f 165/312/1 2616/314/1 1755/313/1
f 4653/315/1 2616/314/1 165/312/1 2623/316/1
f 189/317/1 1761/318/1 1760/319/1
f 189/317/1 1763/320/1 1761/318/1
f 190/321/1 1766/322/1 1765/323/1
f 181/324/1 2546/325/1 2545/326/1
f 181/324/1 2547/327/1 2546/325/1
f 182/328/1 2549/329/1 2548/330/1
f 190/321/1 1773/331/1 1766/322/1
f 183/330/1 2554/332/1 1775/329/1
f 190/321/1 1777/333/1 1773/331/1
f 191/334/1 1780/129/1 1779/335/1
f 184/336/1 2560/337/1 1781/338/1
f 191/334/1 1783/339/1 1780/129/1
f 192/340/1 1786/341/1 1785/342/1
f 192/340/1 1787/320/1 1786/341/1
f 192/340/1 1789/343/1 1787/320/1
f 173/39/1 1792/344/1 1791/345/1
f 173/39/1 1794/346/1 1792/344/1
f 174/347/1 1797/348/1 1796/349/1
f 193/73/1 1799/319/1 1798/350/1
f 193/73/1 1800/341/1 1799/319/1
f 175/351/1 1803/352/1 1802/353/1
f 193/73/1 1804/333/1 1800/341/1
f 193/73/1 1805/354/1 1804/333/1
f 168/81/1 2586/355/1 2585/158/1
f 162/254/1 2593/220/1 836/356/1 1815/357/1 200/358/1 2598/359/1 841/360/1 1820/361/1 201/229/1 2600/362/1 843/363/1 1822/364/1 206/365/1 2536/366/1 778/367/1 1758/368/1 164/369/1 1750/229/1 770/360/1 2528/358/1
f 166/370/1 868/371/1 1759/372/1
f 4652/373/1 232/370/1 3681/374/1
f 4651/375/1 871/376/1 233/377/1 2626/378/1
f 3577/379/1 226/380/1 2627/381/1
f 223/382/1 874/383/1 3575/384/1
f 223/382/1 2537/385/1 874/383/1
f 231/70/1 850/386/1 3573/387/1
f 4650/388/1 1852/389/1 230/314/1 2607/390/1
f 221/255/1 2631/285/1 1840/391/1
f 221/255/1 2632/392/1 2631/285/1
f 222/370/1 2534/70/1 1857/393/1
f 4649/394/1 1858/395/1 221/255/1 1840/391/1
f 4648/396/1 1859/397/1 234/398/1 2636/399/1
f 4647/400/1 1839/401/1 220/402/1 2637/403/1
f 4646/404/1 1862/405/1 219/406/1 2531/407/1
f 4645/408/1 1863/409/1 235/306/1 2640/410/1
f 4644/411/1 1844/412/1 228/413/1 2641/414/1
f 214/360/1 1868/415/1 892/416/1 2644/417/1 236/393/1 2642/418/1 890/419/1 1866/420/1 216/421/1 2647/422/1 897/423/1 1870/424/1 237/425/1 2527/426/1 769/427/1 1749/239/1 2619/428/1 1746/429/1 767/430/1 2524/431/1
f 4643/432/1 1867/433/1 236/393/1 2644/417/1
f 215/434/1 2526/363/1 768/402/1 1748/385/1 167/435/1 2650/436/1 900/437/1 1873/438/1 240/439/1 2620/440/1 864/441/1 1843/442/1 227/309/1 898/308/1 893/387/1 1869/443/1 236/393/1 1867/433/1 891/366/1 2643/164/1
f 213/70/1 895/387/1 2645/444/1
f 4642/445/1 915/446/1 254/447/1
f 4641/448/1 1890/449/1 259/449/1 3874/450/1
f 4640/451/1 1891/449/1 260/449/1 2669/452/1
f 257/139/1 924/453/1 2670/450/1
f 1900/454/1 1902/455/1 2691/456/1
f 4637/457/1 931/458/1 264/459/1
f 3498/460/1 943/461/1 275/462/1 2681/463/1
f 3495/464/1 276/465/1 2693/466/1
f 4635/467/1 1911/468/1 4244/469/1
f 2694/470/1 4242/471/1 3501/472/1 2680/473/1
f 4634/474/5 1916/475/5 277/476/5 946/477/5
f 1919/478/1 948/479/1 4240/480/1 2671/481/1
f 3472/482/1 4235/483/1 1914/484/1 2679/485/1
f 4630/486/1 1922/487/1 952/488/1
f 4629/489/1 4259/490/1 1921/491/1 2699/492/1
f 1907/493/5 935/494/5 3466/495/5 2415/496/5
f 4628/497/1 1923/498/1 3505/499/1 4234/500/1
f 1925/501/5 955/502/5 272/503/5 4267/504/5
f 4627/505/5 925/506/5 3461/507/5 4655/508/5
f 3460/509/1 1926/459/1 2676/510/1
f 3458/511/1 956/512/1 2703/513/1 2704/514/1
f 4625/515/1 1941/516/1 286/517/1 2382/518/1
f 4624/519/1 1942/520/1 290/521/1 2720/522/1
f 4623/523/1 1940/524/1 289/525/1 2721/526/1
f 4622/527/1 1945/164/1 284/229/1 2380/528/1
f 4621/165/1 1947/220/1 2722/529/1
f 4618/530/1 1949/531/1 291/532/1 2726/533/1
f 4616/534/1 1952/535/1 287/536/1 2705/537/1
f 4615/538/1 1953/539/1 292/128/1 2729/93/1
f 4614/540/1 1933/133/1 283/229/1 2730/533/1
f 4613/541/1 2000/542/1 331/543/1 2775/544/1
f 4612/545/1 2003/546/1 314/22/1 2322/543/1
f 4611/547/1 2005/124/1 2778/548/1
f 3369/549/1 1980/550/1 2779/551/1
f 312/22/1 2780/552/1 2319/553/1
f 312/22/1 2781/554/1 2780/552/1
f 2004/555/1 2320/22/1 2008/556/1
f 2786/101/1 2783/557/1 2317/558/1
f 2786/101/1 2784/559/1 2783/557/1
f 312/22/1 2319/553/1 2011/560/1
f 1994/561/1 1048/562/1 324/563/1
f 1977/564/6 2318/565/6 311/566/6 1008/567/6
f 4163/568/1 3340/569/1 1050/570/1
f 4163/568/1 2013/571/1 3340/569/1
f 309/572/1 1975/573/1 2013/574/1
f 4609/575/1 2014/576/1 322/577/1 2734/578/1
f 4608/579/1 2015/580/1 333/96/1 2789/581/1
f 4607/582/1 1969/583/1 304/584/1 2790/585/1
f 4606/586/1 1003/587/1 306/588/1 534/589/1
f 2018/590/1 2020/591/1 2793/592/1
f 4605/593/1 1970/594/1 305/595/1 2299/596/1
f 4604/597/1 2021/598/1 334/599/1 2797/600/1
f 4603/601/1 1990/602/1 321/603/1 2733/604/1
f 3301/605/1 2024/606/1 335/607/1 1063/608/1
f 3298/609/1 302/610/1 1064/611/1
f 4602/612/1 2025/613/1 336/614/1 2802/531/1
f 4601/615/1 2029/616/1 337/617/1 2805/618/1
f 4600/619/1 2294/111/1 299/620/1 2806/621/1
f 2067/622/1 2842/623/1 2068/624/1
f 2067/622/1 2843/625/1 2842/623/1
f 359/626/1 2243/627/1 2066/628/1
f 1078/629/1 2069/630/1 366/36/1 2811/631/1
f 4599/632/1 2070/164/1 367/633/1 2847/634/1
f 4598/635/1 2235/636/1 351/637/1 2848/638/1
f 4597/639/1 2073/640/1 368/641/1 2851/642/1
f 1120/643/1 4090/516/1 4147/517/1 2809/644/1
f 4596/645/1 2076/520/1 369/521/1 2854/646/1
f 4595/530/1 2231/647/1 345/622/1 2855/640/1
f 4594/648/1 2078/649/1 354/650/1 2238/651/1
f 4593/652/1 2079/653/1 370/654/1 2858/655/1
f 4592/656/1 2061/657/1 364/658/1 2859/659/1
f 4591/218/1 2047/660/1 352/102/1 2236/661/1
f 4590/662/1 2082/663/1 371/664/1 2862/665/1
f 4589/666/1 2060/667/1 363/668/1 2863/669/1
f 3208/26/1 2823/670/1 1088/337/1
f 3208/26/1 2822/671/1 2823/670/1
f 349/624/1 2044/636/1 1087/672/1
f 4588/673/1 2086/674/1 362/675/1 2807/676/1
f 4587/677/1 2087/678/1 372/679/1 2866/680/1
f 4586/681/1 2043/227/1 348/671/1 2867/682/1
f 4585/683/1 2091/684/1 373/685/1 2870/686/1
f 342/229/1 2872/330/1 2229/687/1
f 342/229/1 2873/688/1 2872/330/1
f 344/622/1 3186/689/1 2096/532/1
f 4583/690/1 2098/691/1 374/692/1 2877/693/1
f 4582/694/1 2038/695/1 342/229/1 2878/696/1
f 2108/697/5 2112/698/5 384/70/5 2215/699/5
f 4581/700/1 2114/701/1 385/702/1 2880/703/1
f 4580/704/1 2115/705/1 388/706/1 2894/707/1
f 4579/708/1 2103/709/1 380/710/1 2895/711/1
f 3135/712/1 1152/713/1 2879/714/1
f 3133/241/1 2120/715/1 2899/716/1
f 4577/717/1 2102/718/1 379/710/1 2900/719/1
f 4576/17/1 2123/18/1 401/19/1 2166/20/1
f 1196/21/1 2927/22/1 2926/23/1
f 4574/24/1 2909/25/1 398/26/1 2168/27/1
f 399/28/4 2130/29/4 1175/30/4
f 4573/31/1 2929/32/1 391/33/1 2171/34/1
f 4572/35/1 2936/36/1 2911/37/1 2173/38/1
f 392/39/1 2165/40/1 2941/41/1
f 427/622/1 2954/623/1 2177/624/1
f 427/622/1 2955/625/1 2954/623/1
f 428/626/1 2142/627/1 2176/628/1
f 4571/629/1 2178/630/1 435/36/1 2149/631/1
f 4570/632/1 2179/164/1 436/633/1 2959/634/1
f 4569/635/1 2912/636/1 419/637/1 2960/638/1
f 4568/639/1 2182/640/1 437/641/1 2963/642/1
f 1236/643/1 3112/516/1 4480/517/1 2147/644/1
f 4567/645/1 2185/520/1 438/521/1 2966/646/1
f 4566/530/1 2906/647/1 412/622/1 2967/640/1
f 4565/648/1 2187/649/1 422/650/1 2135/651/1
f 4564/652/1 2188/653/1 439/654/1 2970/655/1
f 4563/656/1 2951/657/1 433/658/1 2971/659/1
f 4562/218/1 2937/660/1 420/102/1 2133/661/1
f 4561/662/1 2191/663/1 440/664/1 2974/665/1
f 4560/666/1 2950/667/1 432/668/1 2145/669/1
f 415/26/1 2934/670/1 1204/337/1
f 415/26/1 2933/671/1 2934/670/1
f 417/624/5 2158/636/5 1203/672/5
f 4559/673/1 2194/674/1 431/675/1 2144/676/1
f 4558/677/1 2195/678/1 441/679/1 2978/680/1
f 4557/681/1 2932/227/1 416/671/1 2979/682/1
f 4556/683/1 2198/684/1 442/685/1 2982/686/1
f 409/229/1 2983/330/1 2903/687/1
f 409/229/1 2984/688/1 2983/330/1
f 411/622/1 2904/689/1 2203/532/1
f 4554/690/1 2205/691/1 443/692/1 2988/693/1
f 4553/694/1 2152/695/1 409/229/1 2989/696/1
f 4552/720/1 2990/721/1 1261/722/1 2207/723/1
f 4551/724/1 2991/725/1 1262/726/1 2992/727/1
f 4550/728/1 2926/23/1 1193/729/1 2993/730/1
f 4549/731/1 2994/732/1 1260/537/1 2206/733/1
f 4548/734/1 2995/735/1 1263/736/1 2996/737/1
f 4547/738/1 2987/739/1 1259/740/1 2997/741/1
f 1264/742/1 2999/743/1 4555/744/1 2923/745/1
f 4545/746/1 2986/747/1 1258/748/1 2999/749/1
f 1257/29/1 3000/750/1 2985/751/1
f 1257/29/1 3001/752/1 3000/750/1
f 3010/26/1 2125/753/1 3002/754/1
f 1255/755/1 3003/756/1 2201/343/1
f 1255/755/1 3004/757/1 3003/756/1
f 1256/636/1 2202/623/1 3005/102/1
f 1169/30/1 3006/758/1 2123/18/1
f 1169/30/1 3007/111/1 3006/758/1
f 1255/755/1 2201/343/1 3008/759/1
f 4544/760/1 3011/761/1 4470/762/1 2200/763/1
f 4543/764/1 3012/765/1 1265/680/1 3013/766/1
f 4542/767/1 2167/768/1 1218/769/1 2948/770/1
f 4541/771/1 3014/772/1 1254/773/1 2199/774/1
f 4540/775/1 3015/776/1 1266/777/1 3016/778/1
f 4539/779/1 2981/780/1 1253/223/1 3017/781/1
f 4538/782/1 2127/783/1 1172/784/1 2907/537/1
f 4537/785/1 3018/786/1 1267/162/1 3019/787/1
f 4536/788/1 2980/789/1 1252/790/1 3020/791/1
f 4535/760/1 3021/786/1 1251/792/1 2197/793/1
f 4534/794/1 3022/795/1 1268/682/1 3023/796/1
f 4533/797/1 2157/687/1 1202/670/1 3024/798/1
f 4532/799/1 3025/800/1 1250/801/1 2196/789/1
f 4531/802/1 3026/803/1 1269/763/1 3027/761/1
f 4530/804/1 2977/805/1 1249/27/1 3028/806/1
f 4528/807/1 3030/808/1 1270/539/1 3031/787/1
f 4527/809/1 2976/810/1 1248/811/1 3032/812/1
f 394/229/7 2934/813/7 1204/636/7
f 1203/814/4 2933/815/4 394/36/4
f 1204/816/1 2934/624/1 2975/817/1
f 1203/330/4 2158/816/4 2933/647/4
f 1201/671/1 3035/102/1 3034/670/1
f 1201/671/1 3033/330/1 3035/102/1
f 1204/816/1 2975/817/1 418/668/1
f 4526/818/1 3036/819/1 1247/820/1 2193/531/1
f 4525/821/1 3037/772/1 1271/822/1 3038/823/1
f 4524/824/1 2169/820/1 1220/825/1 3039/826/1
f 4523/827/1 3040/828/1 1246/829/1 2192/830/1
f 4522/831/1 3041/199/1 1272/832/1 3042/833/1
f 4521/834/1 2973/835/1 1245/836/1 3043/837/1
f 4520/838/1 3044/839/1 1177/757/1 2913/840/1
f 4519/841/1 3045/842/1 1273/843/1 3046/844/1
f 4518/845/1 2972/774/1 1244/846/1 3047/847/1
f 4517/848/1 3048/849/1 1243/850/1 2190/851/1
f 4516/852/1 3049/853/1 1274/854/1 3050/855/1
f 4515/856/1 2170/857/1 1221/858/1 3051/859/1
f 4514/218/1 3052/860/1 1242/38/1 2189/861/1
f 4513/240/1 3053/862/1 1275/863/1 3054/864/1
f 4512/865/1 2969/866/1 1241/132/1 3055/867/1
f 4511/868/1 3056/869/1 1179/870/1 2915/871/1
f 4510/159/1 3057/872/1 1276/873/1 3058/244/1
f 4509/874/1 2968/166/1 1240/518/1 3059/875/1
f 4508/876/1 3060/877/1 1239/878/1 2186/879/1
f 4507/880/1 3061/881/1 1277/882/1 3062/883/1
f 4506/884/1 2126/30/1 1171/671/1 3063/217/1
f 4504/885/1 3065/886/1 1278/887/1 3066/888/1
f 4503/889/1 2965/634/1 1237/890/1 3067/891/1
f 1238/892/1 2966/893/1 4501/894/1 3069/895/1
f 4500/896/1 3070/897/1 1235/898/1 2184/899/1
f 4499/900/1 3071/901/1 1279/902/1 3072/903/1
f 4498/904/1 2172/905/1 1223/906/1 2952/907/1
f 4497/908/1 3073/823/1 1234/909/1 2183/910/1
f 4496/911/1 3074/912/1 1280/669/1 3075/913/1
f 4495/841/1 2962/914/1 1233/915/1 3076/916/1
f 4494/917/1 2138/918/1 1183/521/1 2918/919/1
f 4493/920/1 3077/921/1 1281/922/1 3078/923/1
f 4492/924/1 2961/925/1 1232/926/1 3079/725/1
f 4491/927/1 3080/928/1 1231/929/1 2181/726/1
f 4490/930/1 3081/931/1 1282/932/1 3082/160/1
f 4489/933/1 2132/672/1 1176/229/1 3083/934/1
f 4488/935/1 3084/833/1 1230/915/1 2180/936/1
f 4487/937/1 3085/928/1 1283/164/1 3086/938/1
f 4486/724/1 2958/932/1 1229/939/1 3087/940/1
f 1213/941/1 3089/942/1 1284/777/1 3090/943/1
f 4485/944/1 2957/945/1 1228/224/1 3091/946/1
f 1181/337/1 1186/947/1 2136/948/1
f 1227/949/1 3092/220/1 2956/814/1
f 1227/949/1 3093/950/1 3092/220/1
f 1187/158/1 2922/951/1 3094/952/1
f 1225/636/1 3095/133/1 2174/688/1
f 1225/636/1 3096/36/1 3095/133/1
f 1226/953/1 2175/954/1 3097/955/1
f 1186/330/1 3098/687/1 2141/26/1
f 1186/330/1 3099/956/1 3098/687/1
f 1225/636/1 2174/688/1 3100/647/1
f 1215/957/1 3101/958/1 3104/37/1
f 1215/957/1 3102/654/1 3101/958/1
f 1216/32/1 2946/959/1 3103/960/1
f 4484/961/1 3105/962/1 1224/625/1 2953/963/1
f 4483/964/1 3106/965/1 1285/966/1 3107/967/1
f 4482/968/1 2159/813/1 1206/814/1 3108/921/1
f 4481/969/1 3109/970/1 405/971/1 2163/972/1
f 4479/973/1 3111/974/1 1286/975/1 3112/976/1
f 4478/977/1 2155/815/1 1198/628/1 3113/978/1
f 4477/979/1 3114/980/1 1287/510/1 3115/981/1
f 4476/982/1 3118/445/1 403/983/1 3117/984/1
f 1204/985/1 1205/625/1 2975/986/1
f 1204/985/1 2934/987/1 1205/625/1
f 417/988/4 2910/26/4 2158/989/4
f 1175/671/8 2910/102/8 417/670/8
f 4474/990/1 3119/991/1 1219/679/1 2949/811/1
f 4473/992/1 3120/993/1 1288/793/1 3121/994/1
f 4472/995/1 2129/947/1 1174/337/1 3122/796/1
f 1194/41/1 1197/654/1 2154/949/1
f 1194/41/1 3009/996/1 1197/654/1
f 1196/997/1 391/998/1 3009/999/1
f 1193/729/1 3123/815/1 2152/695/1
f 1193/729/1 3124/654/1 3123/815/1
f 1194/41/1 2154/949/1 3125/220/1
f 4469/1000/1 3126/1001/1 1217/1002/1 2947/1003/1
f 4468/1004/1 3127/787/1 1289/93/1 3128/1005/1
f 4467/1006/1 2903/687/1 1169/30/1 3129/1007/1
f 4466/1008/1 3130/1009/1 1166/1010/1
f 4465/1011/1 3131/1012/1 1290/719/1
f 4464/1013/1 2883/709/1 1148/1014/1 3132/1015/1
f 4463/1016/1 1291/1017/1 1165/1018/1
f 4462/1019/1 444/1020/1 1291/1021/1
f 2208/1022/1 2898/3/1 3133/1023/1
f 4460/1024/1 1165/1025/1 3134/239/1
f 2899/1026/1 2897/1027/1 4578/1028/1
f 4459/1029/1 3136/1030/1 1292/1031/1 3137/1032/1
f 4458/1033/1 4/1034/1 1152/1035/1 3138/1036/1
f 4457/1037/1 3140/1038/1 1293/1039/1 3141/1040/1
f 4456/238/1 2896/1041/1 1162/1042/1 3142/1043/1
f 3143/1044/1 2211/1045/1 5/1046/1
f 4455/1047/1 4454/1048/1 3144/1049/1 1147/1050/1
f 4454/237/1 4128/1051/1 4121/1046/1 3144/1052/1
f 4453/1053/1 3145/1054/1 1161/1055/1 2117/1056/1
f 4452/1057/1 3146/1058/1 1294/1059/1 3147/1060/1
f 4451/1061/1 2884/1062/1 1149/1063/1 3148/1064/1
f 4450/1065/1 3149/1066/1 1160/1067/1 2116/1068/1
f 4449/1069/1 3150/1070/1 1295/701/1 3151/1071/1
f 4448/1072/1 2893/1073/1 1159/1074/1 3152/1075/1
f 4447/1076/1 3154/1077/1 1296/1078/1 3155/1079/1
f 4446/1080/1 2892/1081/1 1158/20/1 3156/1082/1
f 3161/1083/1 3163/1084/1 3162/1085/1
f 2891/1086/1 3159/1087/1 3163/1088/1
f 2215/1089/5 384/1090/5 449/1091/5 1422/1092/5
f 4445/1093/1 3164/1094/1 1297/1095/1 3165/1096/1
f 4444/1097/1 2890/1098/1 1155/1099/1 4134/1100/1
f 4443/720/1 3166/721/1 1145/722/1 2100/723/1
f 4442/724/1 3167/725/1 1298/726/1 3168/727/1
f 4441/728/1 2814/23/1 1080/729/1 3169/730/1
f 4440/731/1 3170/732/1 1144/537/1 2099/733/1
f 4439/734/1 3171/735/1 1299/736/1 3172/737/1
f 4438/738/1 2876/739/1 1143/740/1 3173/741/1
f 1300/742/1 3175/743/1 4584/744/1 2032/745/1
f 4436/746/1 2875/747/1 1142/748/1 3175/749/1
f 1141/29/1 3176/750/1 2874/751/1
f 1141/29/1 3177/752/1 3176/750/1
f 461/26/1 1442/753/1 3178/754/1
f 1139/755/1 3179/756/1 2094/343/1
f 1139/755/1 3180/757/1 3179/756/1
f 1140/636/1 2095/623/1 3181/102/1
f 459/30/1 3182/758/1 1439/18/1
f 459/30/1 3183/111/1 3182/758/1
f 1139/755/1 2094/343/1 3184/759/1
f 4435/760/1 2871/761/1 4138/762/1 2093/763/1
f 4434/764/1 3187/765/1 1301/680/1 3188/766/1
f 4433/767/1 2835/768/1 1102/769/1 2058/770/1
f 4432/771/1 3189/772/1 1138/773/1 2092/774/1
f 4431/775/1 3190/776/1 1302/777/1 3191/778/1
f 4430/779/1 2869/780/1 1137/223/1 3192/781/1
f 4429/782/1 3193/783/1 463/784/1 1444/537/1
f 4428/785/1 3194/786/1 1303/162/1 3195/787/1
f 4427/788/1 2868/789/1 1136/790/1 2090/791/1
f 4426/760/1 3196/786/1 1135/792/1 2089/793/1
f 4425/794/1 3197/795/1 1304/682/1 3198/796/1
f 4424/797/1 2821/687/1 1086/670/1 3199/798/1
f 4423/799/1 3200/800/1 1134/801/1 2088/789/1
f 4422/802/1 3201/803/1 1305/763/1 3202/761/1
f 4421/804/1 2865/805/1 1133/27/1 3203/806/1
f 4419/807/1 3205/808/1 1306/539/1 3206/787/1
f 4418/809/1 2864/810/1 1132/811/1 3207/812/1
f 1089/229/5 2823/813/5 1088/636/5
f 1089/229/5 2822/622/5 2823/813/5
f 1087/814/5 2822/815/5 1089/36/5
f 1088/816/5 2823/624/5 2085/817/5
f 1087/330/5 2044/816/5 2822/647/5
f 1085/671/1 3210/102/1 467/670/1
f 1085/671/1 2085/330/1 3210/102/1
f 1088/816/5 2085/817/5 350/668/5
f 4417/818/1 3211/819/1 1131/820/1 2084/531/1
f 4416/821/1 3212/772/1 1307/822/1 3213/823/1
f 4415/824/1 2837/820/1 1104/825/1 3214/826/1
f 4414/827/1 3215/828/1 1130/829/1 2083/830/1
f 4413/831/1 3216/199/1 1308/832/1 3217/833/1
f 4412/834/1 2861/835/1 1129/836/1 3218/837/1
f 4411/838/1 3219/839/1 469/757/1 1450/840/1
f 4410/841/1 3220/842/1 1309/843/1 3221/844/1
f 4409/845/1 2860/774/1 1128/846/1 3222/847/1
f 4408/848/1 3223/849/1 1127/850/1 2081/851/1
f 4407/852/1 3224/853/1 1310/854/1 3225/855/1
f 4406/856/1 2838/857/1 1105/858/1 3226/859/1
f 4405/218/1 3227/860/1 1126/38/1 2080/861/1
f 4404/240/1 3228/862/1 1311/863/1 3229/864/1
f 4403/865/1 2857/866/1 1125/132/1 3230/867/1
f 4402/868/1 3231/869/1 471/870/1 1452/871/1
f 4401/159/1 3232/872/1 1312/873/1 3233/244/1
f 4400/874/1 2856/166/1 1124/518/1 3234/875/1
f 4399/876/1 3235/877/1 1123/878/1 2077/879/1
f 4398/880/1 3236/881/1 1313/882/1 3237/883/1
f 4397/884/1 1443/30/1 462/671/1 3238/217/1
f 4395/885/1 3240/886/1 1314/887/1 3241/888/1
f 4394/889/1 2853/634/1 1121/890/1 3242/891/1
f 1122/892/1 2854/893/1 4392/894/1 3244/895/1
f 4391/896/1 3245/897/1 1119/898/1 2075/899/1
f 4390/900/1 3246/901/1 1315/902/1 3247/903/1
f 4389/904/1 2840/905/1 1107/906/1 2062/907/1
f 4388/908/1 3248/823/1 1118/909/1 2074/910/1
f 4387/911/1 3249/912/1 1316/669/1 3250/913/1
f 4386/841/1 2850/914/1 1117/915/1 3251/916/1
f 4385/917/1 2240/918/1 474/521/1 1455/919/1
f 4384/920/1 3252/921/1 1317/922/1 3253/923/1
f 4383/924/1 2849/925/1 1116/926/1 3254/725/1
f 4382/927/1 3255/928/1 1115/929/1 2072/726/1
f 4381/930/1 3256/931/1 1318/932/1 3257/160/1
f 4380/933/1 1449/672/1 468/229/1 3258/934/1
f 4379/935/1 3259/833/1 1114/915/1 2071/936/1
f 4378/937/1 3260/928/1 1319/164/1 3261/938/1
f 4377/724/1 2846/932/1 1113/939/1 3262/940/1
f 4375/941/1 3263/942/1 4376/777/1 2831/943/1
f 4374/944/1 2845/945/1 1112/224/1 3264/946/1
f 1111/949/1 3267/220/1 2844/814/1
f 1111/949/1 3268/950/1 3267/220/1
f 477/158/1 1460/951/1 3269/952/1
f 1109/636/1 3270/133/1 2064/688/1
f 1109/636/1 3271/36/1 3270/133/1
f 1110/953/1 2065/954/1 3272/955/1
f 3265/330/1 3273/687/1 1458/26/1
f 3265/330/1 3274/956/1 3273/687/1
f 1109/636/1 2064/688/1 3275/647/1
f 4373/1101/1 3276/1102/1 1072/1103/1 2031/1104/1
f 4372/1105/1 3277/1106/1 1320/1107/1 3278/1108/1
f 4371/1109/1 1510/117/1 528/1110/1 3279/1111/1
f 4370/1112/1 3280/1113/1 1071/1114/1 2030/1115/1
f 4369/1116/1 3281/1117/1 1321/663/1 3282/1118/1
f 4368/1119/1 2804/1120/1 1070/1121/1 3283/1122/1
f 4367/1123/1 3285/1124/1 986/1125/1 1956/1126/1
f 4366/1127/1 2803/1128/1 1069/1129/1 3285/1130/1
f 4365/1131/1 3286/1132/1 1068/1133/1 2027/1134/1
f 4364/1135/1 3287/1136/1 1322/945/1 3288/1137/1
f 4363/1138/1 2759/1139/1 1020/1140/1 3289/1141/1
f 4362/1142/1 3290/1143/1 1067/1144/1 2026/1145/1
f 4361/1146/1 3291/1147/1 1323/1148/1 3292/1149/1
f 4360/1150/1 2801/1151/1 1066/1152/1 3293/1153/1
f 4359/1154/1 3294/1155/1 529/220/1 1512/1156/1
f 4358/1157/1 3295/1158/1 1324/1159/1 3296/1160/1
f 4357/1161/1 2800/1162/1 1065/1163/1 3297/1164/1
f 3298/1165/1 1064/1166/1 335/1167/1
f 3299/1168/1 998/1169/1 3300/1170/1
f 3301/1171/1 1063/1172/1 300/1173/1
f 3302/1174/1 2799/1175/1 3300/1176/1
f 4356/1177/1 3303/1178/1 999/1179/1 2743/1180/1
f 4355/1181/1 3304/1182/1 1326/163/1 3305/1183/1
f 4354/1184/1 2798/1185/1 1062/1186/1 3306/1187/1
f 4353/1188/1 3307/1189/1 1061/87/1 2023/1190/1
f 4352/1191/1 3308/1192/1 1327/1193/1 3309/1194/1
f 4351/1195/1 2761/1196/1 1021/954/1 3310/1197/1
f 4350/1198/1 3311/1199/1 1060/1152/1 2022/1200/1
f 4349/1201/1 3312/1202/1 1328/1203/1 3313/236/1
f 4348/1204/1 2796/1205/1 1059/1206/1 3314/1207/1
f 4347/1208/1 3315/1209/1 532/1210/1 1516/1211/1
f 4346/1212/1 3316/1213/1 1329/1214/1 3317/1215/1
f 4345/694/1 2795/1216/1 1058/1217/1 3318/1218/1
f 3319/1219/1 2794/1220/1 2020/1221/1
f 4344/1222/1 3320/1223/1 1330/1224/1 3321/1225/1
f 3322/1226/1 2762/567/1 1991/1227/1
f 3323/864/1 2793/1228/1 2019/1229/1
f 4343/1230/1 3324/1231/1 1331/1232/1 3325/1233/1
f 4342/1234/1 2792/1235/1 1057/1236/1 3326/1237/1
f 4341/1238/1 4606/1239/1 534/1240/1
f 2293/1241/1 3327/1242/1 1332/242/1
f 4340/1243/1 3328/1244/1 1055/1186/1 2017/1245/1
f 4339/1246/1 3329/1247/1 1333/1151/1 3330/1248/1
f 4338/1249/1 2744/1250/1 1000/1251/1 3331/1158/1
f 4337/1252/1 3332/1253/1 1054/589/1 2016/1254/1
f 4336/1255/1 3333/1256/1 1334/1257/1 3334/1258/1
f 4335/1259/1 2788/1260/1 1053/1261/1 3335/1262/1
f 4334/1263/1 3336/1264/1 1335/1265/1 3337/1266/1
f 4333/1267/1 2787/235/1 1052/1268/1 3338/1269/1
f 1051/1250/1 2748/954/1 1006/220/1
f 1051/1250/1 3339/560/1 2748/954/1
f 3401/1270/1 4309/299/1 44/40/1
f 1050/583/1 3340/1251/1 1976/1271/1
f 1050/583/1 1051/617/1 3340/1251/1
f 551/1272/1 2316/227/1 553/111/1
f 551/1272/1 3341/584/1 2316/227/1
f 1050/583/1 1976/1271/1 310/1273/1
f 4332/1274/1 3342/1275/1 4166/1261/1
f 2317/1276/1 554/1277/1 3342/1278/1 4332/1260/1
f 1535/1279/1 1536/1280/1 555/577/1 3343/1281/1
f 4331/1282/1 3344/1283/1 1049/1284/1 2012/1285/1
f 4330/1286/1 3345/165/1 1336/1126/1 3346/1287/1
f 4328/1288/1 3347/1229/1 1024/70/1 2765/1289/1
f 4327/1158/1 3348/1290/1 1337/1291/1 3349/1292/1
f 3350/1293/1 332/1294/1 1048/1295/1
f 1047/1296/1 3351/559/1 2785/101/1
f 1047/1296/1 3352/1297/1 3351/559/1
f 556/1298/1 1537/1299/1 3353/1300/1
f 1045/102/1 3354/614/1 2009/1301/1
f 1045/102/1 3355/99/1 3354/614/1
f 1046/1302/1 2010/1299/1 3356/220/1
f 554/1303/1 3357/751/1 1535/1304/1
f 554/1303/1 3358/115/1 3357/751/1
f 1045/102/1 2009/1301/1 3359/1272/1
f 1044/1270/1 3360/1298/1 2782/1305/1
f 1044/1270/1 3361/553/1 3360/1298/1
f 557/1306/1 1538/1307/1 3362/1308/1
f 1042/1309/1 3363/40/1 2006/1310/1
f 1042/1309/1 3364/543/1 3363/40/1
f 1043/1311/1 2007/1312/1 3365/1313/1
f 556/1298/1 3366/158/1 1537/1299/1
f 556/1298/1 3367/1314/1 3366/158/1
f 1042/1309/1 2006/1310/1 3368/1315/1
f 4326/1316/1 3370/1317/1 1338/1318/1 3371/1319/1
f 4325/1320/1 4611/473/1 2004/1321/1
f 4324/1322/1 3373/1323/1 1339/1324/1 3374/1325/1
f 4323/1326/1 2777/1327/1 1041/1328/1 3375/1329/1
f 4322/1330/1 3376/1331/1 560/1270/1 1541/1308/1
f 2320/1332/1 3377/1333/1 1340/1334/1 3378/1335/1
f 3377/1336/1 2776/1337/1 1040/1338/1 3379/1339/1
f 4321/1340/1 3380/1341/1 1039/1342/1 2002/1343/1
f 4320/1344/1 3381/1345/1 1341/1346/1 3382/849/1
f 4319/1347/1 2767/1342/1 1026/553/1 3383/1348/1
f 4318/1349/1 3384/1350/1 1038/1351/1 2001/1352/1
f 4317/1353/1 3385/1354/1 1342/1355/1 3386/1356/1
f 4316/1357/1 2774/546/1 1037/1358/1 3387/1359/1
f 4315/1360/1 3388/1361/1 562/1305/1 1543/1362/1
f 4314/1363/1 3389/1364/1 1343/1365/1 3390/209/1
f 4313/1366/1 2773/1367/1 1036/1368/1 3391/1369/1
f 4312/1370/1 3393/1371/1 1344/1372/1 3394/1373/1
f 4311/1374/1 3397/1375/1 1345/925/1 3398/1130/1
f 4310/1376/1 2772/1377/1 1033/1378/1 3399/1379/1
f 4308/868/1 3403/1380/1 1346/1381/1 3404/1359/1
f 4307/1382/1 1542/1313/1 561/22/1 3405/1383/1
f 2757/1384/1 3407/1385/1 1347/1386/1 3408/1387/1
f 4306/1388/1 2770/1389/1 1029/1390/1 3409/1391/1
f 4305/1392/1 3411/1393/1 985/1394/1 1955/805/1
f 4304/1395/1 3412/199/1 1349/830/1 3413/1396/1
f 4303/1397/1 2709/654/1 962/1398/1 3414/1399/1
f 4302/1400/1 3415/1052/1 984/1401/1 1954/1402/1
f 4301/241/1 3416/1403/1 1350/535/1 3417/1404/1
f 4300/1405/1 2728/1406/1 983/1407/1 3418/1408/1
f 4299/1409/1 3420/1410/1 1351/1411/1 3421/1412/1
f 4298/1413/1 2727/1414/1 982/1415/1 3422/1416/1
f 4297/1417/1 3423/1396/1 981/1394/1 1951/163/1
f 4296/1418/1 3424/1419/1 1352/533/1 3425/1420/1
f 4295/218/1 2715/1394/1 969/227/1 3426/1421/1
f 4294/1422/1 3427/1423/1 980/820/1 1950/822/1
f 4293/1424/1 3428/222/1 1353/1425/1 3429/1426/1
f 4292/1427/1 2725/1428/1 979/1429/1 3430/199/1
f 4291/1430/1 3431/1431/1 619/754/1 1598/1415/1
f 4290/198/1 3432/1432/1 1354/219/1 3433/1433/1
f 4289/1434/1 2724/686/1 978/1407/1 3434/765/1
f 4288/1435/1 4620/1436/1 2723/926/1 1947/1437/1
f 4287/1438/1 4621/1439/1 2722/132/1 1946/522/1
f 4286/1440/1 3437/244/1 1356/1441/1 3438/1442/1
f 4285/243/1 959/249/1 977/253/1 3439/1443/1
f 4284/1444/1 3440/772/1 621/647/1 1600/1445/1
f 4283/1446/1 1357/164/1 3441/160/1
f 4282/1447/1 976/224/1 3442/199/1
f 4281/1448/1 3443/209/1 975/201/1 1944/1449/1
f 4280/1450/1 3444/182/1 1358/166/1 3445/1451/1
f 4279/1452/1 2717/1453/1 971/1454/1 3446/1455/1
f 4278/228/1 3447/1456/1 974/1457/1 1943/531/1
f 4277/233/1 3448/1458/1 1359/1459/1 3449/1274/1
f 4276/1460/1 2719/634/1 973/890/1 3450/772/1
f 4275/243/1 3451/1461/1 623/996/1 1602/201/1
f 4274/225/1 3452/1462/1 1360/1463/1 3453/222/1
f 4273/1464/1 2718/249/1 972/1465/1 3454/1466/1
f 4272/1467/1 1361/1468/1 957/1469/1
f 4271/1470/1 942/1471/1 1361/1472/1
f 3457/1473/1 3455/1474/1 1927/1475/1
f 3458/1476/1 275/1477/1 956/463/1
f 1927/1478/1 1362/1475/1 3459/1479/1
f 2704/1480/1 2703/1481/1 3460/1482/1
f 4269/1483/1 3461/1484/1 955/1485/1 1925/1486/1
f 4268/1487/1 954/1488/1 1363/1489/1 4627/1490/1
f 2675/1491/9 270/1492/9 928/1493/9 1898/1494/9
f 4267/1495/1 938/1496/1 1912/1497/1 270/1498/1
f 1925/1499/1 4655/1500/1 938/1501/1
f 4266/1502/1 272/1503/1 2677/1504/1 4233/1505/1
f 2701/1506/1 3462/1507/1 1364/1508/1
f 3462/1509/1 1363/1504/1 3461/1510/1 4269/1511/1
f 4265/1512/1 3463/1513/1 2700/1514/1 1924/1515/1
f 3464/1516/1 3465/1517/1 926/1518/1
f 2415/1519/5 3466/1520/5 658/503/5 1639/1521/5
f 3468/1522/5 953/1523/5 1365/1505/5 3467/1524/5
f 3506/1525/5 2700/1526/5 953/1527/5 3468/1528/5
f 4264/1516/1 2699/1529/1 1922/1472/1
f 4263/1530/1 4630/1531/1 952/1532/1 265/1533/1
f 4262/1534/1 4261/1535/1 3471/1536/1 3470/1537/1
f 4259/1538/1 2697/1539/1 1921/1540/1
f 2696/1497/1 949/1541/1 1368/1542/1
f 1900/1543/1 4631/1544/1 2702/496/1 1902/1539/1
f 2678/1545/1 4258/1546/1 3478/494/1 3477/1547/1
f 4258/1548/1 4237/1549/1 3502/1550/1 3478/1551/1
f 3479/1552/1 4257/1553/1 948/1554/1 1919/1555/1
f 3499/1556/1 3479/1557/1 3480/1558/1
f 4257/1559/1 264/1560/1 941/510/1
f 3491/1561/5 3481/1562/5 2680/1563/5 932/1564/5
f 4256/1565/1 4243/1566/1 947/1567/1 3482/1568/1
f 3482/1569/1 947/1570/1 1918/1571/1 3483/1535/1
f 1918/1572/1 1919/1573/1 3484/1574/1
f 4255/1575/1 3485/1576/1 3500/1577/1 1917/1578/1
f 4254/1579/1 3486/1580/1 3487/1581/1
f 2683/1582/1 2692/154/1 4633/1583/1
f 4253/1584/1 3488/1585/1 1369/1586/1 3489/1587/1
f 4252/1588/1 2695/1589/1 946/1590/1 3490/1591/1
f 4251/1534/5 3491/1592/5 932/1593/5 1370/1594/5
f 2682/1595/1 4634/1596/1 1370/1597/1 3492/1598/1
f 1916/1599/5 2694/1600/5 1917/1601/5 277/1602/5
f 4250/1603/1 1371/1604/1 945/1605/1
f 4248/1606/1 92/1607/1 1911/1608/1
f 3494/1609/1 3493/1610/1 4247/1611/1
f 1896/1612/1 926/1613/1 3493/1614/1 3494/1615/1
f 2673/1616/1 268/1617/1 944/1618/1 3495/1619/1
f 4247/1620/1 3497/1621/1 3496/1622/1
f 2693/1623/1 276/1624/1 943/1625/1 3498/1626/1
f 4246/1627/1 1372/1628/1 942/465/1
f 4245/1629/1 945/1630/1 1372/1631/1
f 4243/1632/1 3499/1633/1 947/1634/1
f 4242/1635/1 3500/1636/1 3501/1637/1
f 4240/1638/1 4239/1639/1 4638/1640/1 1908/1641/1
f 948/1642/1 4632/1643/1 4239/1644/1
f 4238/1645/1 263/1646/1 2686/1647/1 273/1648/1
f 4237/1649/1 4236/1650/1 3502/1651/1
f 4235/1652/1 2691/1653/1 1914/1654/1
f 3503/1655/1 3504/1656/1 951/1628/1
f 2685/1657/9 262/1488/9 935/1658/9 1907/1659/9
f 4234/1660/1 3505/1661/1 1898/1662/1 3506/1663/1
f 4233/1664/1 2677/1665/1 2675/1659/1 928/1666/1
f 3507/1667/1 3508/1668/1 1894/1669/1
f 3522/1668/1 4642/1670/1 3508/1671/1
f 924/450/1 259/1672/1 3509/449/1
f 919/450/1 923/1672/1 3510/449/1
f 4232/1673/1 3511/1670/1 1893/1674/1
f 4231/1675/1 3512/1676/1 3513/1677/1
f 4229/1678/1 3514/1679/1 922/1680/1 1892/1681/1
f 4228/1682/1 3515/1683/1 1373/1684/1 3516/163/1
f 4227/1685/1 2668/449/1 921/449/1 3517/1686/1
f 4226/1687/1 3518/1688/1 916/139/1 1886/1680/1
f 4225/1689/1 3519/1690/1 1374/1691/1 3520/1683/1
f 4224/1692/1 2667/449/1 920/449/1 3521/1693/1
f 4223/1694/1 3522/1668/1 1889/1667/1
f 4222/1695/1 3523/1671/1 3524/1696/1
f 4221/1697/1 258/1698/1 915/1699/1
f 896/1700/1 869/1701/1 2646/428/1
f 894/1702/1 896/1703/1 2646/1704/1
f 894/1702/1 3525/1705/1 896/1703/1
f 895/1706/1 232/371/1 3525/429/1
f 766/2/1 3526/1707/1 1745/20/1
f 766/2/1 894/1708/1 3526/1707/1
f 894/1702/1 2646/1704/1 3526/1709/1
f 4220/1710/1 3527/1711/1 892/416/1 1868/415/1
f 4219/1712/1 3528/1713/1 1375/1714/1 3529/1715/1
f 4218/1716/1 2643/164/1 891/366/1 3530/199/1
f 4217/1717/1 3531/1718/1 889/1719/1 1865/1720/1
f 4216/1721/1 3532/1722/1 1376/1723/1 3533/1724/1
f 4215/1725/1 2621/1726/1 865/1727/1 3534/1728/1
f 4214/1729/1 3535/1730/1 888/1731/1 1864/249/1
f 4213/1732/1 3536/1733/1 1377/1734/1 3537/1735/1
f 4212/1736/1 2639/1737/1 887/1738/1 3538/1739/1
f 4211/1740/1 3539/1741/1 773/1742/1 1753/1743/1
f 4210/1744/1 3540/209/1 1378/1745/1 3541/1746/1
f 4209/1747/1 2638/1748/1 886/298/1 3542/1749/1
f 4208/1750/1 3543/1751/1 885/1752/1 1861/1753/1
f 4207/1754/1 3544/1755/1 1379/1756/1 3545/1757/1
f 4206/1758/1 3547/1759/1 884/290/1 1860/1760/1
f 4205/1761/1 3548/1762/1 1380/1763/1 3549/1764/1
f 4204/1765/1 2635/1766/1 883/378/1 3550/1767/1
f 4203/1768/1 3551/1769/1 860/292/1 2615/1742/1
f 4202/1770/1 3552/1771/1 1381/1772/1 3553/1773/1
f 4201/1774/1 2634/1775/1 882/1776/1 3554/1777/1
f 881/431/1 3555/377/1 2633/1778/1
f 881/431/1 3556/1779/1 3555/377/1
f 776/1780/1 1756/1781/1 3557/1782/1
f 879/254/1 3558/1783/1 1855/1784/1
f 879/254/1 3559/1785/1 3558/1783/1
f 880/365/1 1856/227/1 3560/1786/1
f 860/292/1 3561/258/1 2615/1742/1
f 860/292/1 3562/263/1 3561/258/1
f 879/254/1 1855/1784/1 3563/1787/1
f 3566/1788/1 2630/370/1 1854/370/1
f 212/1789/1 3568/1790/1 849/1779/1 1829/1791/1
f 4200/1792/1 3569/1793/1 1384/1794/1 3570/1795/1
f 4199/1796/1 2628/1797/1 876/1798/1 3571/1799/1
f 862/1800/1 851/384/1 1830/1294/1
f 862/1800/1 3575/382/1 851/384/1
f 3576/1801/1 1385/1802/1 873/1803/1 1850/1791/1
f 2524/1804/1 1385/372/1 3576/1805/1
f 1746/1806/1 2619/1807/1 3577/436/1
f 4198/1808/1 3578/1809/1 872/1810/1 1849/1811/1
f 4197/1724/1 3579/264/1 1386/1812/1 3580/1813/1
f 4196/1814/1 871/1815/1 3581/1816/1
f 4195/1817/1 3582/1818/1 852/402/1 1831/313/1
f 4194/1462/1 3583/861/1 1387/1819/1 3584/1820/1
f 4193/1821/1 233/227/1 870/1822/1 3585/1823/1
f 3586/1824/1 1388/436/1 869/309/1 1848/1825/1
f 1850/1274/1 873/93/1 1388/1705/1 3586/1826/1
f 3587/1827/1 226/1828/1 1826/1829/1
f 779/385/1 875/372/1 2537/383/1
f 779/385/1 1759/370/1 875/372/1
f 868/1706/1 231/387/1 1851/371/1
f 828/229/1 3588/1830/1 1807/70/1
f 828/229/1 3589/1831/1 3588/1830/1
f 829/1832/1 1808/1833/1 3590/353/1
f 825/1834/1 3591/628/1 2582/1835/1
f 825/1834/1 3592/327/1 3591/628/1
f 826/324/1 2583/351/1 3593/1836/1
f 821/336/1 3594/1837/1 2578/1838/1
f 821/336/1 3595/329/1 3594/1837/1
f 825/1834/1 2582/1835/1 3596/1839/1
f 823/1831/1 3597/1840/1 2580/158/1
f 823/1831/1 3598/1841/1 3597/1840/1
f 824/344/1 2581/1842/1 3599/346/1
f 820/1843/1 3600/1844/1 2577/1845/1
f 820/1843/1 3601/337/1 3600/1844/1
f 821/336/1 2578/1838/1 3602/1846/1
f 819/1847/1 3603/1848/1 2576/1849/1
f 819/1847/1 3604/341/1 3603/1848/1
f 820/1843/1 2577/1845/1 3605/337/1
f 817/1841/1 3606/344/1 2574/1850/1
f 817/1841/1 3607/345/1 3606/344/1
f 818/1851/1 2575/1852/1 3608/517/1
f 813/1851/1 3609/1842/1 2570/1853/1
f 813/1851/1 3610/517/1 3609/1842/1
f 815/1853/1 2572/1854/1 3611/1852/1
f 812/344/1 3612/1851/1 2569/346/1
f 812/344/1 3613/346/1 3612/1851/1
f 813/1851/1 2570/1853/1 3614/517/1
f 808/1843/1 3615/229/1 2565/1830/1
f 808/1843/1 3616/337/1 3615/229/1
f 810/336/1 2567/1844/1 3617/1855/1
f 807/1856/1 3618/327/1 2564/1834/1
f 807/1856/1 3619/1857/1 3618/327/1
f 808/1843/1 2565/1830/1 3620/324/1
f 806/1858/1 3621/129/1 2563/1859/1
f 806/1858/1 3622/1848/1 3621/129/1
f 807/1856/1 2564/1834/1 3623/1860/1
f 801/1856/1 3624/647/1 2558/328/1
f 801/1856/1 3625/1860/1 3624/647/1
f 804/1861/1 2561/1862/1 3626/1834/1
f 802/332/1 3627/338/1 2559/1863/1
f 802/332/1 3628/336/1 3627/338/1
f 803/1843/1 1782/1857/1 3629/337/1
f 800/1864/1 3630/331/1 2557/1865/1
f 800/1864/1 3631/322/1 3630/331/1
f 801/1856/1 2558/328/1 3632/1857/1
f 794/1856/1 3633/325/1 2551/1866/1
f 794/1856/1 3634/1857/1 3633/325/1
f 798/1843/1 2555/1867/1 3635/1868/1
f 796/1869/1 3636/330/1 2553/1870/1
f 796/1869/1 3637/1863/1 3636/330/1
f 797/336/1 1776/1843/1 3638/338/1
f 787/755/1 3639/330/1 2544/1863/1
f 787/755/1 3640/1871/1 3639/330/1
f 794/1856/1 2551/1866/1 3641/329/1
f 791/336/1 3642/1860/1 1770/1856/1
f 791/336/1 3643/338/1 3642/1860/1
f 792/332/1 1771/337/1 3644/1861/1
f 789/332/1 3645/338/1 1768/1860/1
f 789/332/1 3646/1866/1 3645/338/1
f 790/1872/1 1769/1867/1 3647/1873/1
f 788/1874/1 3648/1875/1 1767/354/1
f 788/1874/1 3649/337/1 3648/1875/1
f 789/332/1 1768/1860/1 3650/755/1
f 786/1876/1 3651/333/1 2543/536/1
f 786/1876/1 3652/331/1 3651/333/1
f 787/755/1 2544/1863/1 3653/1877/1
f 782/343/1 3654/333/1 2539/331/1
f 782/343/1 3655/322/1 3654/333/1
f 784/331/1 2541/70/1 3656/354/1
f 781/341/1 3657/343/1 2538/1848/1
f 781/341/1 3658/320/1 3657/343/1
f 782/343/1 2539/331/1 3659/322/1
f 4192/864/1 3660/1878/1 867/393/1 1846/1879/1
f 4191/1880/1 3661/418/1 1389/1294/1 3662/1881/1
f 4190/1882/1 1841/382/1 861/430/1 3663/1883/1
f 4189/1884/1 3664/1885/1 837/1778/1 1816/1886/1
f 4188/1887/1 3665/1820/1 1390/1888/1 3666/1889/1
f 4187/199/1 2602/1890/1 845/1891/1 3667/1892/1
f 775/1893/1 3668/229/1 2533/1894/1
f 775/1893/1 3669/1895/1 3668/229/1
f 861/430/1 1841/382/1 3670/1896/1
f 4186/1897/1 3671/1898/1 775/1893/1 2533/1894/1
f 4185/1899/1 3672/1900/1 1391/415/1 3673/1901/1
f 4184/1902/1 2532/1903/1 774/227/1 3674/1904/1
f 4183/1905/1 3675/1906/1 1392/1907/1 3676/1908/1
f 3677/1909/1 857/1910/1 2612/303/1
f 4182/165/1 3678/1911/1 1393/1912/1 3679/1913/1
f 4181/1914/1 1751/1778/1 771/359/1 3680/1776/1
f 853/227/1 3681/430/1 1832/1294/1
f 853/227/1 852/1903/1 3681/430/1
f 759/1915/1 3682/158/1 1738/1916/1
f 759/1915/1 3683/1917/1 3682/158/1
f 760/1918/1 1739/1919/1 3684/1920/1
f 755/229/1 3685/56/1 1734/135/1
f 755/229/1 3686/58/1 3685/56/1
f 758/1921/1 2516/1922/1 3687/45/1
f 751/42/1 3688/1923/1 2509/1924/1
f 751/42/1 3689/44/1 3688/1923/1
f 756/43/1 2514/1925/1 3690/1926/1
f 754/47/1 3691/59/1 2512/52/1
f 754/47/1 3692/57/1 3691/59/1
f 755/229/1 1734/135/1 3693/67/1
f 748/229/1 3694/76/1 1727/136/1
f 748/229/1 3695/67/1 3694/76/1
f 752/57/1 1731/229/1 3696/135/1
f 750/1927/1 3697/55/1 1729/1928/1
f 750/1927/1 3698/136/1 3697/55/1
f 751/42/1 2509/1924/1 3699/68/1
f 740/76/1 3700/1668/1 1719/449/1
f 740/76/1 3701/135/1 3700/1668/1
f 748/229/1 1727/136/1 3702/447/1
f 746/1929/1 3703/70/1 2504/1930/1
f 746/1929/1 3704/1927/1 3703/70/1
f 747/447/1 2505/151/1 3705/136/1
f 743/447/1 3706/1931/1 2501/48/1
f 743/447/1 3707/136/1 3706/1931/1
f 744/76/1 2502/42/1 3708/151/1
f 742/1932/1 3709/148/1 2500/1933/1
f 742/1932/1 3710/72/1 3709/148/1
f 743/447/1 2501/48/1 3711/136/1
f 739/447/1 3712/142/1 1718/141/1
f 739/447/1 3713/136/1 3712/142/1
f 740/76/1 1719/449/1 3714/139/1
f 738/77/1 3715/59/1 2496/79/1
f 738/77/1 3716/57/1 3715/59/1
f 739/447/1 1718/141/1 3717/136/1
f 736/1934/1 3718/144/1 2494/1928/1
f 736/1934/1 3719/145/1 3718/144/1
f 737/76/1 2495/1931/1 3720/135/1
f 730/447/1 3721/137/1 1709/1935/1
f 730/447/1 3722/136/1 3721/137/1
f 734/76/1 1713/142/1 3723/141/1
f 732/1936/1 3724/51/1 2490/1937/1
f 732/1936/1 3725/1938/1 3724/51/1
f 733/229/1 2491/151/1 3726/67/1
f 727/449/1 3727/78/1 1706/55/1
f 727/449/1 3728/1668/1 3727/78/1
f 730/447/1 1709/1935/1 3729/50/1
f 725/229/1 3730/1931/1 2483/1939/1
f 725/229/1 3731/67/1 3730/1931/1
f 728/57/1 2486/42/1 3732/151/1
f 726/80/1 3733/47/1 2484/1916/1
f 726/80/1 3734/59/1 3733/47/1
f 727/449/1 1706/55/1 3735/1668/1
f 724/1940/1 3736/78/1 2482/1941/1
f 724/1940/1 3737/55/1 3736/78/1
f 725/229/1 2483/1939/1 3738/67/1
f 718/449/1 3739/51/1 1697/1938/1
f 718/449/1 3740/1668/1 3739/51/1
f 722/447/1 1701/78/1 3741/55/1
f 719/229/1 3742/46/1 2477/1916/1
f 719/229/1 3743/67/1 3742/46/1
f 720/57/1 2478/1942/1 3744/1939/1
f 717/43/1 3745/56/1 2475/158/1
f 717/43/1 3746/68/1 3745/56/1
f 718/449/1 1697/1938/1 3747/136/1
f 716/1931/1 3748/44/1 2474/151/1
f 716/1931/1 3749/42/1 3748/44/1
f 717/43/1 2475/158/1 3750/45/1
f 713/43/1 3751/1921/1 2471/45/1
f 713/43/1 3752/45/1 3751/1921/1
f 714/1921/1 2472/1915/1 3753/158/1
f 708/251/1 3754/253/1 1687/200/1
f 708/251/1 3755/250/1 3754/253/1
f 709/249/1 1688/251/1 3756/252/1
f 706/227/1 3757/230/1 1685/130/1
f 706/227/1 3758/226/1 3757/230/1
f 708/251/1 1687/200/1 3759/160/1
f 694/229/1 3760/1294/1 1670/227/1
f 694/229/1 3761/223/1 3760/1294/1
f 706/227/1 1685/130/1 3762/70/1
f 705/864/1 2464/1943/1 704/24/1
f 2462/1944/1 3764/1097/1 1680/242/1
f 704/219/1 2460/229/1 702/230/1
f 701/219/1 3765/1943/1 2459/1900/1
f 701/219/1 3766/230/1 3765/1943/1
f 702/1945/1 2460/540/1 3767/229/1
f 2458/1946/1 3768/233/1 1678/93/1
f 701/219/1 2459/1900/1 700/230/1
f 1677/1412/1 3769/231/1 2457/90/1
f 1677/1412/1 1678/1947/1 3769/231/1
f 697/1945/1 3770/1900/1 2454/824/1
f 697/1945/1 3771/1948/1 3770/1900/1
f 698/227/1 2455/229/1 3772/1943/1
f 1674/1043/1 1673/1949/1 2453/1950/1
f 1674/1043/1 1675/70/1 1673/1949/1
f 697/1945/1 2454/824/1 696/1948/1
f 1672/1052/1 3773/162/1 2452/579/1
f 1672/1052/1 1673/1951/1 3773/162/1
f 682/1900/1 3774/1945/1 1660/230/1
f 682/1900/1 3775/1943/1 3774/1945/1
f 694/229/1 1670/227/1 3776/1948/1
f 2444/227/1 3777/824/1 2447/531/1
f 2444/227/1 3778/228/1 3777/824/1
f 692/1952/1 2448/1943/1 3779/1900/1
f 689/1952/1 1668/228/1 2444/824/1
f 689/1952/1 3780/1274/1 1668/228/1
f 691/242/5 3780/1097/5 2452/234/5
f 687/1462/1 3781/252/1 2442/205/1
f 687/1462/1 3782/229/1 3781/252/1
f 689/1952/1 2444/824/1 3783/876/1
f 686/1447/1 3784/213/1 2441/166/1
f 686/1447/1 3785/1953/1 3784/213/1
f 687/1462/1 2442/205/1 3786/209/1
f 684/162/1 3787/531/1 2439/1294/1
f 684/162/1 3788/223/1 3787/531/1
f 686/1447/1 2441/166/1 3789/220/1
f 683/236/1 3790/1274/1 2438/234/1
f 683/236/1 3791/1951/1 3790/1274/1
f 684/162/1 2439/1294/1 3792/232/1
f 672/164/1 3793/161/1 1652/217/1
f 672/164/1 3794/540/1 3793/161/1
f 682/1900/1 1660/230/1 3795/227/1
f 681/1945/1 3796/160/1 128/1948/1
f 3801/165/1 3798/1464/1 2435/205/1
f 679/1952/1 3800/164/1 127/161/1
f 678/217/1 1656/225/1 126/218/1
f 678/217/1 3802/199/1 1656/225/1
f 676/1954/1 3804/209/1 2432/213/1
f 676/1954/1 3805/200/1 3804/209/1
f 3803/253/1 2433/201/1 3806/205/1
f 675/445/1 1655/224/1 1654/629/1
f 674/1900/1 1654/876/1 3807/1447/1
f 3808/251/1 2431/205/1 670/250/1
f 660/160/1 3810/163/1 1641/161/1
f 660/160/1 3811/1955/1 3810/163/1
f 672/164/1 1652/217/1 3812/198/1
f 669/251/1 3813/209/1 2426/213/1
f 669/251/1 3814/250/1 3813/209/1
f 670/249/1 2431/201/1 3815/205/1
f 666/1956/1 3816/222/1 2423/243/1
f 666/1956/1 3817/1943/1 3816/222/1
f 668/163/1 2425/531/1 3818/225/1
f 664/224/1 3819/250/1 2421/251/1
f 664/224/1 3820/629/1 3819/250/1
f 666/1956/1 2423/243/1 3821/249/1
f 662/199/1 3822/253/1 2419/200/1
f 662/199/1 3823/225/1 3822/253/1
f 664/224/1 2421/251/1 3824/252/1
f 4179/1957/1 957/1958/1 3825/1611/1
f 653/66/1 3827/48/1 2411/1959/1
f 653/66/1 3828/68/1 3827/48/1
f 654/77/1 2412/151/1 3829/1931/1
f 651/49/1 3830/146/1 1632/1960/1
f 651/49/1 3831/137/1 3830/146/1
f 653/66/1 2411/1959/1 3832/76/1
f 642/1940/1 3833/1934/1 1621/1961/1
f 642/1940/1 3834/1941/1 3833/1934/1
f 651/49/1 1632/1960/1 3835/1928/1
f 649/1932/1 3836/1927/1 2407/1933/1
f 649/1932/1 3837/74/1 3836/1927/1
f 650/137/1 2408/66/1 3838/1962/1
f 2406/1934/1 3839/72/1 1627/148/1
f 648/142/1 2404/68/1 646/139/1
f 3844/142/1 3840/66/1 2403/1963/1
f 3844/142/1 3841/139/1 3840/66/1
f 646/449/1 2404/77/1 3842/68/1
f 1624/1940/1 1623/1938/1 106/1941/1
f 1624/1940/1 3845/61/1 1623/1938/1
f 3844/449/1 2403/66/1 645/1668/1
f 644/1927/1 1623/55/1 1619/78/1
f 629/50/1 3846/148/1 1607/78/1
f 629/50/1 3847/147/1 3846/148/1
f 642/1940/1 1621/1961/1 3848/54/1
f 639/447/1 3849/66/1 2397/52/1
f 639/447/1 3850/136/1 3849/66/1
f 640/76/1 2398/77/1 3851/68/1
f 637/76/1 3852/136/1 2396/1964/1
f 637/76/1 3853/1935/1 3852/136/1
f 638/64/1 1617/148/1 3854/50/1
f 3853/229/5 3855/135/5 2393/1965/5
f 3853/229/5 3856/142/5 3855/135/5
f 636/1966/1 1615/61/1 3857/141/1
f 633/76/1 3858/52/1 2391/47/1
f 633/76/1 3859/135/1 3858/52/1
f 3853/229/1 2393/1965/1 3860/1964/1
f 631/447/1 3861/57/1 2389/67/1
f 631/447/1 3862/136/1 3861/57/1
f 633/76/1 2391/47/1 3863/59/1
f 630/449/1 3864/135/1 2388/76/1
f 630/449/1 3865/1668/1 3864/135/1
f 631/447/1 2389/67/1 3866/229/1
f 627/447/1 3867/1668/1 2385/135/1
f 627/447/1 3868/142/1 3867/1668/1
f 629/50/1 1607/78/1 3869/1962/1
f 4178/1667/1 3870/447/1 3512/447/1 1888/1668/1
f 4177/450/1 3871/447/1 1394/447/1 3872/449/1
f 4176/1967/1 2386/67/1 628/229/1 3873/76/1
f 914/1680/1 3874/139/1 2664/1691/1
f 914/1680/1 916/1691/1 3874/139/1
f 4175/174/1 3875/849/1 1395/1968/1 3876/875/1
f 4174/964/1 3877/1446/1 965/1969/1 1934/1970/1
f 3878/1426/1 1396/1447/1 3879/1956/1
f 3878/1971/1 2379/926/1 620/220/1 3880/1462/1
f 4173/1972/1 3882/1945/1 279/805/1 3881/1973/1
f 981/1974/1 2706/1407/1 958/679/1 1928/994/1
f 4172/1975/1 3883/1976/1 968/18/1 1937/1977/1
f 4171/234/1 3884/1978/1 1397/162/1 3885/1979/1
f 4170/1980/1 2377/532/1 617/337/1 3886/1981/1
f 613/1915/1 3887/158/1 1592/1916/1
f 613/1915/1 3888/1917/1 3887/158/1
f 614/1918/1 1593/1919/1 3889/1920/1
f 609/229/1 3890/56/1 1588/135/1
f 609/229/1 3891/58/1 3890/56/1
f 612/1921/1 2372/1922/1 3892/45/1
f 607/42/1 3893/1923/1 2367/1924/1
f 607/42/1 3894/44/1 3893/1923/1
f 610/43/1 2370/1925/1 3895/1926/1
f 608/47/1 3896/59/1 2368/52/1
f 608/47/1 3897/57/1 3896/59/1
f 609/229/1 1588/135/1 3898/67/1
f 606/1927/1 3899/55/1 1585/1928/1
f 606/1927/1 3900/136/1 3899/55/1
f 607/42/1 2367/1924/1 3901/68/1
f 600/229/1 3902/76/1 1579/136/1
f 600/229/1 3903/67/1 3902/76/1
f 604/57/1 1583/229/1 3904/135/1
f 602/1929/1 3905/70/1 2362/1930/1
f 602/1929/1 3906/1927/1 3905/70/1
f 603/447/1 2363/151/1 3907/136/1
f 594/76/1 3908/1668/1 1573/449/1
f 594/76/1 3909/135/1 3908/1668/1
f 600/229/1 1579/136/1 3910/447/1
f 597/447/1 3911/1931/1 2357/48/1
f 597/447/1 3912/136/1 3911/1931/1
f 598/76/1 2358/42/1 3913/151/1
f 596/1932/1 3914/148/1 2356/1933/1
f 596/1932/1 3915/72/1 3914/148/1
f 597/447/1 2357/48/1 3916/136/1
f 593/447/1 3917/142/1 1572/141/1
f 593/447/1 3918/136/1 3917/142/1
f 594/76/1 1573/449/1 3919/139/1
f 592/77/1 3920/59/1 2352/79/1
f 592/77/1 3921/57/1 3920/59/1
f 593/447/1 1572/141/1 3922/136/1
f 590/1934/1 3923/144/1 2350/1928/1
f 590/1934/1 3924/145/1 3923/144/1
f 591/76/1 2351/1931/1 3925/135/1
f 584/447/1 3926/137/1 1563/1935/1
f 584/447/1 3927/136/1 3926/137/1
f 588/76/1 1567/142/1 3928/141/1
f 586/1936/1 3929/51/1 2346/1937/1
f 586/1936/1 3930/1938/1 3929/51/1
f 587/229/1 2347/151/1 3931/67/1
f 583/449/1 3932/78/1 1562/55/1
f 583/449/1 3933/1668/1 3932/78/1
f 584/447/1 1563/1935/1 3934/50/1
f 582/80/1 3935/47/1 2342/1916/1
f 582/80/1 3936/59/1 3935/47/1
f 583/449/1 1562/55/1 3937/1668/1
f 579/229/1 3938/1931/1 2339/1939/1
f 579/229/1 3939/67/1 3938/1931/1
f 580/57/1 2340/42/1 3940/151/1
f 578/1940/1 3941/78/1 2338/1941/1
f 578/1940/1 3942/55/1 3941/78/1
f 579/229/1 2339/1939/1 3943/67/1
f 573/449/1 3944/51/1 1552/1938/1
f 573/449/1 3945/1668/1 3944/51/1
f 576/447/1 1555/78/1 3946/55/1
f 574/447/1 3947/56/1 2334/68/1
f 574/447/1 3948/135/1 3947/56/1
f 575/57/1 2335/1942/1 3949/1916/1
f 572/1931/1 3950/66/1 2332/151/1
f 572/1931/1 3951/1963/1 3950/66/1
f 573/449/1 1552/1938/1 3952/1668/1
f 568/1921/1 3953/1982/1 2328/1915/1
f 568/1921/1 3954/158/1 3953/1982/1
f 570/1915/1 2330/1983/1 3955/1984/1
f 567/43/1 3956/1921/1 2327/45/1
f 567/43/1 3957/45/1 3956/1921/1
f 568/1921/1 2328/1915/1 3958/158/1
f 1997/1985/1 3959/1986/1 1027/1987/1 328/1988/1
f 4169/1989/1 298/1504/1 1985/1990/1
f 3961/1991/1 298/1992/1 1032/1993/1
f 4168/1994/1 3964/1995/1 1013/1996/1 1981/1312/1
f 2776/1997/1 4167/1998/1 1400/1999/1 3965/2000/1
f 4167/1328/1 559/2001/1 3966/2002/1
f 1009/2003/1 3967/1996/1 1978/2004/1
f 1009/2003/1 3968/1987/1 3967/1996/1
f 1010/123/1 4325/2005/1 3969/299/1
f 1007/560/1 3970/2006/1 4329/1296/1
f 1007/560/1 3971/2007/1 3970/2006/1
f 1009/2003/1 1978/2004/1 3972/2008/1
f 2315/113/1 309/2009/1 1974/2010/1
f 552/103/4 2315/559/4 309/2011/4
f 4165/2012/1 3974/2013/1 548/558/1 2312/105/1
f 4164/2014/1 3975/2015/1 1401/2016/1 3976/2017/1
f 4163/1260/1 1050/570/1 551/1272/1 3977/2018/1
f 547/2019/1 3978/102/1 2311/2020/1
f 547/2019/1 3979/2021/1 3978/102/1
f 548/558/1 1529/113/1 3980/2022/1
f 543/229/1 3982/98/1 2309/1179/1
f 543/229/1 3983/104/1 3982/98/1
f 544/558/1 1527/2023/1 3984/2022/1
f 540/620/1 3985/112/1 1523/2024/1
f 540/620/1 3986/2025/1 3985/112/1
f 541/584/1 1524/568/1 3987/1272/1
f 539/1251/1 3988/583/1 2305/2026/1
f 539/1251/1 3989/100/1 3988/583/1
f 540/620/1 1523/2024/1 3990/2025/1
f 4161/2027/1 3991/2013/1 1402/2010/1 3992/2028/1
f 4160/2029/1 2304/2030/1 538/2031/1 3993/2032/1
f 4159/2033/1 3994/2034/1 1022/744/1 1992/2035/1
f 4158/2036/1 3995/2037/1 1403/2038/1 3996/1043/1
f 4157/2039/1 2298/1272/1 531/563/1 3997/2040/1
f 3998/2041/1 294/2042/1 1056/2043/1
f 4156/2044/1 4000/2045/1 1404/2046/1 3999/2047/1
f 1064/2048/1 302/2049/1 1513/2050/1 4002/2051/1
f 4154/2052/1 4003/2053/1 293/2054/1 4004/2055/1
f 4153/2056/1 4005/2057/1 1019/2058/1 1987/2059/1
f 4152/1374/1 4006/2060/1 1406/2061/1 4007/940/1
f 4151/2062/1 1965/2063/1 995/103/1 4008/1213/1
f 524/1915/1 4009/158/1 1507/1916/1
f 524/1915/1 4010/1917/1 4009/158/1
f 525/1918/1 1508/1919/1 4011/1920/1
f 520/229/1 4012/56/1 1503/135/1
f 520/229/1 4013/58/1 4012/56/1
f 523/1921/1 2289/1922/1 4014/45/1
f 518/42/1 4015/1923/1 2284/1924/1
f 518/42/1 4016/44/1 4015/1923/1
f 521/43/1 2287/1925/1 4017/1926/1
f 519/47/1 4018/59/1 2285/52/1
f 519/47/1 4019/57/1 4018/59/1
f 520/229/1 1503/135/1 4020/67/1
f 517/1927/1 4021/55/1 1500/1928/1
f 517/1927/1 4022/136/1 4021/55/1
f 518/42/1 2284/1924/1 4023/68/1
f 511/229/1 4024/76/1 1494/136/1
f 511/229/1 4025/67/1 4024/76/1
f 515/57/1 1498/229/1 4026/135/1
f 513/1929/1 4027/70/1 2279/1930/1
f 513/1929/1 4028/1927/1 4027/70/1
f 514/447/1 2280/151/1 4029/136/1
f 505/76/1 4030/1668/1 1488/449/1
f 505/76/1 4031/135/1 4030/1668/1
f 511/229/1 1494/136/1 4032/447/1
f 508/447/1 4033/1931/1 2274/48/1
f 508/447/1 4034/136/1 4033/1931/1
f 509/76/1 2275/42/1 4035/151/1
f 507/1932/1 4036/148/1 2273/1933/1
f 507/1932/1 4037/72/1 4036/148/1
f 508/447/1 2274/48/1 4038/136/1
f 504/447/1 4039/142/1 1487/141/1
f 504/447/1 4040/136/1 4039/142/1
f 505/76/1 1488/449/1 4041/139/1
f 503/77/1 4042/59/1 2269/79/1
f 503/77/1 4043/57/1 4042/59/1
f 504/447/1 1487/141/1 4044/136/1
f 501/1934/1 4045/144/1 2267/1928/1
f 501/1934/1 4046/145/1 4045/144/1
f 502/76/1 2268/1931/1 4047/135/1
f 495/447/1 4048/137/1 1478/1935/1
f 495/447/1 4049/136/1 4048/137/1
f 499/76/1 1482/142/1 4050/141/1
f 497/1936/1 4051/51/1 2263/1937/1
f 497/1936/1 4052/1938/1 4051/51/1
f 498/229/1 2264/151/1 4053/67/1
f 494/449/1 4054/78/1 1477/55/1
f 494/449/1 4055/1668/1 4054/78/1
f 495/447/1 1478/1935/1 4056/50/1
f 493/80/1 4057/47/1 2259/1916/1
f 493/80/1 4058/59/1 4057/47/1
f 494/449/1 1477/55/1 4059/1668/1
f 490/229/1 4060/1931/1 2256/1939/1
f 490/229/1 4061/67/1 4060/1931/1
f 491/57/1 2257/42/1 4062/151/1
f 489/1940/1 4063/78/1 2255/1941/1
f 489/1940/1 4064/55/1 4063/78/1
f 490/229/1 2256/1939/1 4065/67/1
f 484/449/1 4066/51/1 1467/1938/1
f 484/449/1 4067/1668/1 4066/51/1
f 487/447/1 1470/78/1 4068/55/1
f 485/447/1 4069/56/1 2251/68/1
f 485/447/1 4070/135/1 4069/56/1
f 486/57/1 2252/1942/1 4071/1916/1
f 483/1931/1 4072/66/1 2249/151/1
f 483/1931/1 4073/1963/1 4072/66/1
f 484/449/1 1467/1938/1 4074/1668/1
f 479/1921/1 4075/1982/1 2245/1915/1
f 479/1921/1 4076/158/1 4075/1982/1
f 481/1915/1 2247/1983/1 4077/1984/1
f 478/43/1 4078/1921/1 2244/45/1
f 478/43/1 4079/45/1 4078/1921/1
f 479/1921/1 2245/1915/1 4080/158/1
f 1099/957/1 4081/958/1 2055/37/1
f 1099/957/1 4082/654/1 4081/958/1
f 1100/32/1 2056/959/1 4083/960/1
f 4150/961/1 4084/962/1 1108/625/1 2063/963/1
f 4149/964/1 4085/965/1 1407/966/1 4086/967/1
f 4148/968/1 2046/813/1 1091/814/1 4087/921/1
f 4146/973/1 4089/974/1 1409/975/1 4090/976/1
f 4145/977/1 2041/815/1 1082/628/1 4091/978/1
f 4144/979/1 4092/980/1 1410/510/1 4093/981/1
f 4143/982/1 4095/445/1 1411/983/1 4094/984/1
f 1088/985/1 1090/625/1 2045/986/1
f 1088/985/1 3209/987/1 1090/625/1
f 1089/953/1 11/955/1 3209/2064/1
f 349/988/1 2234/26/1 2044/989/1
f 466/671/9 2234/102/9 349/670/9
f 4142/990/1 4096/991/1 1103/679/1 2059/811/1
f 4141/992/1 4097/993/1 1412/793/1 4098/994/1
f 4140/995/1 2233/947/1 465/337/1 4099/796/1
f 1136/2065/1 2820/2066/1 1083/2067/1 2090/748/1
f 4139/2068/1 2033/2069/1 338/2070/1 2820/1976/1
f 1080/729/1 4100/815/1 2038/695/1
f 1080/729/1 4101/654/1 4100/815/1
f 3185/41/1 2040/949/1 4102/220/1
f 4137/1000/1 4103/1001/1 1101/1002/1 2057/1003/1
f 4136/1004/1 4104/787/1 1413/93/1 4105/1005/1
f 4135/1006/1 2229/687/1 459/30/1 4106/1007/1
f 2225/2071/1 456/2072/1 1435/12/1
f 2225/2071/1 2226/2073/1 456/2072/1
f 455/2074/1 4107/2075/1 2221/158/1
f 456/2076/1 1436/2077/1 4107/2078/1
f 1432/2079/1 4108/2080/1 2223/2081/1
f 452/2082/1 1429/2083/1 2/2084/1
f 452/2082/1 1430/14/1 1429/2083/1
f 451/229/1 1429/2085/1 1428/2086/1
f 4114/2076/1 4112/2087/1 2219/2088/1
f 4114/2076/1 4111/2072/1 4112/2087/1
f 4111/2071/1 2220/158/1 4112/2089/1
f 2218/9/1 4113/2090/1 1425/2074/1
f 4115/2076/1 4116/2091/1 2217/2071/1
f 4134/2092/5 2887/2093/5 2112/2094/5 2108/2095/5
f 4133/2096/1 1146/2097/1 2101/2098/1 377/2099/1
f 4132/2100/1 4117/2101/1 1153/2102/1 2110/2103/1
f 4131/2104/1 4118/2105/1 1414/2106/1 4119/2107/1
f 4130/2108/1 2210/2/1 446/2109/1 4120/1025/1
f 4129/2110/1 375/2111/1 2104/2112/1
f 4128/2113/1 375/2114/1 4121/1096/1
f 4125/2115/1 4123/2116/1 2109/1027/1
f 4125/2117/1 4124/2118/1 1415/2119/1
f 4127/2120/1 2209/2121/1 445/2122/1 4126/2123/1
f 4124/2118/1 4127/2120/1 4126/2123/1 1415/2119/1
f 1166/1010/1 2900/719/1 4127/2120/1 4124/2118/1
f 2900/719/1 379/710/1 2209/2121/1 4127/2120/1
f 2120/715/1 4466/2119/1 4125/2117/1 2897/1073/1
f 4466/2119/1 1166/1010/1 4124/2118/1 4125/2117/1
f 2119/2124/1 4125/2115/1 2109/1027/1
f 2897/1027/1 4125/2115/1 2119/2124/1
f 4125/1038/1 1415/2119/1 4123/2116/1
f 4128/2113/1 2879/2125/1 4122/2126/1 375/2114/1
f 1164/2127/1 2879/2125/1 4128/2113/1
f 389/2128/1 1164/2129/1 4128/1051/1
f 4121/1096/4 4129/2110/4 2104/2130/4
f 4121/1096/1 375/2111/1 4129/2110/1
f 4118/2105/1 4130/2108/1 4120/1025/1 1414/2106/1
f 1161/1055/1 2895/711/1 4130/2108/1 4118/2105/1
f 2895/711/1 380/710/1 2210/2/1 4130/2108/1
f 2892/1081/1 4131/2104/1 4119/2107/1 1158/20/1
f 388/706/1 2117/1056/1 4131/2104/1 2892/1081/1
f 2117/1056/1 1161/1055/1 4118/2105/1 4131/2104/1
f 2114/701/1 4132/2100/1 2110/2103/1 385/702/1
f 1158/20/1 4119/2107/1 4132/2100/1 2114/701/1
f 4119/2107/1 1414/2106/1 4117/2101/1 4132/2100/1
f 1157/2131/1 386/2132/1 1146/2097/1
f 386/2133/10 2881/2134/10 1146/2135/10
f 2890/1098/1 4133/2096/1 377/2099/1 1155/1099/1
f 387/2136/1 1157/93/1 4133/2096/1 2890/1098/1
f 1157/2131/1 1146/2097/1 4133/2096/1
f 2112/698/1 4134/2092/1 2108/2095/1 384/70/1
f 1155/1099/1 377/2099/1 4134/2092/1 2112/698/1
f 377/2099/1 2101/2098/1 2887/2093/1 4134/2092/1
f 1424/2076/1 4115/2072/1 2217/2071/1
f 1424/2076/1 2216/2137/1 4115/2072/1
f 4116/2088/1 1/158/1 1426/2089/1
f 2217/2071/1 4116/2091/1 1426/2138/1
f 4114/2072/1 4116/2087/1 4115/2071/1
f 4114/2072/1 2219/2088/1 4116/2087/1
f 2219/2088/1 1/2075/1 4116/2087/1
f 1425/2074/1 4114/2072/1 4115/2071/1
f 1425/2074/1 4113/2090/1 4114/2072/1
f 2218/2085/1 1425/2137/1 1423/2086/1
f 4112/2089/1 2220/158/1 450/2139/1
f 2220/158/1 1431/2073/1 450/2139/1
f 2219/2088/1 450/2078/1 1/2075/1
f 2219/2088/1 4112/2087/1 450/2078/1
f 4110/2072/1 2220/158/1 4111/2071/1
f 1428/2086/1 4110/2072/1 4111/2071/1
f 1428/2086/1 1429/2085/1 4110/2072/1
f 451/2080/1 1428/2090/1 1427/2140/1
f 453/2137/1 2220/2089/1 4110/2076/1
f 453/2137/1 4109/2087/1 2220/2089/1
f 4109/2087/1 1431/2073/1 2220/2089/1
f 1429/2083/1 453/2137/1 4110/2076/1
f 1429/2083/1 1430/14/1 453/2137/1
f 2221/158/1 2222/2141/1 1431/2142/1
f 4109/2089/1 2221/158/1 1431/2142/1
f 4109/2089/1 453/2137/1 2221/158/1
f 453/2137/1 454/2076/1 2221/158/1
f 455/2137/1 2221/2075/1 454/2076/1
f 4108/2080/1 455/2137/1 454/2076/1
f 4107/2078/1 2224/2143/1 1434/2144/1
f 4107/2078/1 1436/2077/1 2224/2143/1
f 455/2137/1 456/2076/1 4107/2078/1
f 2221/158/1 1434/2145/1 2222/2146/1
f 2221/158/1 4107/2075/1 1434/2145/1
f 2226/2139/1 1436/2077/1 456/2076/1
f 1435/12/1 456/2072/1 1433/229/1
f 4104/787/1 4135/1006/1 4106/1007/1 1413/93/1
f 1145/722/1 2878/696/1 4135/1006/1 4104/787/1
f 2878/696/1 342/229/1 2229/687/1 4135/1006/1
f 2875/747/1 4136/1004/1 4105/1005/1 1142/748/1
f 374/692/1 2100/723/1 4136/1004/1 2875/747/1
f 2100/723/1 1145/722/1 4104/787/1 4136/1004/1
f 2097/2147/1 4137/1000/1 2057/1003/1 360/2148/1
f 1142/748/1 4105/1005/1 4137/1000/1 2097/2147/1
f 4105/1005/1 1413/93/1 4103/1001/1 4137/1000/1
f 4102/220/1 2095/623/1 1140/636/1
f 4102/220/1 2040/949/1 2095/623/1
f 2040/949/1 344/622/1 2095/623/1
f 4100/815/1 4102/220/1 1140/636/1
f 4100/815/1 4101/654/1 4102/220/1
f 4101/654/1 3185/41/1 4102/220/1
f 2038/695/1 2873/688/1 342/229/1
f 2038/695/1 4100/815/1 2873/688/1
f 4100/815/1 1140/636/1 2873/688/1
f 3185/654/1 2815/996/1 2818/999/1
f 2815/996/1 1441/997/1 2818/999/1
f 2868/789/1 4139/2068/1 2820/1976/1 1136/790/1
f 373/685/1 2093/763/1 4139/2068/1 2868/789/1
f 2093/763/1 4138/762/1 2033/2069/1 4139/2068/1
f 4097/993/1 4140/995/1 4099/796/1 1412/793/1
f 1135/792/1 2867/682/1 4140/995/1 4097/993/1
f 2867/682/1 348/671/1 2233/947/1 4140/995/1
f 2864/810/1 4141/992/1 4098/994/1 1132/811/1
f 372/679/1 2089/793/1 4141/992/1 2864/810/1
f 2089/793/1 1135/792/1 4097/993/1 4141/992/1
f 2086/674/1 4142/990/1 2059/811/1 362/675/1
f 1132/811/1 4098/994/1 4142/990/1 2086/674/1
f 4098/994/1 1412/793/1 4096/991/1 4142/990/1
f 1087/675/1 2822/671/1 3208/26/1
f 1131/820/1 2863/669/1 1074/2149/1 4095/445/1
f 2860/774/1 4143/982/1 4094/984/1 1128/846/1
f 371/664/1 2084/531/1 4143/982/1 2860/774/1
f 2084/531/1 1131/820/1 4095/445/1 4143/982/1
f 1128/846/1 4094/984/1 1092/2150/1 2047/660/1
f 4094/984/1 1411/983/1 2825/2151/1 1092/2150/1
f 4092/980/1 1075/2152/1 2034/2153/1 1410/510/1
f 1127/850/1 2859/659/1 1075/2152/1 4092/980/1
f 2859/659/1 364/658/1 2808/2154/1 1075/2152/1
f 2856/166/1 4144/979/1 4093/981/1 1124/518/1
f 370/654/1 2081/851/1 4144/979/1 2856/166/1
f 2081/851/1 1127/850/1 4092/980/1 4144/979/1
f 2078/649/1 1094/2155/1 2049/2156/1 354/650/1
f 1124/518/1 4093/981/1 1094/2155/1 2078/649/1
f 4093/981/1 1410/510/1 2827/2157/1 1094/2155/1
f 4089/974/1 4145/977/1 4091/978/1 1409/975/1
f 1123/878/1 2855/640/1 4145/977/1 4089/974/1
f 2855/640/1 345/622/1 2041/815/1 4145/977/1
f 2852/249/1 4146/973/1 4090/976/1 1120/1465/1
f 369/521/1 2077/879/1 4146/973/1 2852/249/1
f 2077/879/1 1123/878/1 4089/974/1 4146/973/1
f 4090/976/1 1409/975/1 4088/2158/1 4147/2159/1
f 1119/898/1 2810/2160/1 1077/2161/1 2035/970/1
f 2849/925/1 1408/969/1 2830/972/1 1116/926/1
f 368/641/1 2075/899/1 1408/969/1 2849/925/1
f 2075/899/1 1119/898/1 2035/970/1 1408/969/1
f 1116/926/1 2830/972/1 1097/2162/1 2052/655/1
f 4085/965/1 4148/968/1 4087/921/1 1407/966/1
f 1115/929/1 2848/638/1 4148/968/1 4085/965/1
f 2848/638/1 351/637/1 2046/813/1 4148/968/1
f 2845/945/1 4149/964/1 4086/967/1 1112/224/1
f 367/633/1 2072/726/1 4149/964/1 2845/945/1
f 2072/726/1 1115/929/1 4085/965/1 4149/964/1
f 2069/630/1 4150/961/1 2063/963/1 366/36/1
f 1112/224/1 4086/967/1 4150/961/1 2069/630/1
f 4086/967/1 1407/966/1 4084/962/1 4150/961/1
f 4083/960/1 2065/954/1 1110/953/1
f 4083/960/1 2056/959/1 2065/954/1
f 2056/959/1 359/626/1 2065/954/1
f 4081/958/1 4083/960/1 1110/953/1
f 4081/958/1 4082/654/1 4083/960/1
f 4082/654/1 1100/32/1 4083/960/1
f 2055/37/1 2843/625/1 2067/622/1
f 2055/37/1 4081/958/1 2843/625/1
f 4081/958/1 1110/953/1 2843/625/1
f 4080/158/1 2246/1982/1 480/1915/1
f 4080/158/1 2245/1915/1 2246/1982/1
f 2245/1915/1 25/150/1 2246/1982/1
f 4078/1921/1 4080/158/1 480/1915/1
f 4078/1921/1 4079/45/1 4080/158/1
f 4079/45/1 479/1921/1 4080/158/1
f 2244/45/1 1463/158/1 26/1921/1
f 2244/45/1 4078/1921/1 1463/158/1
f 4078/1921/1 480/1915/1 1463/158/1
f 4077/1984/1 2248/2163/1 482/1924/1
f 4077/1984/1 2247/1983/1 2248/2163/1
f 2247/1983/1 24/149/1 2248/2163/1
f 4075/1982/1 4077/1984/1 482/1924/1
f 4075/1982/1 4076/158/1 4077/1984/1
f 4076/158/1 481/1915/1 4077/1984/1
f 2245/1915/1 1465/2164/1 25/150/1
f 2245/1915/1 4075/1982/1 1465/2164/1
f 4075/1982/1 482/1924/1 1465/2164/1
f 4074/1668/1 1468/51/1 485/447/1
f 4074/1668/1 1467/1938/1 1468/51/1
f 1467/1938/1 38/49/1 1468/51/1
f 4072/66/1 4074/1668/1 485/447/1
f 4072/66/1 4073/1963/1 4074/1668/1
f 4073/1963/1 484/449/1 4074/1668/1
f 2249/151/1 2251/68/1 27/42/1
f 2249/151/1 4072/66/1 2251/68/1
f 4072/66/1 485/447/1 2251/68/1
f 4071/1916/1 2247/1983/1 481/1915/1
f 4071/1916/1 2252/1942/1 2247/1983/1
f 2252/1942/1 24/149/1 2247/1983/1
f 4069/56/1 4071/1916/1 481/1915/1
f 4069/56/1 4070/135/1 4071/1916/1
f 4070/135/1 486/57/1 4071/1916/1
f 2251/68/1 1464/45/1 27/42/1
f 2251/68/1 4069/56/1 1464/45/1
f 4069/56/1 481/1915/1 1464/45/1
f 4068/55/1 2254/70/1 488/1927/1
f 4068/55/1 1470/78/1 2254/70/1
f 1470/78/1 37/72/1 2254/70/1
f 4066/51/1 4068/55/1 488/1927/1
f 4066/51/1 4067/1668/1 4068/55/1
f 4067/1668/1 487/447/1 4068/55/1
f 1467/1938/1 1471/74/1 38/49/1
f 1467/1938/1 4066/51/1 1471/74/1
f 4066/51/1 488/1927/1 1471/74/1
f 4065/67/1 2252/1942/1 486/57/1
f 4065/67/1 2256/1939/1 2252/1942/1
f 2256/1939/1 24/149/1 2252/1942/1
f 4063/78/1 4065/67/1 486/57/1
f 4063/78/1 4064/55/1 4065/67/1
f 4064/55/1 490/229/1 4065/67/1
f 2255/1941/1 1469/50/1 38/49/1
f 2255/1941/1 4063/78/1 1469/50/1
f 4063/78/1 486/57/1 1469/50/1
f 4062/151/1 2258/1920/1 492/1922/1
f 4062/151/1 2257/42/1 2258/1920/1
f 2257/42/1 23/1917/1 2258/1920/1
f 4060/1931/1 4062/151/1 492/1922/1
f 4060/1931/1 4061/67/1 4062/151/1
f 4061/67/1 491/57/1 4062/151/1
f 2256/1939/1 1475/1925/1 24/149/1
f 2256/1939/1 4060/1931/1 1475/1925/1
f 4060/1931/1 492/1922/1 1475/1925/1
f 4059/1668/1 1470/78/1 487/447/1
f 4059/1668/1 1477/55/1 1470/78/1
f 1477/55/1 37/72/1 1470/78/1
f 4057/47/1 4059/1668/1 487/447/1
f 4057/47/1 4058/59/1 4059/1668/1
f 4058/59/1 494/449/1 4059/1668/1
f 2259/1916/1 2253/52/1 28/46/1
f 2259/1916/1 4057/47/1 2253/52/1
f 4057/47/1 487/447/1 2253/52/1
f 4056/50/1 2262/145/1 496/64/1
f 4056/50/1 1478/1935/1 2262/145/1
f 1478/1935/1 36/144/1 2262/145/1
f 4054/78/1 4056/50/1 496/64/1
f 4054/78/1 4055/1668/1 4056/50/1
f 4055/1668/1 495/447/1 4056/50/1
f 1477/55/1 1479/148/1 37/72/1
f 1477/55/1 4054/78/1 1479/148/1
f 4054/78/1 496/64/1 1479/148/1
f 4053/67/1 2257/42/1 491/57/1
f 4053/67/1 2264/151/1 2257/42/1
f 2264/151/1 23/1917/1 2257/42/1
f 4051/51/1 4053/67/1 491/57/1
f 4051/51/1 4052/1938/1 4053/67/1
f 4052/1938/1 498/229/1 4053/67/1
f 2263/1937/1 1474/55/1 39/53/1
f 2263/1937/1 4051/51/1 1474/55/1
f 4051/51/1 491/57/1 1474/55/1
f 4050/141/1 2266/51/1 500/1966/1
f 4050/141/1 1482/142/1 2266/51/1
f 1482/142/1 35/140/1 2266/51/1
f 4048/137/1 4050/141/1 500/1966/1
f 4048/137/1 4049/136/1 4050/141/1
f 4049/136/1 499/76/1 4050/141/1
f 1478/1935/1 1483/61/1 36/144/1
f 1478/1935/1 4048/137/1 1483/61/1
f 4048/137/1 500/1966/1 1483/61/1
f 4047/135/1 2264/151/1 498/229/1
f 4047/135/1 2268/1931/1 2264/151/1
f 2268/1931/1 23/1917/1 2264/151/1
f 4045/144/1 4047/135/1 498/229/1
f 4045/144/1 4046/145/1 4047/135/1
f 4046/145/1 502/76/1 4047/135/1
f 2267/1928/1 1481/61/1 40/60/1
f 2267/1928/1 4045/144/1 1481/61/1
f 4045/144/1 498/229/1 1481/61/1
f 4044/136/1 1482/142/1 499/76/1
f 4044/136/1 1487/141/1 1482/142/1
f 1487/141/1 35/140/1 1482/142/1
f 4042/59/1 4044/136/1 499/76/1
f 4042/59/1 4043/57/1 4044/136/1
f 4043/57/1 504/447/1 4044/136/1
f 2269/79/1 2265/47/1 29/56/1
f 2269/79/1 4042/59/1 2265/47/1
f 4042/59/1 499/76/1 2265/47/1
f 4041/139/1 2272/138/1 506/50/1
f 4041/139/1 1488/449/1 2272/138/1
f 1488/449/1 34/137/1 2272/138/1
f 4039/142/1 4041/139/1 506/50/1
f 4039/142/1 4040/136/1 4041/139/1
f 4040/136/1 505/76/1 4041/139/1
f 1487/141/1 1489/78/1 35/140/1
f 1487/141/1 4039/142/1 1489/78/1
f 4039/142/1 506/50/1 1489/78/1
f 4038/136/1 2268/1931/1 502/76/1
f 4038/136/1 2274/48/1 2268/1931/1
f 2274/48/1 23/1917/1 2268/1931/1
f 4036/148/1 4038/136/1 502/76/1
f 4036/148/1 4037/72/1 4038/136/1
f 4037/72/1 508/447/1 4038/136/1
f 2273/1933/1 1485/64/1 41/63/1
f 2273/1933/1 4036/148/1 1485/64/1
f 4036/148/1 502/76/1 1485/64/1
f 4035/151/1 2276/2165/1 510/2166/1
f 4035/151/1 2275/42/1 2276/2165/1
f 2275/42/1 22/153/1 2276/2165/1
f 4033/1931/1 4035/151/1 510/2166/1
f 4033/1931/1 4034/136/1 4035/151/1
f 4034/136/1 509/76/1 4035/151/1
f 2274/48/1 1493/83/1 23/1917/1
f 2274/48/1 4033/1931/1 1493/83/1
f 4033/1931/1 510/2166/1 1493/83/1
f 4032/447/1 2278/139/1 512/142/1
f 4032/447/1 1494/136/1 2278/139/1
f 1494/136/1 33/449/1 2278/139/1
f 4030/1668/1 4032/447/1 512/142/1
f 4030/1668/1 4031/135/1 4032/447/1
f 4031/135/1 511/229/1 4032/447/1
f 1488/449/1 1495/1962/1 34/137/1
f 1488/449/1 4030/1668/1 1495/1962/1
f 4030/1668/1 512/142/1 1495/1962/1
f 4029/136/1 2275/42/1 509/76/1
f 4029/136/1 2280/151/1 2275/42/1
f 2280/151/1 22/153/1 2275/42/1
f 4027/70/1 4029/136/1 509/76/1
f 4027/70/1 4028/1927/1 4029/136/1
f 4028/1927/1 514/447/1 4029/136/1
f 2279/1930/1 1492/72/1 42/69/1
f 2279/1930/1 4027/70/1 1492/72/1
f 4027/70/1 509/76/1 1492/72/1
f 4026/135/1 2282/136/1 516/447/1
f 4026/135/1 1498/229/1 2282/136/1
f 1498/229/1 32/76/1 2282/136/1
f 4024/76/1 4026/135/1 516/447/1
f 4024/76/1 4025/67/1 4026/135/1
f 4025/67/1 515/57/1 4026/135/1
f 1494/136/1 1499/1668/1 33/449/1
f 1494/136/1 4024/76/1 1499/1668/1
f 4024/76/1 516/447/1 1499/1668/1
f 4023/68/1 2280/151/1 514/447/1
f 4023/68/1 2284/1924/1 2280/151/1
f 2284/1924/1 22/153/1 2280/151/1
f 4021/55/1 4023/68/1 514/447/1
f 4021/55/1 4022/136/1 4023/68/1
f 4022/136/1 518/42/1 4023/68/1
f 1500/1928/1 1497/74/1 43/73/1
f 1500/1928/1 4021/55/1 1497/74/1
f 4021/55/1 514/447/1 1497/74/1
f 4020/67/1 1498/229/1 515/57/1
f 4020/67/1 1503/135/1 1498/229/1
f 1503/135/1 32/76/1 1498/229/1
f 4018/59/1 4020/67/1 515/57/1
f 4018/59/1 4019/57/1 4020/67/1
f 4019/57/1 520/229/1 4020/67/1
f 2285/52/1 2281/47/1 30/66/1
f 2285/52/1 4018/59/1 2281/47/1
f 4018/59/1 515/57/1 2281/47/1
f 4017/1926/1 2288/468/1 522/2167/1
f 4017/1926/1 2287/1925/1 2288/468/1
f 2287/1925/1 21/2168/1 2288/468/1
f 4015/1923/1 4017/1926/1 522/2167/1
f 4015/1923/1 4016/44/1 4017/1926/1
f 4016/44/1 521/43/1 4017/1926/1
f 2284/1924/1 1505/2169/1 22/153/1
f 2284/1924/1 4015/1923/1 1505/2169/1
f 4015/1923/1 522/2167/1 1505/2169/1
f 4014/45/1 2287/1925/1 521/43/1
f 4014/45/1 2289/1922/1 2287/1925/1
f 2289/1922/1 21/2168/1 2287/1925/1
f 4012/56/1 4014/45/1 521/43/1
f 4012/56/1 4013/58/1 4014/45/1
f 4013/58/1 523/1921/1 4014/45/1
f 1503/135/1 1504/79/1 32/76/1
f 1503/135/1 4012/56/1 1504/79/1
f 4012/56/1 521/43/1 1504/79/1
f 4011/1920/1 2289/1922/1 523/1921/1
f 4011/1920/1 1508/1919/1 2289/1922/1
f 1508/1919/1 21/2168/1 2289/1922/1
f 4009/158/1 4011/1920/1 523/1921/1
f 4009/158/1 4010/1917/1 4011/1920/1
f 4010/1917/1 525/1918/1 4011/1920/1
f 1507/1916/1 1506/80/1 31/57/1
f 1507/1916/1 4009/158/1 1506/80/1
f 4009/158/1 523/1921/1 1506/80/1
f 4006/2060/1 4151/2062/1 4008/1213/1 1406/2061/1
f 1072/1103/1 2806/621/1 4151/2062/1 4006/2060/1
f 2806/621/1 299/620/1 1965/2063/1 4151/2062/1
f 2803/1128/1 4152/1374/1 4007/940/1 1069/1129/1
f 337/617/1 2031/1104/1 4152/1374/1 2803/1128/1
f 2031/1104/1 1072/1103/1 4006/2060/1 4152/1374/1
f 1069/1129/1 4007/940/1 4153/2056/1 2028/2170/1
f 4007/940/1 1406/2061/1 4005/2057/1 4153/2056/1
f 4003/2053/1 987/2171/1 1957/2172/1 293/2054/1
f 1068/1133/1 2731/2173/1 987/2171/1 4003/2053/1
f 2800/1162/1 4154/2052/1 4004/2055/1 1065/1163/1
f 336/614/1 2027/1134/1 4154/2052/1 2800/1162/1
f 2027/1134/1 1068/1133/1 4003/2053/1 4154/2052/1
f 1065/1163/1 4004/2055/1 997/2174/1 1967/2175/1
f 4004/2055/1 293/2054/1 2742/2176/1 997/2174/1
f 2798/1185/1 1405/2177/1 4001/2178/1 1062/1186/1
f 335/1167/1 1405/2177/1 2798/1185/1
f 335/1167/1 1064/1166/1 4002/2179/1 1405/2177/1
f 1062/1186/1 4001/2178/1 530/2180/1 2297/810/1
f 4000/2045/1 4155/2181/1 1958/2182/1 1404/2046/1
f 1061/87/1 2733/604/1 4155/2181/1 4000/2045/1
f 2795/1216/1 4156/2044/1 3999/2047/1 1058/1217/1
f 334/599/1 2023/1190/1 4156/2044/1 2795/1216/1
f 2023/1190/1 1061/87/1 4000/2045/1 4156/2044/1
f 1058/1217/1 3999/2047/1 1001/2183/1 1970/594/1
f 3998/2041/1 988/2184/1 294/2042/1
f 2794/235/1 988/2185/1 3998/2041/1
f 2794/235/1 1991/91/1 988/2185/1
f 2791/2186/1 3998/2187/1 1056/2188/1
f 2020/1221/1 3998/2187/1 2791/2186/1
f 2020/1221/1 2794/1220/1 3998/2187/1
f 1056/2043/1 294/2189/1 1003/2190/1
f 3995/2037/1 4157/2039/1 3997/2040/1 1403/2038/1
f 1055/1186/1 2790/585/1 4157/2039/1 3995/2037/1
f 2790/585/1 304/584/1 2298/1272/1 4157/2039/1
f 2787/235/1 4158/2036/1 3996/1043/1 1052/1268/1
f 333/96/1 2017/1245/1 4158/2036/1 2787/235/1
f 2017/1245/1 1055/1186/1 3995/2037/1 4158/2036/1
f 2014/576/1 4159/2033/1 1992/2035/1 322/577/1
f 1052/1268/1 3996/1043/1 4159/2033/1 2014/576/1
f 3996/1043/1 1403/2038/1 3994/2034/1 4159/2033/1
f 3991/2013/1 4160/2029/1 3993/2032/1 1402/2010/1
f 537/584/1 1520/112/1 4160/2029/1 3991/2013/1
f 1520/112/1 59/2191/1 2304/2030/1 4160/2029/1
f 2745/2192/1 4161/2027/1 3992/2028/1 1002/583/1
f 52/2193/1 2303/101/1 4161/2027/1 2745/2192/1
f 2303/101/1 537/584/1 3991/2013/1 4161/2027/1
f 3992/2028/1 1402/2010/1 2300/1228/1 4162/2194/1
f 3990/2025/1 1520/112/1 537/584/1
f 3990/2025/1 1523/2024/1 1520/112/1
f 1523/2024/1 59/2191/1 1520/112/1
f 3988/583/1 3990/2025/1 537/584/1
f 3988/583/1 3989/100/1 3990/2025/1
f 3989/100/1 540/620/1 3990/2025/1
f 2305/2026/1 2303/101/1 52/2193/1
f 2305/2026/1 3988/583/1 2303/101/1
f 3988/583/1 537/584/1 2303/101/1
f 3987/1272/1 2308/1110/1 542/563/1
f 3987/1272/1 1524/568/1 2308/1110/1
f 1524/568/1 58/1303/1 2308/1110/1
f 3985/112/1 3987/1272/1 542/563/1
f 3985/112/1 3986/2025/1 3987/1272/1
f 3986/2025/1 541/584/1 3987/1272/1
f 1523/2024/1 1525/2195/1 59/2191/1
f 1523/2024/1 3985/112/1 1525/2195/1
f 3985/112/1 542/563/1 1525/2195/1
f 3984/2022/1 1524/568/1 541/584/1
f 3984/2022/1 1527/2023/1 1524/568/1
f 1527/2023/1 58/1303/1 1524/568/1
f 3982/98/1 3984/2022/1 541/584/1
f 3982/98/1 3983/104/1 3984/2022/1
f 3983/104/1 544/558/1 3984/2022/1
f 2309/1179/1 2307/100/1 53/97/1
f 2309/1179/1 3982/98/1 2307/100/1
f 3982/98/1 541/584/1 2307/100/1
f 3981/113/1 2765/2196/1 546/2197/1
f 3981/26/1 57/112/1 2765/2196/1
f 1527/2198/1 3981/113/1 546/2197/1
f 1527/2198/1 544/2022/1 3981/113/1
f 544/2022/1 545/584/1 3981/113/1
f 1527/2198/1 546/2197/1 58/70/1
f 3980/2022/1 3981/26/1 545/584/1
f 3980/2022/1 1529/113/1 3981/26/1
f 1529/113/1 57/112/1 3981/26/1
f 3978/102/1 3980/2022/1 545/584/1
f 3978/102/1 3979/2021/1 3980/2022/1
f 3979/2021/1 548/558/1 3980/2022/1
f 2311/2020/1 2310/104/1 54/101/1
f 2311/2020/1 3978/102/1 2310/104/1
f 3978/102/1 545/584/1 2310/104/1
f 3975/2015/1 4163/1260/1 3977/2018/1 1401/2016/1
f 2315/113/1 1974/2010/1 4163/1260/1 3975/2015/1
f 1531/558/1 4164/2014/1 3976/2017/1 550/584/1
f 56/26/1 552/115/1 4164/2014/1 1531/558/1
f 552/115/1 2315/113/1 3975/2015/1 4164/2014/1
f 2314/2199/1 4165/2012/1 2312/105/1 55/104/1
f 550/584/1 3976/2017/1 4165/2012/1 2314/2199/1
f 3976/2017/1 1401/2016/1 3974/2013/1 4165/2012/1
f 309/2011/4 2315/559/4 1975/2200/4
f 1974/2010/1 2013/571/1 4163/568/1
f 1974/2010/1 309/2009/1 2013/571/1
f 3973/2201/1 1008/2202/1 2750/581/1
f 3342/1275/1 1008/2202/1 3973/2201/1
f 1008/567/11 311/566/11 1977/2203/11
f 332/1294/1 4166/580/1 1048/1295/1
f 4166/1261/1 3342/1275/1 3973/2201/1
f 1048/562/1 990/2204/1 2736/2205/1 324/563/1
f 1048/1295/1 4166/580/1 990/2204/1
f 4166/580/1 3973/2206/1 1961/606/1 990/2204/1
f 3972/2008/1 2010/1299/1 1046/1302/1
f 3972/2008/1 1978/2004/1 2010/1299/1
f 1978/2004/1 312/22/1 2010/1299/1
f 3970/2006/1 3972/2008/1 1046/1302/1
f 3970/2006/1 3971/2007/1 3972/2008/1
f 3971/2007/1 1009/2003/1 3972/2008/1
f 4329/1296/1 2784/559/1 2786/101/1
f 4329/1296/1 3970/2006/1 2784/559/1
f 3970/2006/1 1046/1302/1 2784/559/1
f 3969/299/1 2007/1312/1 1043/1311/1
f 3969/299/1 4325/2005/1 2007/1312/1
f 4325/2005/1 2004/555/1 2007/1312/1
f 3967/1996/1 3969/299/1 1043/1311/1
f 3967/1996/1 3968/1987/1 3969/299/1
f 3968/1987/1 1010/123/1 3969/299/1
f 1978/2004/1 2781/554/1 312/22/1
f 1978/2004/1 3967/1996/1 2781/554/1
f 3967/1996/1 1043/1311/1 2781/554/1
f 4167/2207/1 3966/2002/1 1400/1999/1
f 2005/126/1 2779/551/1 4167/1998/1
f 2776/1997/1 3965/2000/1 1040/1338/1
f 2005/126/1 4167/1998/1 2776/1997/1
f 2003/546/1 4168/1994/1 1981/1312/1 314/22/1
f 1040/1338/1 3965/2000/1 4168/1994/1 2003/546/1
f 3965/2000/1 1400/1999/1 3964/1995/1 4168/1994/1
f 3963/2208/1 991/2209/1 1962/2210/1 1399/2211/1
f 1039/1342/1 2737/854/1 991/2209/1 3963/2208/1
f 2773/1367/1 1399/2212/1 3962/2213/1 1036/1368/1
f 331/543/1 2002/1343/1 1399/2212/1 2773/1367/1
f 2002/1343/1 1039/1342/1 3963/2208/1 1399/2212/1
f 1036/1368/1 3962/2213/1 1015/2214/1 1983/2215/1
f 3961/1991/1 992/2216/1 298/1992/1
f 1035/2217/1 327/2218/1 992/2219/1 3961/1991/1
f 2771/1355/1 3961/2220/1 1032/2221/1
f 330/543/1 1035/2222/1 3961/2220/1 2771/1355/1
f 1032/1993/1 4169/1989/1 1985/1327/1
f 1032/1993/1 298/1504/1 4169/1989/1
f 3960/2223/1 1982/2224/1 1014/980/1 1398/548/1
f 1031/1338/1 315/2225/1 1982/2224/1 3960/2223/1
f 2769/2226/1 3960/2227/1 1398/2228/1 1028/2229/1
f 329/2230/1 1031/2231/1 3960/2227/1 2769/2226/1
f 1028/2229/1 1398/2228/1 1997/2232/1
f 1398/548/1 3959/1986/1 1997/1985/1
f 3958/158/1 2329/1982/1 569/1915/1
f 3958/158/1 2328/1915/1 2329/1982/1
f 2328/1915/1 66/150/1 2329/1982/1
f 3956/1921/1 3958/158/1 569/1915/1
f 3956/1921/1 3957/45/1 3958/158/1
f 3957/45/1 568/1921/1 3958/158/1
f 2327/45/1 1548/158/1 67/1921/1
f 2327/45/1 3956/1921/1 1548/158/1
f 3956/1921/1 569/1915/1 1548/158/1
f 3955/1984/1 2331/2163/1 571/1924/1
f 3955/1984/1 2330/1983/1 2331/2163/1
f 2330/1983/1 65/149/1 2331/2163/1
f 3953/1982/1 3955/1984/1 571/1924/1
f 3953/1982/1 3954/158/1 3955/1984/1
f 3954/158/1 570/1915/1 3955/1984/1
f 2328/1915/1 1550/2164/1 66/150/1
f 2328/1915/1 3953/1982/1 1550/2164/1
f 3953/1982/1 571/1924/1 1550/2164/1
f 3952/1668/1 1553/51/1 574/447/1
f 3952/1668/1 1552/1938/1 1553/51/1
f 1552/1938/1 79/49/1 1553/51/1
f 3950/66/1 3952/1668/1 574/447/1
f 3950/66/1 3951/1963/1 3952/1668/1
f 3951/1963/1 573/449/1 3952/1668/1
f 2332/151/1 2334/68/1 68/42/1
f 2332/151/1 3950/66/1 2334/68/1
f 3950/66/1 574/447/1 2334/68/1
f 3949/1916/1 2330/1983/1 570/1915/1
f 3949/1916/1 2335/1942/1 2330/1983/1
f 2335/1942/1 65/149/1 2330/1983/1
f 3947/56/1 3949/1916/1 570/1915/1
f 3947/56/1 3948/135/1 3949/1916/1
f 3948/135/1 575/57/1 3949/1916/1
f 2334/68/1 1549/45/1 68/42/1
f 2334/68/1 3947/56/1 1549/45/1
f 3947/56/1 570/1915/1 1549/45/1
f 3946/55/1 2337/70/1 577/1927/1
f 3946/55/1 1555/78/1 2337/70/1
f 1555/78/1 78/72/1 2337/70/1
f 3944/51/1 3946/55/1 577/1927/1
f 3944/51/1 3945/1668/1 3946/55/1
f 3945/1668/1 576/447/1 3946/55/1
f 1552/1938/1 1556/74/1 79/49/1
f 1552/1938/1 3944/51/1 1556/74/1
f 3944/51/1 577/1927/1 1556/74/1
f 3943/67/1 2335/1942/1 575/57/1
f 3943/67/1 2339/1939/1 2335/1942/1
f 2339/1939/1 65/149/1 2335/1942/1
f 3941/78/1 3943/67/1 575/57/1
f 3941/78/1 3942/55/1 3943/67/1
f 3942/55/1 579/229/1 3943/67/1
f 2338/1941/1 1554/50/1 79/49/1
f 2338/1941/1 3941/78/1 1554/50/1
f 3941/78/1 575/57/1 1554/50/1
f 3940/151/1 2341/1920/1 581/1922/1
f 3940/151/1 2340/42/1 2341/1920/1
f 2340/42/1 64/1917/1 2341/1920/1
f 3938/1931/1 3940/151/1 581/1922/1
f 3938/1931/1 3939/67/1 3940/151/1
f 3939/67/1 580/57/1 3940/151/1
f 2339/1939/1 1560/1925/1 65/149/1
f 2339/1939/1 3938/1931/1 1560/1925/1
f 3938/1931/1 581/1922/1 1560/1925/1
f 3937/1668/1 1555/78/1 576/447/1
f 3937/1668/1 1562/55/1 1555/78/1
f 1562/55/1 78/72/1 1555/78/1
f 3935/47/1 3937/1668/1 576/447/1
f 3935/47/1 3936/59/1 3937/1668/1
f 3936/59/1 583/449/1 3937/1668/1
f 2342/1916/1 2336/52/1 69/46/1
f 2342/1916/1 3935/47/1 2336/52/1
f 3935/47/1 576/447/1 2336/52/1
f 3934/50/1 2345/145/1 585/64/1
f 3934/50/1 1563/1935/1 2345/145/1
f 1563/1935/1 77/144/1 2345/145/1
f 3932/78/1 3934/50/1 585/64/1
f 3932/78/1 3933/1668/1 3934/50/1
f 3933/1668/1 584/447/1 3934/50/1
f 1562/55/1 1564/148/1 78/72/1
f 1562/55/1 3932/78/1 1564/148/1
f 3932/78/1 585/64/1 1564/148/1
f 3931/67/1 2340/42/1 580/57/1
f 3931/67/1 2347/151/1 2340/42/1
f 2347/151/1 64/1917/1 2340/42/1
f 3929/51/1 3931/67/1 580/57/1
f 3929/51/1 3930/1938/1 3931/67/1
f 3930/1938/1 587/229/1 3931/67/1
f 2346/1937/1 1559/55/1 80/53/1
f 2346/1937/1 3929/51/1 1559/55/1
f 3929/51/1 580/57/1 1559/55/1
f 3928/141/1 2349/51/1 589/1966/1
f 3928/141/1 1567/142/1 2349/51/1
f 1567/142/1 76/140/1 2349/51/1
f 3926/137/1 3928/141/1 589/1966/1
f 3926/137/1 3927/136/1 3928/141/1
f 3927/136/1 588/76/1 3928/141/1
f 1563/1935/1 1568/61/1 77/144/1
f 1563/1935/1 3926/137/1 1568/61/1
f 3926/137/1 589/1966/1 1568/61/1
f 3925/135/1 2347/151/1 587/229/1
f 3925/135/1 2351/1931/1 2347/151/1
f 2351/1931/1 64/1917/1 2347/151/1
f 3923/144/1 3925/135/1 587/229/1
f 3923/144/1 3924/145/1 3925/135/1
f 3924/145/1 591/76/1 3925/135/1
f 2350/1928/1 1566/61/1 81/60/1
f 2350/1928/1 3923/144/1 1566/61/1
f 3923/144/1 587/229/1 1566/61/1
f 3922/136/1 1567/142/1 588/76/1
f 3922/136/1 1572/141/1 1567/142/1
f 1572/141/1 76/140/1 1567/142/1
f 3920/59/1 3922/136/1 588/76/1
f 3920/59/1 3921/57/1 3922/136/1
f 3921/57/1 593/447/1 3922/136/1
f 2352/79/1 2348/47/1 70/56/1
f 2352/79/1 3920/59/1 2348/47/1
f 3920/59/1 588/76/1 2348/47/1
f 3919/139/1 2355/138/1 595/50/1
f 3919/139/1 1573/449/1 2355/138/1
f 1573/449/1 75/137/1 2355/138/1
f 3917/142/1 3919/139/1 595/50/1
f 3917/142/1 3918/136/1 3919/139/1
f 3918/136/1 594/76/1 3919/139/1
f 1572/141/1 1574/78/1 76/140/1
f 1572/141/1 3917/142/1 1574/78/1
f 3917/142/1 595/50/1 1574/78/1
f 3916/136/1 2351/1931/1 591/76/1
f 3916/136/1 2357/48/1 2351/1931/1
f 2357/48/1 64/1917/1 2351/1931/1
f 3914/148/1 3916/136/1 591/76/1
f 3914/148/1 3915/72/1 3916/136/1
f 3915/72/1 597/447/1 3916/136/1
f 2356/1933/1 1570/64/1 82/63/1
f 2356/1933/1 3914/148/1 1570/64/1
f 3914/148/1 591/76/1 1570/64/1
f 3913/151/1 2359/2165/1 599/2166/1
f 3913/151/1 2358/42/1 2359/2165/1
f 2358/42/1 63/153/1 2359/2165/1
f 3911/1931/1 3913/151/1 599/2166/1
f 3911/1931/1 3912/136/1 3913/151/1
f 3912/136/1 598/76/1 3913/151/1
f 2357/48/1 1578/83/1 64/1917/1
f 2357/48/1 3911/1931/1 1578/83/1
f 3911/1931/1 599/2166/1 1578/83/1
f 3910/447/1 2361/139/1 601/142/1
f 3910/447/1 1579/136/1 2361/139/1
f 1579/136/1 74/449/1 2361/139/1
f 3908/1668/1 3910/447/1 601/142/1
f 3908/1668/1 3909/135/1 3910/447/1
f 3909/135/1 600/229/1 3910/447/1
f 1573/449/1 1580/1962/1 75/137/1
f 1573/449/1 3908/1668/1 1580/1962/1
f 3908/1668/1 601/142/1 1580/1962/1
f 3907/136/1 2358/42/1 598/76/1
f 3907/136/1 2363/151/1 2358/42/1
f 2363/151/1 63/153/1 2358/42/1
f 3905/70/1 3907/136/1 598/76/1
f 3905/70/1 3906/1927/1 3907/136/1
f 3906/1927/1 603/447/1 3907/136/1
f 2362/1930/1 1577/72/1 83/69/1
f 2362/1930/1 3905/70/1 1577/72/1
f 3905/70/1 598/76/1 1577/72/1
f 3904/135/1 2365/136/1 605/447/1
f 3904/135/1 1583/229/1 2365/136/1
f 1583/229/1 73/76/1 2365/136/1
f 3902/76/1 3904/135/1 605/447/1
f 3902/76/1 3903/67/1 3904/135/1
f 3903/67/1 604/57/1 3904/135/1
f 1579/136/1 1584/1668/1 74/449/1
f 1579/136/1 3902/76/1 1584/1668/1
f 3902/76/1 605/447/1 1584/1668/1
f 3901/68/1 2363/151/1 603/447/1
f 3901/68/1 2367/1924/1 2363/151/1
f 2367/1924/1 63/153/1 2363/151/1
f 3899/55/1 3901/68/1 603/447/1
f 3899/55/1 3900/136/1 3901/68/1
f 3900/136/1 607/42/1 3901/68/1
f 1585/1928/1 1582/74/1 84/73/1
f 1585/1928/1 3899/55/1 1582/74/1
f 3899/55/1 603/447/1 1582/74/1
f 3898/67/1 1583/229/1 604/57/1
f 3898/67/1 1588/135/1 1583/229/1
f 1588/135/1 73/76/1 1583/229/1
f 3896/59/1 3898/67/1 604/57/1
f 3896/59/1 3897/57/1 3898/67/1
f 3897/57/1 609/229/1 3898/67/1
f 2368/52/1 2364/47/1 71/66/1
f 2368/52/1 3896/59/1 2364/47/1
f 3896/59/1 604/57/1 2364/47/1
f 3895/1926/1 2371/468/1 611/2167/1
f 3895/1926/1 2370/1925/1 2371/468/1
f 2370/1925/1 62/2168/1 2371/468/1
f 3893/1923/1 3895/1926/1 611/2167/1
f 3893/1923/1 3894/44/1 3895/1926/1
f 3894/44/1 610/43/1 3895/1926/1
f 2367/1924/1 1590/2169/1 63/153/1
f 2367/1924/1 3893/1923/1 1590/2169/1
f 3893/1923/1 611/2167/1 1590/2169/1
f 3892/45/1 2370/1925/1 610/43/1
f 3892/45/1 2372/1922/1 2370/1925/1
f 2372/1922/1 62/2168/1 2370/1925/1
f 3890/56/1 3892/45/1 610/43/1
f 3890/56/1 3891/58/1 3892/45/1
f 3891/58/1 612/1921/1 3892/45/1
f 1588/135/1 1589/79/1 73/76/1
f 1588/135/1 3890/56/1 1589/79/1
f 3890/56/1 610/43/1 1589/79/1
f 3889/1920/1 2372/1922/1 612/1921/1
f 3889/1920/1 1593/1919/1 2372/1922/1
f 1593/1919/1 62/2168/1 2372/1922/1
f 3887/158/1 3889/1920/1 612/1921/1
f 3887/158/1 3888/1917/1 3889/1920/1
f 3888/1917/1 614/1918/1 3889/1920/1
f 1592/1916/1 1591/80/1 72/57/1
f 1592/1916/1 3887/158/1 1591/80/1
f 3887/158/1 612/1921/1 1591/80/1
f 3884/1978/1 4170/1980/1 3886/1981/1 1397/162/1
f 985/1394/1 2730/533/1 4170/1980/1 3884/1978/1
f 2730/533/1 283/229/1 2377/532/1 4170/1980/1
f 2727/1414/1 4171/234/1 3885/1979/1 982/1415/1
f 292/128/1 1955/805/1 4171/234/1 2727/1414/1
f 1955/805/1 985/1394/1 3884/1978/1 4171/234/1
f 1952/535/1 4172/1975/1 1937/1977/1 287/536/1
f 982/1415/1 3885/1979/1 4172/1975/1 1952/535/1
f 3885/1979/1 1397/162/1 3883/1976/1 4172/1975/1
f 3882/1945/1 981/1974/1 1928/994/1 279/805/1
f 2724/686/1 4173/1972/1 3881/1973/1 978/1407/1
f 291/532/1 1951/163/1 4173/1972/1 2724/686/1
f 1951/163/1 981/1394/1 3882/1945/1 4173/1972/1
f 978/1407/1 3881/1973/1 964/2233/1 1948/2234/1
f 3878/1971/1 3880/1462/1 1396/1447/1
f 2723/953/1 2379/926/1 3878/1971/1
f 4282/1447/1 3878/2235/1 3879/1956/1 976/224/1
f 1947/1437/1 3878/2235/1 4282/1447/1
f 1947/1437/1 2723/926/1 3878/2235/1
f 1945/164/1 4174/964/1 1934/1970/1 284/229/1
f 976/224/1 3879/1956/1 4174/964/1 1945/164/1
f 3879/1956/1 1396/1447/1 3877/1446/1 4174/964/1
f 3875/849/1 960/2236/1 1930/2237/1 1395/1968/1
f 975/201/1 2721/526/1 960/2236/1 3875/849/1
f 2721/526/1 289/525/1 2707/871/1 960/2236/1
f 2718/249/1 4175/174/1 3876/875/1 972/1465/1
f 290/521/1 1944/1449/1 4175/174/1 2718/249/1
f 1944/1449/1 975/201/1 3875/849/1 4175/174/1
f 1941/516/1 967/2238/1 1936/2239/1 286/517/1
f 972/1465/1 3876/875/1 967/2238/1 1941/516/1
f 3876/875/1 1395/1968/1 2713/1749/1 967/2238/1
f 3874/453/1 259/1672/1 924/450/1
f 2664/1691/1 924/453/1 257/139/1
f 2664/1691/1 3874/139/1 924/453/1
f 3871/447/1 4176/1967/1 3873/76/1 1394/447/1
f 627/447/1 2385/135/1 4176/1967/1 3871/447/1
f 2385/135/1 101/57/1 2386/67/1 4176/1967/1
f 1604/1962/1 4177/450/1 3872/449/1 625/142/1
f 103/137/1 1605/139/1 4177/450/1 1604/1962/1
f 1605/139/1 627/447/1 3871/447/1 4177/450/1
f 625/142/1 3872/449/1 4178/1667/1 2384/139/1
f 3872/449/1 1394/447/1 3870/447/1 4178/1667/1
f 3869/1962/1 1608/137/1 630/449/1
f 3869/1962/1 1607/78/1 1608/137/1
f 1607/78/1 104/140/1 1608/137/1
f 3867/1668/1 3869/1962/1 630/449/1
f 3867/1668/1 3868/142/1 3869/1962/1
f 3868/142/1 629/50/1 3869/1962/1
f 2385/135/1 2388/76/1 101/57/1
f 2385/135/1 3867/1668/1 2388/76/1
f 3867/1668/1 630/449/1 2388/76/1
f 3866/229/1 2390/52/1 632/47/1
f 3866/229/1 2389/67/1 2390/52/1
f 2389/67/1 100/66/1 2390/52/1
f 3864/135/1 3866/229/1 632/47/1
f 3864/135/1 3865/1668/1 3866/229/1
f 3865/1668/1 631/447/1 3866/229/1
f 2388/76/1 1610/59/1 101/57/1
f 2388/76/1 3864/135/1 1610/59/1
f 3864/135/1 632/47/1 1610/59/1
f 3863/59/1 2392/79/1 634/77/1
f 3863/59/1 2391/47/1 2392/79/1
f 2391/47/1 99/56/1 2392/79/1
f 3861/57/1 3863/59/1 634/77/1
f 3861/57/1 3862/136/1 3863/59/1
f 3862/136/1 633/76/1 3863/59/1
f 2389/67/1 1612/68/1 100/66/1
f 2389/67/1 3861/57/1 1612/68/1
f 3861/57/1 634/77/1 1612/68/1
f 3860/1964/1 2394/1916/1 635/80/1
f 3860/1964/1 2393/1965/1 2394/1916/1
f 2393/1965/1 98/46/1 2394/1916/1
f 3858/52/1 3860/1964/1 635/80/1
f 3858/52/1 3859/135/1 3860/1964/1
f 3859/135/1 3853/229/1 3860/1964/1
f 2391/47/1 1614/58/1 99/56/1
f 2391/47/1 3858/52/1 1614/58/1
f 3858/52/1 635/80/1 1614/58/1
f 3857/141/1 1616/137/1 637/76/1
f 3857/141/1 1615/61/1 1616/137/1
f 1615/61/5 1613/144/5 1616/137/5
f 3855/135/1 3857/141/1 637/76/1
f 3855/135/1 3856/142/1 3857/141/1
f 3856/142/1 636/1966/1 3857/141/1
f 2393/1965/1 2396/1964/1 98/46/1
f 2393/1965/1 3855/135/1 2396/1964/1
f 3855/135/1 637/76/1 2396/1964/1
f 3854/50/1 1618/78/1 639/447/1
f 3854/50/1 1617/148/1 1618/78/1
f 1617/148/1 105/72/1 1618/78/1
f 3852/136/1 3854/50/1 639/447/1
f 3852/136/1 3853/1935/1 3854/50/1
f 3853/1935/1 638/64/1 3854/50/1
f 2396/1964/1 2397/52/1 98/46/1
f 2396/1964/1 3852/136/1 2397/52/1
f 3852/136/1 639/447/1 2397/52/1
f 3851/68/1 2399/151/1 641/1931/1
f 3851/68/1 2398/77/1 2399/151/1
f 2398/77/1 97/42/1 2399/151/1
f 3849/66/1 3851/68/1 641/1931/1
f 3849/66/1 3850/136/1 3851/68/1
f 3850/136/1 640/76/1 3851/68/1
f 2397/52/1 1620/48/1 98/46/1
f 2397/52/1 3849/66/1 1620/48/1
f 3849/66/1 641/1931/1 1620/48/1
f 3848/54/1 1622/63/1 643/2240/1
f 3848/54/1 1621/1961/1 1622/63/1
f 1621/1961/1 108/73/1 1622/63/1
f 3846/148/1 3848/54/1 643/2240/1
f 3846/148/1 3847/147/1 3848/54/1
f 3847/147/1 642/1940/1 3848/54/1
f 1607/78/1 2401/2241/1 104/140/1
f 1607/78/1 3846/148/1 2401/2241/1
f 3846/148/1 643/2240/1 2401/2241/1
f 645/136/1 2398/77/1 640/76/1
f 1619/78/1 645/136/1 640/76/1
f 1619/78/1 1623/55/1 645/136/1
f 644/70/1 1619/50/1 105/72/1
f 645/1668/1 2403/66/1 2398/68/1
f 2403/66/1 97/42/1 2398/68/1
f 1623/1938/1 3845/61/1 645/1668/1
f 3845/61/1 3844/449/1 645/1668/1
f 2402/1937/1 3843/145/1 3845/146/1
f 3843/145/1 3844/449/1 3845/146/1
f 3842/68/1 2405/45/1 647/43/1
f 3842/68/1 2404/77/1 2405/45/1
f 2404/77/1 96/1921/1 2405/45/1
f 3840/66/1 3842/68/1 647/43/1
f 3840/66/1 3841/139/1 3842/68/1
f 3841/139/1 646/449/1 3842/68/1
f 2403/1963/1 1628/44/1 97/42/1
f 2403/1963/1 3840/66/1 1628/44/1
f 3840/66/1 647/43/1 1628/44/1
f 1627/148/1 3839/72/1 646/139/1
f 3839/72/1 648/142/1 646/139/1
f 2406/1928/1 1627/147/1 1625/60/1
f 3838/1962/1 2404/68/1 648/142/1
f 3838/1962/1 2408/66/1 2404/68/1
f 2408/66/1 96/1921/1 2404/68/1
f 3836/1927/1 3838/1962/1 648/142/1
f 3836/1927/1 3837/74/1 3838/1962/1
f 3837/74/1 650/137/1 3838/1962/1
f 2407/1933/1 3839/70/1 1629/63/1
f 2407/1933/1 3836/1927/1 3839/70/1
f 3836/1927/1 648/142/1 3839/70/1
f 3835/1928/1 2410/1930/1 652/1929/1
f 3835/1928/1 1632/1960/1 2410/1930/1
f 1632/1960/1 107/69/1 2410/1930/1
f 3833/1934/1 3835/1928/1 652/1929/1
f 3833/1934/1 3834/1941/1 3835/1928/1
f 3834/1941/1 651/49/1 3835/1928/1
f 1621/1961/1 1633/75/1 108/73/1
f 1621/1961/1 3833/1934/1 1633/75/1
f 3833/1934/1 652/1929/1 1633/75/1
f 3832/76/1 2408/66/1 650/137/1
f 3832/76/1 2411/1959/1 2408/66/1
f 2411/1959/1 96/1921/1 2408/66/1
f 3830/146/1 3832/76/1 650/137/1
f 3830/146/1 3831/137/1 3832/76/1
f 3831/137/1 653/66/1 3832/76/1
f 1632/1960/1 1631/49/1 107/69/1
f 1632/1960/1 3830/146/1 1631/49/1
f 3830/146/1 650/137/1 1631/49/1
f 3829/1931/1 2413/1982/1 655/1915/1
f 3829/1931/1 2412/151/1 2413/1982/1
f 2412/151/1 95/150/1 2413/1982/1
f 3827/48/1 3829/1931/1 655/1915/1
f 3827/48/1 3828/68/1 3829/1931/1
f 3828/68/1 654/77/1 3829/1931/1
f 2411/1959/1 1636/158/1 96/1921/1
f 2411/1959/1 3827/48/1 1636/158/1
f 3827/48/1 655/1915/1 1636/158/1
f 957/1958/1 3826/1615/1 3825/1611/1
f 957/1469/1 4626/1614/1 3826/2242/1
f 4626/1614/1 1906/2169/1 2414/2243/1 3826/2242/1
f 2703/513/1 4272/1622/1 4179/1957/1
f 4272/1622/1 957/1958/1 4179/1957/1
f 2703/1481/1 4179/2244/1 4180/2245/1 1926/2246/1
f 4179/2244/1 3825/2247/1 4180/2245/1
f 925/2248/1 1895/2249/1 4655/2250/1
f 4655/2251/1 2687/2252/1 938/2253/1
f 3461/507/1 925/2254/1 4655/1500/1
f 3824/252/1 2422/868/1 665/849/1
f 3824/252/1 2421/251/1 2422/868/1
f 2421/251/1 114/1968/1 2422/868/1
f 3822/253/1 3824/252/1 665/849/1
f 3822/253/1 3823/225/1 3824/252/1
f 3823/225/1 664/224/1 3824/252/1
f 2419/200/1 1646/2255/1 115/201/1
f 2419/200/1 3822/253/1 1646/2255/1
f 3822/253/1 665/849/1 1646/2255/1
f 3821/249/1 2424/2256/1 667/1749/1
f 3821/249/1 2423/243/1 2424/2256/1
f 2423/243/1 113/299/1 2424/2256/1
f 3819/250/1 3821/249/1 667/1749/1
f 3819/250/1 3820/629/1 3821/249/1
f 3820/629/1 666/1956/1 3821/249/1
f 2421/251/1 1648/2257/1 114/1968/1
f 2421/251/1 3819/250/1 1648/2257/1
f 3819/250/1 667/1749/1 1648/2257/1
f 3818/225/1 1650/221/1 669/251/1
f 3818/225/1 2425/531/1 1650/221/1
f 2425/531/1 2430/164/1 1650/221/1
f 3816/222/1 3818/225/1 669/251/1
f 3816/222/1 3817/1943/1 3818/225/1
f 3817/1943/1 668/163/1 3818/225/1
f 2423/243/1 2426/213/1 113/299/1
f 2423/243/1 3816/222/1 2426/213/1
f 3816/222/1 669/251/1 2426/213/1
f 3815/205/1 2427/2258/1 671/473/1
f 3815/205/1 2431/201/1 2427/2258/1
f 2431/201/1 112/405/1 2427/2258/1
f 3813/209/1 3815/205/1 671/473/1
f 3813/209/1 3814/250/1 3815/205/1
f 3814/250/1 670/249/1 3815/205/1
f 2426/213/1 1651/2236/1 113/299/1
f 2426/213/1 3813/209/1 1651/2236/1
f 3813/209/1 671/473/1 1651/2236/1
f 3812/198/1 2429/232/1 673/1274/1
f 3812/198/1 1652/217/1 2429/232/1
f 1652/217/1 130/1294/1 2429/232/1
f 3810/163/1 3812/198/1 673/1274/1
f 3810/163/1 3811/1955/1 3812/198/1
f 3811/1955/1 672/164/1 3812/198/1
f 1641/161/1 1653/234/1 131/162/1
f 1641/161/1 3810/163/1 1653/234/1
f 3810/163/1 673/1274/1 1653/234/1
f 3809/1462/1 3808/251/1 670/250/1
f 3808/252/1 2432/209/1 2431/205/1
f 2432/209/1 112/405/1 2431/205/1
f 3807/1447/1 1654/876/1 3808/252/1
f 674/1943/1 3807/1953/1 124/229/1
f 676/200/1 2432/209/1 3808/253/1
f 1654/629/1 676/200/1 3808/253/1
f 1654/629/1 1655/224/1 676/200/1
f 675/2259/1 1654/1956/1 125/531/1
f 3806/205/1 2434/2152/1 677/2260/1
f 3806/205/1 2433/201/1 2434/2152/1
f 2433/201/1 111/871/1 2434/2152/1
f 3804/209/1 3806/205/1 677/2260/1
f 3804/209/1 3805/200/1 3806/205/1
f 3805/200/1 3803/253/1 3806/205/1
f 2432/213/1 1657/2261/1 112/405/1
f 2432/213/1 3804/209/1 1657/2261/1
f 3804/209/1 677/2260/1 1657/2261/1
f 1656/225/1 3802/199/1 3803/200/1
f 3801/1464/1 2433/205/1 3803/1954/1
f 3801/1464/1 2435/209/1 2433/205/1
f 2435/209/1 111/871/1 2433/205/1
f 3800/164/1 3801/1464/1 3803/1954/1
f 127/161/1 3800/164/1 3802/226/1
f 3800/164/1 3803/1954/1 3802/226/1
f 3799/2255/1 110/1494/1 680/2262/1
f 2435/205/1 3799/201/1 680/1504/1
f 2435/205/1 3798/1464/1 3799/201/1
f 2435/205/1 680/1504/1 111/2263/1
f 3797/1464/1 3799/2255/1 3798/1954/1
f 3797/1464/1 2436/201/1 3799/2255/1
f 2436/201/1 110/1494/1 3799/2255/1
f 3796/160/1 3797/1464/1 3798/1954/1
f 128/1948/1 3796/160/1 1658/1955/1
f 3796/160/1 3798/1954/1 1658/1955/1
f 3795/227/1 1661/231/1 683/236/1
f 3795/227/1 1660/230/1 1661/231/1
f 1660/230/1 133/93/1 1661/231/1
f 3793/161/1 3795/227/1 683/236/1
f 3793/161/1 3794/540/1 3795/227/1
f 3794/540/1 682/1900/1 3795/227/1
f 1652/217/1 2438/234/1 130/1294/1
f 1652/217/1 3793/161/1 2438/234/1
f 3793/161/1 683/236/1 2438/234/1
f 3792/232/1 2440/24/1 685/864/1
f 3792/232/1 2439/1294/1 2440/24/1
f 2439/1294/1 129/219/1 2440/24/1
f 3790/1274/1 3792/232/1 685/864/1
f 3790/1274/1 3791/1951/1 3792/232/1
f 3791/1951/1 684/162/1 3792/232/1
f 2438/234/1 1663/2264/1 130/1294/1
f 2438/234/1 3790/1274/1 1663/2264/1
f 3790/1274/1 685/864/1 1663/2264/1
f 3789/220/1 2436/201/1 3797/165/1
f 3789/220/1 2441/166/1 2436/201/1
f 2441/166/1 110/1494/1 2436/201/1
f 3787/531/1 3789/220/1 3797/165/1
f 3787/531/1 3788/223/1 3789/220/1
f 3788/223/1 686/1447/1 3789/220/1
f 2439/1294/1 1659/229/1 129/219/1
f 2439/1294/1 3787/531/1 1659/229/1
f 3787/531/1 3797/165/1 1659/229/1
f 3786/209/1 2443/2265/1 688/2266/1
f 3786/209/1 2442/205/1 2443/2265/1
f 2442/205/1 109/81/1 2443/2265/1
f 3784/213/1 3786/209/1 688/2266/1
f 3784/213/1 3785/1953/1 3786/209/1
f 3785/1953/1 687/1462/1 3786/209/1
f 2441/166/1 1666/2250/1 110/1494/1
f 2441/166/1 3784/213/1 1666/2250/1
f 3784/213/1 688/2266/1 1666/2250/1
f 3783/876/1 1667/1954/1 690/166/1
f 3783/876/1 2444/824/1 1667/1954/1
f 2444/824/1 123/224/1 1667/1954/1
f 3781/252/1 3783/876/1 690/166/1
f 3781/252/1 3782/229/1 3783/876/1
f 3782/229/1 689/1952/1 3783/876/1
f 2442/205/1 2445/473/1 109/81/1
f 2442/205/1 3781/252/1 2445/473/1
f 3781/252/1 690/166/1 2445/473/1
f 2452/234/1 1668/162/1 2444/227/1
f 2452/234/5 3780/1097/5 1668/162/5
f 2444/824/1 2447/531/1 123/224/1
f 2444/824/1 1668/228/1 2447/531/1
f 3779/1900/1 2449/876/1 693/1956/1
f 3779/1900/1 2448/1943/1 2449/876/1
f 2448/1943/1 122/1447/1 2449/876/1
f 3777/824/1 3779/1900/1 693/1956/1
f 3777/824/1 3778/228/1 3779/1900/1
f 3778/228/1 692/1952/1 3779/1900/1
f 2447/531/1 1669/629/1 123/224/1
f 2447/531/1 3777/824/1 1669/629/1
f 3777/824/1 693/1956/1 1669/629/1
f 3776/1948/1 2451/231/1 695/1947/1
f 3776/1948/1 1670/227/1 2451/231/1
f 1670/227/1 132/70/1 2451/231/1
f 3774/1945/1 3776/1948/1 695/1947/1
f 3774/1945/1 3775/1943/1 3776/1948/1
f 3775/1943/1 694/229/1 3776/1948/1
f 1660/230/1 1671/240/1 133/93/1
f 1660/230/1 3774/1945/1 1671/240/1
f 3774/1945/1 695/1947/1 1671/240/1
f 696/228/1 2448/1943/1 692/1952/1
f 696/228/1 2454/1900/1 2448/1943/1
f 2454/1900/1 122/1447/1 2448/1943/1
f 3773/162/1 696/228/1 692/1952/1
f 3773/162/1 1673/1951/1 696/228/1
f 1673/1949/1 1675/70/1 696/1948/1
f 1675/70/1 697/1945/1 696/1948/1
f 3772/1943/1 2456/221/1 699/1462/1
f 3772/1943/1 2455/229/1 2456/221/1
f 2455/229/1 121/220/1 2456/221/1
f 3770/1900/1 3772/1943/1 699/1462/1
f 3770/1900/1 3771/1948/1 3772/1943/1
f 3771/1948/1 698/227/1 3772/1943/1
f 2454/824/1 1676/1953/1 122/1447/1
f 2454/824/1 3770/1900/1 1676/1953/1
f 3770/1900/1 699/1462/1 1676/1953/1
f 700/1948/1 2455/229/1 698/227/1
f 3769/231/1 700/1948/1 698/227/1
f 3769/231/1 1678/1947/1 700/1948/1
f 700/230/1 2459/1900/1 2455/1943/1
f 2459/1900/1 121/220/1 2455/1943/1
f 1678/93/1 3768/233/1 700/230/1
f 3768/233/1 701/219/1 700/230/1
f 3767/229/1 2461/2267/1 703/222/1
f 3767/229/1 2460/540/1 2461/2267/1
f 2460/540/1 120/165/1 2461/2267/1
f 3765/1943/1 3767/229/1 703/222/1
f 3765/1943/1 3766/230/1 3767/229/1
f 3766/230/1 702/1945/1 3767/229/1
f 2459/1900/1 1681/159/1 121/220/1
f 2459/1900/1 3765/1943/1 1681/159/1
f 3765/1943/1 703/222/1 1681/159/1
f 1680/242/1 3764/1097/1 702/230/1
f 3764/1097/1 704/219/1 702/230/1
f 2462/2268/1 1680/233/1 1679/20/1
f 704/24/1 2464/1943/1 2460/229/1
f 2464/1943/1 120/165/1 2460/229/1
f 3763/1052/1 705/864/1 704/24/1
f 2463/2269/1 3764/130/1 1682/1068/1
f 2463/2269/1 3763/579/1 3764/130/1
f 3763/579/1 704/219/1 3764/130/1
f 3762/70/1 1686/20/1 707/2/1
f 3762/70/1 1685/130/1 1686/20/1
f 1685/130/1 1683/73/1 1686/20/1
f 3760/1294/1 3762/70/1 707/2/1
f 3760/1294/1 3761/223/1 3762/70/1
f 3761/223/1 706/227/1 3762/70/1
f 1670/227/1 2466/130/1 132/70/1
f 1670/227/1 3760/1294/1 2466/130/1
f 3760/1294/1 707/2/1 2466/130/1
f 3759/160/1 2464/1943/1 705/864/1
f 3759/160/1 1687/200/1 2464/1943/1
f 1687/200/1 120/165/1 2464/1943/1
f 3757/230/1 3759/160/1 705/864/1
f 3757/230/1 3758/226/1 3759/160/1
f 3758/226/1 708/251/1 3759/160/1
f 1685/130/1 1684/237/1 1683/73/1
f 1685/130/1 3757/230/1 1684/237/1
f 3757/230/1 705/864/1 1684/237/1
f 3756/252/1 2468/200/1 710/1954/1
f 3756/252/1 1688/251/1 2468/200/1
f 1688/251/1 119/253/1 2468/200/1
f 3754/253/1 3756/252/1 710/1954/1
f 3754/253/1 3755/250/1 3756/252/1
f 3755/250/1 709/249/1 3756/252/1
f 1687/200/1 1689/1464/1 120/165/1
f 1687/200/1 3754/253/1 1689/1464/1
f 3754/253/1 710/1954/1 1689/1464/1
f 3753/158/1 2473/1982/1 715/1915/1
f 3753/158/1 2472/1915/1 2473/1982/1
f 2472/1915/1 139/150/1 2473/1982/1
f 3751/1921/1 3753/158/1 715/1915/1
f 3751/1921/1 3752/45/1 3753/158/1
f 3752/45/1 714/1921/1 3753/158/1
f 2471/45/1 1694/158/1 140/1921/1
f 2471/45/1 3751/1921/1 1694/158/1
f 3751/1921/1 715/1915/1 1694/158/1
f 3750/45/1 2472/1915/1 714/1921/1
f 3750/45/1 2475/158/1 2472/1915/1
f 2475/158/1 139/150/1 2472/1915/1
f 3748/44/1 3750/45/1 714/1921/1
f 3748/44/1 3749/42/1 3750/45/1
f 3749/42/1 717/43/1 3750/45/1
f 2474/151/1 1693/43/1 141/42/1
f 2474/151/1 3748/44/1 1693/43/1
f 3748/44/1 714/1921/1 1693/43/1
f 3747/136/1 1698/78/1 719/229/1
f 3747/136/1 1697/1938/1 1698/78/1
f 1697/1938/1 152/49/1 1698/78/1
f 3745/56/1 3747/136/1 719/229/1
f 3745/56/1 3746/68/1 3747/136/1
f 3746/68/1 718/449/1 3747/136/1
f 2475/158/1 2477/1916/1 139/150/1
f 2475/158/1 3745/56/1 2477/1916/1
f 3745/56/1 719/229/1 2477/1916/1
f 3744/1939/1 2479/2163/1 721/1924/1
f 3744/1939/1 2478/1942/1 2479/2163/1
f 2478/1942/1 138/149/1 2479/2163/1
f 3742/46/1 3744/1939/1 721/1924/1
f 3742/46/1 3743/67/1 3744/1939/1
f 3743/67/1 720/57/1 3744/1939/1
f 2477/1916/1 1700/2164/1 139/150/1
f 2477/1916/1 3742/46/1 1700/2164/1
f 3742/46/1 721/1924/1 1700/2164/1
f 3741/55/1 2481/70/1 723/1927/1
f 3741/55/1 1701/78/1 2481/70/1
f 1701/78/1 151/72/1 2481/70/1
f 3739/51/1 3741/55/1 723/1927/1
f 3739/51/1 3740/1668/1 3741/55/1
f 3740/1668/1 722/447/1 3741/55/1
f 1697/1938/1 1702/74/1 152/49/1
f 1697/1938/1 3739/51/1 1702/74/1
f 3739/51/1 723/1927/1 1702/74/1
f 3738/67/1 2478/1942/1 720/57/1
f 3738/67/1 2483/1939/1 2478/1942/1
f 2483/1939/1 138/149/1 2478/1942/1
f 3736/78/1 3738/67/1 720/57/1
f 3736/78/1 3737/55/1 3738/67/1
f 3737/55/1 725/229/1 3738/67/1
f 2482/1941/1 1699/50/1 152/49/1
f 2482/1941/1 3736/78/1 1699/50/1
f 3736/78/1 720/57/1 1699/50/1
f 3735/1668/1 1701/78/1 722/447/1
f 3735/1668/1 1706/55/1 1701/78/1
f 1706/55/1 151/72/1 1701/78/1
f 3733/47/1 3735/1668/1 722/447/1
f 3733/47/1 3734/59/1 3735/1668/1
f 3734/59/1 727/449/1 3735/1668/1
f 2484/1916/1 2480/52/1 142/46/1
f 2484/1916/1 3733/47/1 2480/52/1
f 3733/47/1 722/447/1 2480/52/1
f 3732/151/1 2487/1920/1 729/1922/1
f 3732/151/1 2486/42/1 2487/1920/1
f 2486/42/1 137/1917/1 2487/1920/1
f 3730/1931/1 3732/151/1 729/1922/1
f 3730/1931/1 3731/67/1 3732/151/1
f 3731/67/1 728/57/1 3732/151/1
f 2483/1939/1 1708/1925/1 138/149/1
f 2483/1939/1 3730/1931/1 1708/1925/1
f 3730/1931/1 729/1922/1 1708/1925/1
f 3729/50/1 2489/145/1 731/64/1
f 3729/50/1 1709/1935/1 2489/145/1
f 1709/1935/1 150/144/1 2489/145/1
f 3727/78/1 3729/50/1 731/64/1
f 3727/78/1 3728/1668/1 3729/50/1
f 3728/1668/1 730/447/1 3729/50/1
f 1706/55/1 1710/148/1 151/72/1
f 1706/55/1 3727/78/1 1710/148/1
f 3727/78/1 731/64/1 1710/148/1
f 3726/67/1 2486/42/1 728/57/1
f 3726/67/1 2491/151/1 2486/42/1
f 2491/151/1 137/1917/1 2486/42/1
f 3724/51/1 3726/67/1 728/57/1
f 3724/51/1 3725/1938/1 3726/67/1
f 3725/1938/1 733/229/1 3726/67/1
f 2490/1937/1 1707/55/1 153/53/1
f 2490/1937/1 3724/51/1 1707/55/1
f 3724/51/1 728/57/1 1707/55/1
f 3723/141/1 2493/51/1 735/1966/1
f 3723/141/1 1713/142/1 2493/51/1
f 1713/142/1 149/140/1 2493/51/1
f 3721/137/1 3723/141/1 735/1966/1
f 3721/137/1 3722/136/1 3723/141/1
f 3722/136/1 734/76/1 3723/141/1
f 1709/1935/1 1714/61/1 150/144/1
f 1709/1935/1 3721/137/1 1714/61/1
f 3721/137/1 735/1966/1 1714/61/1
f 3720/135/1 2491/151/1 733/229/1
f 3720/135/1 2495/1931/1 2491/151/1
f 2495/1931/1 137/1917/1 2491/151/1
f 3718/144/1 3720/135/1 733/229/1
f 3718/144/1 3719/145/1 3720/135/1
f 3719/145/1 737/76/1 3720/135/1
f 2494/1928/1 1712/61/1 154/60/1
f 2494/1928/1 3718/144/1 1712/61/1
f 3718/144/1 733/229/1 1712/61/1
f 3717/136/1 1713/142/1 734/76/1
f 3717/136/1 1718/141/1 1713/142/1
f 1718/141/1 149/140/1 1713/142/1
f 3715/59/1 3717/136/1 734/76/1
f 3715/59/1 3716/57/1 3717/136/1
f 3716/57/1 739/447/1 3717/136/1
f 2496/79/1 2492/47/1 143/56/1
f 2496/79/1 3715/59/1 2492/47/1
f 3715/59/1 734/76/1 2492/47/1
f 3714/139/1 2499/138/1 741/50/1
f 3714/139/1 1719/449/1 2499/138/1
f 1719/449/1 148/137/1 2499/138/1
f 3712/142/1 3714/139/1 741/50/1
f 3712/142/1 3713/136/1 3714/139/1
f 3713/136/1 740/76/1 3714/139/1
f 1718/141/1 1720/78/1 149/140/1
f 1718/141/1 3712/142/1 1720/78/1
f 3712/142/1 741/50/1 1720/78/1
f 3711/136/1 2495/1931/1 737/76/1
f 3711/136/1 2501/48/1 2495/1931/1
f 2501/48/1 137/1917/1 2495/1931/1
f 3709/148/1 3711/136/1 737/76/1
f 3709/148/1 3710/72/1 3711/136/1
f 3710/72/1 743/447/1 3711/136/1
f 2500/1933/1 1716/64/1 155/63/1
f 2500/1933/1 3709/148/1 1716/64/1
f 3709/148/1 737/76/1 1716/64/1
f 3708/151/1 2503/2165/1 745/2166/1
f 3708/151/1 2502/42/1 2503/2165/1
f 2502/42/1 136/153/1 2503/2165/1
f 3706/1931/1 3708/151/1 745/2166/1
f 3706/1931/1 3707/136/1 3708/151/1
f 3707/136/1 744/76/1 3708/151/1
f 2501/48/1 1724/83/1 137/1917/1
f 2501/48/1 3706/1931/1 1724/83/1
f 3706/1931/1 745/2166/1 1724/83/1
f 3705/136/1 2502/42/1 744/76/1
f 3705/136/1 2505/151/1 2502/42/1
f 2505/151/1 136/153/1 2502/42/1
f 3703/70/1 3705/136/1 744/76/1
f 3703/70/1 3704/1927/1 3705/136/1
f 3704/1927/1 747/447/1 3705/136/1
f 2504/1930/1 1723/72/1 156/69/1
f 2504/1930/1 3703/70/1 1723/72/1
f 3703/70/1 744/76/1 1723/72/1
f 3702/447/1 2507/139/1 749/142/1
f 3702/447/1 1727/136/1 2507/139/1
f 1727/136/1 147/449/1 2507/139/1
f 3700/1668/1 3702/447/1 749/142/1
f 3700/1668/1 3701/135/1 3702/447/1
f 3701/135/1 748/229/1 3702/447/1
f 1719/449/1 1728/1962/1 148/137/1
f 1719/449/1 3700/1668/1 1728/1962/1
f 3700/1668/1 749/142/1 1728/1962/1
f 3699/68/1 2505/151/1 747/447/1
f 3699/68/1 2509/1924/1 2505/151/1
f 2509/1924/1 136/153/1 2505/151/1
f 3697/55/1 3699/68/1 747/447/1
f 3697/55/1 3698/136/1 3699/68/1
f 3698/136/1 751/42/1 3699/68/1
f 1729/1928/1 1726/74/1 157/73/1
f 1729/1928/1 3697/55/1 1726/74/1
f 3697/55/1 747/447/1 1726/74/1
f 3696/135/1 2511/136/1 753/447/1
f 3696/135/1 1731/229/1 2511/136/1
f 1731/229/1 146/76/1 2511/136/1
f 3694/76/1 3696/135/1 753/447/1
f 3694/76/1 3695/67/1 3696/135/1
f 3695/67/1 752/57/1 3696/135/1
f 1727/136/1 1732/1668/1 147/449/1
f 1727/136/1 3694/76/1 1732/1668/1
f 3694/76/1 753/447/1 1732/1668/1
f 3693/67/1 1731/229/1 752/57/1
f 3693/67/1 1734/135/1 1731/229/1
f 1734/135/1 146/76/1 1731/229/1
f 3691/59/1 3693/67/1 752/57/1
f 3691/59/1 3692/57/1 3693/67/1
f 3692/57/1 755/229/1 3693/67/1
f 2512/52/1 2510/47/1 144/66/1
f 2512/52/1 3691/59/1 2510/47/1
f 3691/59/1 752/57/1 2510/47/1
f 3690/1926/1 2515/468/1 757/2167/1
f 3690/1926/1 2514/1925/1 2515/468/1
f 2514/1925/1 135/2168/1 2515/468/1
f 3688/1923/1 3690/1926/1 757/2167/1
f 3688/1923/1 3689/44/1 3690/1926/1
f 3689/44/1 756/43/1 3690/1926/1
f 2509/1924/1 1736/2169/1 136/153/1
f 2509/1924/1 3688/1923/1 1736/2169/1
f 3688/1923/1 757/2167/1 1736/2169/1
f 3687/45/1 2514/1925/1 756/43/1
f 3687/45/1 2516/1922/1 2514/1925/1
f 2516/1922/1 135/2168/1 2514/1925/1
f 3685/56/1 3687/45/1 756/43/1
f 3685/56/1 3686/58/1 3687/45/1
f 3686/58/1 758/1921/1 3687/45/1
f 1734/135/1 1735/79/1 146/76/1
f 1734/135/1 3685/56/1 1735/79/1
f 3685/56/1 756/43/1 1735/79/1
f 3684/1920/1 2516/1922/1 758/1921/1
f 3684/1920/1 1739/1919/1 2516/1922/1
f 1739/1919/1 135/2168/1 2516/1922/1
f 3682/158/1 3684/1920/1 758/1921/1
f 3682/158/1 3683/1917/1 3684/1920/1
f 3683/1917/1 760/1918/1 3684/1920/1
f 1738/1916/1 1737/80/1 145/57/1
f 1738/1916/1 3682/158/1 1737/80/1
f 3682/158/1 758/1921/1 1737/80/1
f 3681/1791/1 232/371/1 895/1706/1
f 1832/1294/1 895/387/1 213/70/1
f 1832/1294/1 3681/430/1 895/387/1
f 3678/1911/1 4181/1914/1 3680/1776/1 1393/1912/1
f 770/360/1 1750/229/1 4181/1914/1 3678/1911/1
f 1750/229/1 164/369/1 1751/1778/1 4181/1914/1
f 1743/271/1 4182/165/1 3679/1913/1 764/257/1
f 162/254/1 2528/358/1 4182/165/1 1743/271/1
f 2528/358/1 770/360/1 3678/1911/1 4182/165/1
f 2522/292/1 3677/2270/1 2612/303/1 159/293/1
f 764/257/1 3679/1913/1 3677/2270/1 2522/292/1
f 3679/1913/1 1393/1912/1 3677/2270/1
f 3675/1906/1 848/2271/1 1828/2272/1 1392/1907/1
f 889/1719/1 2641/414/1 848/2271/1 3675/1906/1
f 2641/414/1 228/413/1 2605/2273/1 848/2271/1
f 2638/1748/1 4183/1905/1 3676/1908/1 886/298/1
f 235/306/1 1865/1720/1 4183/1905/1 2638/1748/1
f 1865/1720/1 889/1719/1 3675/1906/1 4183/1905/1
f 1862/405/1 859/2274/1 1838/871/1 219/406/1
f 886/298/1 3676/1908/1 859/2274/1 1862/405/1
f 3676/1908/1 1392/1907/1 2614/2275/1 859/2274/1
f 3672/1900/1 4184/1902/1 3674/1904/1 1391/415/1
f 885/1752/1 2637/403/1 4184/1902/1 3672/1900/1
f 2637/403/1 220/402/1 2532/1903/1 4184/1902/1
f 2634/1775/1 4185/1899/1 3673/1901/1 882/1776/1
f 234/398/1 1861/1753/1 4185/1899/1 2634/1775/1
f 1861/1753/1 885/1752/1 3672/1900/1 4185/1899/1
f 1858/395/1 4186/1897/1 2533/1894/1 221/255/1
f 882/1776/1 3673/1901/1 4186/1897/1 1858/395/1
f 3673/1901/1 1391/415/1 3671/1898/1 4186/1897/1
f 3670/1896/1 1856/227/1 880/365/1
f 3670/1896/1 1841/382/1 1856/227/1
f 1841/382/1 222/370/1 1856/227/1
f 3668/229/1 3670/1896/1 880/365/1
f 3668/229/1 3669/1895/1 3670/1896/1
f 3669/1895/1 861/430/1 3670/1896/1
f 2533/1894/1 2632/392/1 221/255/1
f 2533/1894/1 3668/229/1 2632/392/1
f 3668/229/1 880/365/1 2632/392/1
f 3665/1820/1 4187/199/1 3667/1892/1 1390/1888/1
f 777/359/1 1757/1785/1 4187/199/1 3665/1820/1
f 1757/1785/1 163/360/1 2602/1890/1 4187/199/1
f 2598/359/1 4188/1887/1 3666/1889/1 841/360/1
f 200/358/1 2535/1810/1 4188/1887/1 2598/359/1
f 2535/1810/1 777/359/1 3665/1820/1 4188/1887/1
f 1820/361/1 4189/1884/1 1816/1886/1 201/229/1
f 841/360/1 3666/1889/1 4189/1884/1 1820/361/1
f 3666/1889/1 1390/1888/1 3664/1885/1 4189/1884/1
f 3661/418/1 4190/1882/1 3663/1883/1 1389/1294/1
f 878/370/1 222/370/1 4190/1882/1 3661/418/1
f 222/370/1 1841/382/1 4190/1882/1
f 2628/1797/1 4191/1880/1 3662/1881/1 876/1798/1
f 2630/2276/1 878/370/1 4191/1880/1 2628/1797/1
f 878/370/1 3661/418/1 4191/1880/1
f 1852/389/1 4192/864/1 1846/1879/1 230/314/1
f 876/1798/1 3662/1881/1 4192/864/1 1852/389/1
f 3662/1881/1 1389/1294/1 3660/1878/1 4192/864/1
f 3659/322/1 2540/333/1 783/331/1
f 3659/322/1 2539/331/1 2540/333/1
f 2539/331/1 187/354/1 2540/333/1
f 3657/343/1 3659/322/1 783/331/1
f 3657/343/1 3658/320/1 3659/322/1
f 3658/320/1 782/343/1 3659/322/1
f 2538/1848/1 1762/322/1 188/129/1
f 2538/1848/1 3657/343/1 1762/322/1
f 3657/343/1 783/331/1 1762/322/1
f 3656/354/1 2542/2277/1 785/2278/1
f 3656/354/1 2541/70/1 2542/2277/1
f 2541/70/1 186/2279/1 2542/2277/1
f 3654/333/1 3656/354/1 785/2278/1
f 3654/333/1 3655/322/1 3656/354/1
f 3655/322/1 784/331/1 3656/354/1
f 2539/331/1 1764/70/1 187/354/1
f 2539/331/1 3654/333/1 1764/70/1
f 3654/333/1 785/2278/1 1764/70/1
f 3653/1877/1 2545/326/1 788/1874/1
f 3653/1877/1 2544/1863/1 2545/326/1
f 2544/1863/1 181/324/1 2545/326/1
f 3651/333/1 3653/1877/1 788/1874/1
f 3651/333/1 3652/331/1 3653/1877/1
f 3652/331/1 787/755/1 3653/1877/1
f 2543/536/1 1767/354/1 189/317/1
f 2543/536/1 3651/333/1 1767/354/1
f 3651/333/1 788/1874/1 1767/354/1
f 3650/755/1 2541/70/1 784/331/1
f 3650/755/1 1768/1860/1 2541/70/1
f 1768/1860/1 186/2279/1 2541/70/1
f 3648/1875/1 3650/755/1 784/331/1
f 3648/1875/1 3649/337/1 3650/755/1
f 3649/337/1 789/332/1 3650/755/1
f 1767/354/1 1763/320/1 189/317/1
f 1767/354/1 3648/1875/1 1763/320/1
f 3648/1875/1 784/331/1 1763/320/1
f 3647/1873/1 2548/330/1 791/336/1
f 3647/1873/1 1769/1867/1 2548/330/1
f 1769/1867/1 182/328/1 2548/330/1
f 3645/338/1 3647/1873/1 791/336/1
f 3645/338/1 3646/1866/1 3647/1873/1
f 3646/1866/1 790/1872/1 3647/1873/1
f 1768/1860/1 1770/1856/1 186/2279/1
f 1768/1860/1 3645/338/1 1770/1856/1
f 3645/338/1 791/336/1 1770/1856/1
f 3644/1861/1 2550/2280/1 793/988/1
f 3644/1861/1 1771/337/1 2550/2280/1
f 1771/337/1 185/1856/1 2550/2280/1
f 3642/1860/1 3644/1861/1 793/988/1
f 3642/1860/1 3643/338/1 3644/1861/1
f 3643/338/1 792/332/1 3644/1861/1
f 1770/1856/1 1772/2281/1 186/2279/1
f 1770/1856/1 3642/1860/1 1772/2281/1
f 3642/1860/1 793/988/1 1772/2281/1
f 3641/329/1 2552/1855/1 795/229/1
f 3641/329/1 2551/1866/1 2552/1855/1
f 2551/1866/1 180/1844/1 2552/1855/1
f 3639/330/1 3641/329/1 795/229/1
f 3639/330/1 3640/1871/1 3641/329/1
f 3640/1871/1 794/1856/1 3641/329/1
f 2544/1863/1 1774/1830/1 181/324/1
f 2544/1863/1 3639/330/1 1774/1830/1
f 3639/330/1 795/229/1 1774/1830/1
f 3638/338/1 1771/337/1 792/332/1
f 3638/338/1 1776/1843/1 1771/337/1
f 1776/1843/1 185/1856/1 1771/337/1
f 3636/330/1 3638/338/1 792/332/1
f 3636/330/1 3637/1863/1 3638/338/1
f 3637/1863/1 797/336/1 3638/338/1
f 2553/1870/1 2549/329/1 182/328/1
f 2553/1870/1 3636/330/1 2549/329/1
f 3636/330/1 792/332/1 2549/329/1
f 3635/1868/1 2556/1969/1 799/1838/1
f 3635/1868/1 2555/1867/1 2556/1969/1
f 2555/1867/1 179/2282/1 2556/1969/1
f 3633/325/1 3635/1868/1 799/1838/1
f 3633/325/1 3634/1857/1 3635/1868/1
f 3634/1857/1 798/1843/1 3635/1868/1
f 2551/1866/1 1778/2283/1 180/1844/1
f 2551/1866/1 3633/325/1 1778/2283/1
f 3633/325/1 799/1838/1 1778/2283/1
f 3632/1857/1 2555/1867/1 798/1843/1
f 3632/1857/1 2558/328/1 2555/1867/1
f 2558/328/1 179/2282/1 2555/1867/1
f 3630/331/1 3632/1857/1 798/1843/1
f 3630/331/1 3631/322/1 3632/1857/1
f 3631/322/1 801/1856/1 3632/1857/1
f 2557/1865/1 1777/333/1 190/321/1
f 2557/1865/1 3630/331/1 1777/333/1
f 3630/331/1 798/1843/1 1777/333/1
f 3629/337/1 1776/1843/1 797/336/1
f 3629/337/1 1782/1857/1 1776/1843/1
f 1782/1857/1 185/1856/1 1776/1843/1
f 3627/338/1 3629/337/1 797/336/1
f 3627/338/1 3628/336/1 3629/337/1
f 3628/336/1 803/1843/1 3629/337/1
f 2559/1863/1 2554/332/1 183/330/1
f 2559/1863/1 3627/338/1 2554/332/1
f 3627/338/1 797/336/1 2554/332/1
f 3626/1834/1 2562/2284/1 805/2285/1
f 3626/1834/1 2561/1862/1 2562/2284/1
f 2561/1862/1 178/37/1 2562/2284/1
f 3624/647/1 3626/1834/1 805/2285/1
f 3624/647/1 3625/1860/1 3626/1834/1
f 3625/1860/1 804/1861/1 3626/1834/1
f 2558/328/1 1784/2286/1 179/2282/1
f 2558/328/1 3624/647/1 1784/2286/1
f 3624/647/1 805/2285/1 1784/2286/1
f 3623/1860/1 2561/1862/1 804/1861/1
f 3623/1860/1 2564/1834/1 2561/1862/1
f 2564/1834/1 178/37/1 2561/1862/1
f 3621/129/1 3623/1860/1 804/1861/1
f 3621/129/1 3622/1848/1 3623/1860/1
f 3622/1848/1 807/1856/1 3623/1860/1
f 2563/1859/1 1783/339/1 191/334/1
f 2563/1859/1 3621/129/1 1783/339/1
f 3621/129/1 804/1861/1 1783/339/1
f 3620/324/1 2566/2287/1 809/2288/1
f 3620/324/1 2565/1830/1 2566/2287/1
f 2565/1830/1 177/1839/1 2566/2287/1
f 3618/327/1 3620/324/1 809/2288/1
f 3618/327/1 3619/1857/1 3620/324/1
f 3619/1857/1 808/1843/1 3620/324/1
f 2564/1834/1 1788/2289/1 178/37/1
f 2564/1834/1 3618/327/1 1788/2289/1
f 3618/327/1 809/2288/1 1788/2289/1
f 3617/1855/1 2568/2290/1 811/2291/1
f 3617/1855/1 2567/1844/1 2568/2290/1
f 2567/1844/1 176/2292/1 2568/2290/1
f 3615/229/1 3617/1855/1 811/2291/1
f 3615/229/1 3616/337/1 3617/1855/1
f 3616/337/1 810/336/1 3617/1855/1
f 2565/1830/1 1790/953/1 177/1839/1
f 2565/1830/1 3615/229/1 1790/953/1
f 3615/229/1 811/2291/1 1790/953/1
f 3614/517/1 2571/1842/1 814/1853/1
f 3614/517/1 2570/1853/1 2571/1842/1
f 2570/1853/1 171/1852/1 2571/1842/1
f 3612/1851/1 3614/517/1 814/1853/1
f 3612/1851/1 3613/346/1 3614/517/1
f 3613/346/1 813/1851/1 3614/517/1
f 2569/346/1 1793/517/1 172/1851/1
f 2569/346/1 3612/1851/1 1793/517/1
f 3612/1851/1 814/1853/1 1793/517/1
f 3611/1852/1 2573/2293/1 816/2294/1
f 3611/1852/1 2572/1854/1 2573/2293/1
f 2572/1854/1 170/2295/1 2573/2293/1
f 3609/1842/1 3611/1852/1 816/2294/1
f 3609/1842/1 3610/517/1 3611/1852/1
f 3610/517/1 815/1853/1 3611/1852/1
f 2570/1853/1 1795/1854/1 171/1852/1
f 2570/1853/1 3609/1842/1 1795/1854/1
f 3609/1842/1 816/2294/1 1795/1854/1
f 3608/517/1 2572/1854/1 815/1853/1
f 3608/517/1 2575/1852/1 2572/1854/1
f 2575/1852/1 170/2295/1 2572/1854/1
f 3606/344/1 3608/517/1 815/1853/1
f 3606/344/1 3607/345/1 3608/517/1
f 3607/345/1 818/1851/1 3608/517/1
f 2574/1850/1 1794/346/1 173/39/1
f 2574/1850/1 3606/344/1 1794/346/1
f 3606/344/1 815/1853/1 1794/346/1
f 3605/337/1 2567/1844/1 810/336/1
f 3605/337/1 2577/1845/1 2567/1844/1
f 2577/1845/1 176/2292/1 2567/1844/1
f 3603/1848/1 3605/337/1 810/336/1
f 3603/1848/1 3604/341/1 3605/337/1
f 3604/341/1 820/1843/1 3605/337/1
f 2576/1849/1 1789/343/1 192/340/1
f 2576/1849/1 3603/1848/1 1789/343/1
f 3603/1848/1 810/336/1 1789/343/1
f 3602/1846/1 2579/2296/1 822/628/1
f 3602/1846/1 2578/1838/1 2579/2296/1
f 2578/1838/1 175/351/1 2579/2296/1
f 3600/1844/1 3602/1846/1 822/628/1
f 3600/1844/1 3601/337/1 3602/1846/1
f 3601/337/1 821/336/1 3602/1846/1
f 2577/1845/1 1801/1835/1 176/2292/1
f 2577/1845/1 3600/1844/1 1801/1835/1
f 3600/1844/1 822/628/1 1801/1835/1
f 3599/346/1 2575/1852/1 818/1851/1
f 3599/346/1 2581/1842/1 2575/1852/1
f 2581/1842/1 170/2295/1 2575/1852/1
f 3597/1840/1 3599/346/1 818/1851/1
f 3597/1840/1 3598/1841/1 3599/346/1
f 3598/1841/1 824/344/1 3599/346/1
f 2580/158/1 1797/348/1 174/347/1
f 2580/158/1 3597/1840/1 1797/348/1
f 3597/1840/1 818/1851/1 1797/348/1
f 3596/1839/1 2581/1842/1 824/344/1
f 3596/1839/1 2582/1835/1 2581/1842/1
f 2582/1835/1 170/2295/1 2581/1842/1
f 3594/1837/1 3596/1839/1 824/344/1
f 3594/1837/1 3595/329/1 3596/1839/1
f 3595/329/1 825/1834/1 3596/1839/1
f 2578/1838/1 1803/352/1 175/351/1
f 2578/1838/1 3594/1837/1 1803/352/1
f 3594/1837/1 824/344/1 1803/352/1
f 3593/1836/1 2584/2297/1 827/2298/1
f 3593/1836/1 2583/351/1 2584/2297/1
f 2583/351/1 169/2299/1 2584/2297/1
f 3591/628/1 3593/1836/1 827/2298/1
f 3591/628/1 3592/327/1 3593/1836/1
f 3592/327/1 826/324/1 3593/1836/1
f 2582/1835/1 1806/2300/1 170/2295/1
f 2582/1835/1 3591/628/1 1806/2300/1
f 3591/628/1 827/2298/1 1806/2300/1
f 3590/353/1 2583/351/1 826/324/1
f 3590/353/1 1808/1833/1 2583/351/1
f 1808/1833/1 169/2299/1 2583/351/1
f 3588/1830/1 3590/353/1 826/324/1
f 3588/1830/1 3589/1831/1 3590/353/1
f 3589/1831/1 829/1832/1 3590/353/1
f 1807/70/1 1805/354/1 193/73/1
f 1807/70/1 3588/1830/1 1805/354/1
f 3588/1830/1 826/324/1 1805/354/1
f 875/372/1 1759/370/1 1851/371/1
f 1759/370/1 868/1706/1 1851/371/1
f 873/93/1 3587/2301/1 1388/1705/1
f 873/1803/1 2627/381/1 3587/1827/1
f 2627/381/1 226/1828/1 3587/1827/1
f 233/227/1 1850/1274/1 3586/1826/1 870/1822/1
f 232/1800/1 3586/1824/1 1848/1825/1
f 870/1822/1 3586/1824/1 232/1800/1
f 3583/861/1 4193/1821/1 3585/1823/1 1387/1819/1
f 872/1810/1 2626/378/1 4193/1821/1 3583/861/1
f 2626/378/1 233/227/1 4193/1821/1
f 2603/253/1 4194/1462/1 3584/1820/1 846/220/1
f 225/158/1 1849/1811/1 4194/1462/1 2603/253/1
f 1849/1811/1 872/1810/1 3583/861/1 4194/1462/1
f 846/220/1 3584/1820/1 4195/1817/1 1825/224/1
f 3584/1820/1 1387/1819/1 3582/1818/1 4195/1817/1
f 3579/264/1 4196/1814/1 3581/1816/1 1386/1812/1
f 854/257/1 1833/285/1 4196/1814/1 3579/264/1
f 1833/285/1 214/360/1 871/1778/1 4196/1814/1
f 2618/871/1 4197/1724/1 3580/1813/1 863/299/1
f 158/81/1 2609/297/1 4197/1724/1 2618/871/1
f 2609/297/1 854/257/1 3579/264/1 4197/1724/1
f 1842/201/1 4198/1808/1 1849/1811/1 225/158/1
f 863/299/1 3580/1813/1 4198/1808/1 1842/201/1
f 3580/1813/1 1386/1812/1 3578/1809/1 4198/1808/1
f 1385/1795/1 1746/1806/1 3577/436/1
f 767/430/1 1746/1806/1 1385/1795/1
f 871/1778/1 2524/1804/1 3576/1805/1
f 214/360/1 2524/1804/1 871/1778/1
f 2524/431/1 767/430/1 1385/1795/1
f 871/376/1 3576/1801/1 1850/1791/1 233/377/1
f 874/372/1 1854/370/1 2608/385/1
f 851/384/1 3575/382/1 2608/383/1
f 3575/382/1 874/385/1 2608/383/1
f 875/371/1 3573/387/1 3572/1706/1
f 875/371/1 1851/1706/1 3573/387/1
f 1851/1706/1 231/70/1 3573/387/1
f 3574/370/1 875/371/1 3572/1706/1
f 874/372/1 1847/371/1 1854/370/1
f 874/372/1 3574/370/1 1847/371/1
f 3574/370/1 3572/1706/1 1847/371/1
f 850/419/1 2617/1780/1 2624/2302/1
f 3572/387/1 3573/70/1 2624/386/1
f 3573/70/1 850/2302/1 2624/386/1
f 3569/1793/1 4199/1796/1 3571/1799/1 1384/1794/1
f 2630/370/1 4199/1796/1 3569/1793/1
f 2630/2276/1 2628/1797/1 4199/1796/1
f 2608/385/1 4200/1792/1 3570/1795/1 851/382/1
f 1854/370/1 4200/1792/1 2608/385/1
f 1854/370/1 2630/370/1 3569/1793/1 4200/1792/1
f 851/382/1 3570/1795/1 212/1789/1 1830/1800/1
f 3570/1795/1 1384/1794/1 3568/1790/1 212/1789/1
f 3567/2303/1 2629/2304/1 877/2305/1 1383/386/1
f 2617/2306/1 224/2307/1 2629/2304/1 3567/2303/1
f 2624/2302/1 3567/1947/1 1383/2308/1 3572/70/1
f 2617/2309/1 3567/1947/1 2624/2302/1
f 1847/1706/1 3566/2310/1 1854/370/1
f 3572/70/1 1383/2308/1 3566/2310/1 1847/1706/1
f 3565/2311/1 1756/2312/1 776/2303/1 1382/419/1
f 780/2313/1 167/130/1 1756/2312/1 3565/2311/1
f 2629/2309/1 3565/2314/1 1382/2315/1 877/2302/1
f 224/1781/1 780/2316/1 3565/2314/1 2629/2309/1
f 1853/2317/1 3564/2318/1 878/370/1 2630/2276/1
f 877/2302/1 1382/2315/1 3564/2318/1 1853/2317/1
f 3563/1787/1 1834/275/1 856/1910/1
f 3563/1787/1 1855/1784/1 1834/275/1
f 1855/1784/1 215/434/1 1834/275/1
f 3561/258/1 3563/1787/1 856/1910/1
f 3561/258/1 3562/263/1 3563/1787/1
f 3562/263/1 879/254/1 3563/1787/1
f 2615/1742/1 2610/2319/1 158/81/1
f 2615/1742/1 3561/258/1 2610/2319/1
f 3561/258/1 856/1910/1 2610/2319/1
f 3560/1786/1 1857/393/1 881/431/1
f 3560/1786/1 1856/227/1 1857/393/1
f 1856/227/1 222/370/1 1857/393/1
f 3558/1783/1 3560/1786/1 881/431/1
f 3558/1783/1 3559/1785/1 3560/1786/1
f 3559/1785/1 880/365/1 3560/1786/1
f 1855/1784/1 2633/1778/1 215/434/1
f 1855/1784/1 3558/1783/1 2633/1778/1
f 3558/1783/1 881/431/1 2633/1778/1
f 3557/1782/1 1748/385/1 768/402/1
f 3557/1782/1 1756/1781/1 1748/385/1
f 1756/1781/1 167/435/1 1748/385/1
f 3555/377/1 3557/1782/1 768/402/1
f 3555/377/1 3556/1779/1 3557/1782/1
f 3556/1779/1 776/1780/1 3557/1782/1
f 2633/1778/1 2526/363/1 215/434/1
f 2633/1778/1 3555/377/1 2526/363/1
f 3555/377/1 768/402/1 2526/363/1
f 3552/1771/1 4201/1774/1 3554/1777/1 1381/1772/1
f 884/290/1 2636/399/1 4201/1774/1 3552/1771/1
f 2636/399/1 234/398/1 2634/1775/1 4201/1774/1
f 1837/260/1 4202/1770/1 3553/1773/1 858/301/1
f 218/256/1 1860/1760/1 4202/1770/1 1837/260/1
f 1860/1760/1 884/290/1 3552/1771/1 4202/1770/1
f 2613/406/1 4203/1768/1 2615/1742/1 158/81/1
f 858/301/1 3553/1773/1 4203/1768/1 2613/406/1
f 3553/1773/1 1381/1772/1 3551/1769/1 4203/1768/1
f 3548/1762/1 4204/1765/1 3550/1767/1 1380/1763/1
f 866/376/1 1845/2320/1 4204/1765/1 3548/1762/1
f 1845/2320/1 229/2321/1 2635/1766/1 4204/1765/1
f 1752/361/1 4205/1761/1 3549/1764/1 772/358/1
f 164/369/1 2622/416/1 4205/1761/1 1752/361/1
f 2622/416/1 866/376/1 3548/1762/1 4205/1761/1
f 2530/2322/1 4206/1758/1 1860/1760/1 218/256/1
f 772/358/1 3549/1764/1 4206/1758/1 2530/2322/1
f 3549/1764/1 1380/1763/1 3547/1759/1 4206/1758/1
f 3544/2323/1 211/377/1 3546/2324/1 1379/2325/1
f 2635/1766/1 4207/1754/1 3545/1757/1 883/378/1
f 229/2321/1 2606/2326/1 4207/1754/1 2635/1766/1
f 1859/397/1 4208/1750/1 1861/1753/1 234/398/1
f 883/378/1 3545/1757/1 4208/1750/1 1859/397/1
f 3545/1757/1 1379/1756/1 3543/1751/1 4208/1750/1
f 3540/209/1 4209/1747/1 3542/1749/1 1378/1745/1
f 888/1731/1 2640/410/1 4209/1747/1 3540/209/1
f 2640/410/1 235/306/1 2638/1748/1 4209/1747/1
f 1836/263/1 4210/1744/1 3541/1746/1 857/1910/1
f 217/255/1 1864/249/1 4210/1744/1 1836/263/1
f 1864/249/1 888/1731/1 3540/209/1 4210/1744/1
f 2612/303/1 4211/1740/1 1753/1743/1 159/293/1
f 857/1910/1 3541/1746/1 4211/1740/1 2612/303/1
f 3541/1746/1 1378/1745/1 3539/1741/1 4211/1740/1
f 3536/1733/1 4212/1736/1 3538/1739/1 1377/1734/1
f 772/358/1 2530/2322/1 4212/1736/1 3536/1733/1
f 2530/2322/1 218/256/1 2639/1737/1 4212/1736/1
f 1751/1778/1 4213/1732/1 3537/1735/1 771/359/1
f 164/369/1 1752/361/1 4213/1732/1 1751/1778/1
f 1752/361/1 772/358/1 3536/1733/1 4213/1732/1
f 2529/220/1 4214/1729/1 1864/249/1 217/255/1
f 771/359/1 3537/1735/1 4214/1729/1 2529/220/1
f 3537/1735/1 1377/1734/1 3535/1730/1 4214/1729/1
f 3532/1722/1 4215/1725/1 3534/1728/1 1376/1723/1
f 858/301/1 2613/406/1 4215/1725/1 3532/1722/1
f 2613/406/1 158/81/1 2621/1726/1 4215/1725/1
f 2639/1737/1 4216/1721/1 3533/1724/1 887/1738/1
f 218/256/1 1837/260/1 4216/1721/1 2639/1737/1
f 1837/260/1 858/301/1 3532/1722/1 4216/1721/1
f 1863/409/1 4217/1717/1 1865/1720/1 235/306/1
f 887/1738/1 3533/1724/1 4217/1717/1 1863/409/1
f 3533/1724/1 1376/1723/1 3531/1718/1 4217/1717/1
f 3528/1713/1 4218/1716/1 3530/199/1 1375/1714/1
f 856/1910/1 1834/275/1 4218/1716/1 3528/1713/1
f 1834/275/1 215/434/1 2643/164/1 4218/1716/1
f 2609/297/1 4219/1712/1 3529/1715/1 854/257/1
f 158/81/1 2610/2319/1 4219/1712/1 2609/297/1
f 2610/2319/1 856/1910/1 3528/1713/1 4219/1712/1
f 1833/285/1 4220/1710/1 1868/415/1 214/360/1
f 854/257/1 3529/1715/1 4220/1710/1 1833/285/1
f 3529/1715/1 1375/1714/1 3527/1711/1 4220/1710/1
f 3526/1709/1 2646/1704/1 2525/2327/1
f 1745/20/1 3526/1707/1 1747/2328/1
f 3526/1707/1 2525/2329/1 1747/2328/1
f 3525/429/1 1848/2330/1 896/1700/1
f 3525/429/1 232/371/1 1848/2330/1
f 2625/2331/1 1826/2332/1 855/2333/1
f 2646/428/1 2625/427/1 855/2334/1
f 2646/428/1 869/1701/1 2625/427/1
f 2646/2335/1 855/2336/1 2525/2337/1
f 3511/1670/1 4639/446/1 4221/1697/1 3523/2338/1
f 4639/446/1 258/1698/1 4221/1697/1
f 2667/449/1 4222/1695/1 3524/1696/1 920/449/1
f 260/449/1 1893/1674/1 4222/1695/1 2667/449/1
f 1893/1674/1 3511/1670/1 3523/2338/1 4222/1695/1
f 1890/449/1 4223/1694/1 1889/1667/1 259/449/1
f 920/449/1 3524/1696/1 4223/1694/1 1890/449/1
f 3524/1696/1 3523/1671/1 3522/2339/1 4223/1694/1
f 3519/1690/1 4224/1692/1 3521/1693/1 1374/1691/1
f 922/1680/1 2669/452/1 4224/1692/1 3519/1690/1
f 2669/452/1 260/449/1 2667/449/1 4224/1692/1
f 1887/2340/1 4225/1689/1 3520/1683/1 917/2341/1
f 255/1962/1 1892/1681/1 4225/1689/1 1887/2340/1
f 1892/1681/1 922/1680/1 3519/1690/1 4225/1689/1
f 917/2341/1 3520/1683/1 4226/1687/1 2665/1681/1
f 3520/1683/1 1374/1691/1 3518/1688/1 4226/1687/1
f 3515/1683/1 4227/1685/1 3517/1686/1 1373/1684/1
f 625/142/1 2384/139/1 4227/1685/1 3515/1683/1
f 2384/139/1 4178/449/1 2668/449/1 4227/1685/1
f 1603/2342/1 4228/1682/1 3516/163/1 624/2343/1
f 103/137/1 1604/1962/1 4228/1682/1 1603/2342/1
f 1604/1962/1 625/142/1 3515/1683/1 4228/1682/1
f 2383/2344/1 4229/1678/1 1892/1681/1 255/1962/1
f 624/2343/1 3516/163/1 4229/1678/1 2383/2344/1
f 3516/163/1 1373/1684/1 3514/1679/1 4229/1678/1
f 2668/449/1 4231/1675/1 3513/1677/1 921/449/1
f 4178/449/1 1888/1668/1 4231/1675/1 2668/449/1
f 1888/1668/1 3512/2345/1 4231/1675/1
f 1891/449/1 4232/1673/1 1893/1674/1 260/449/1
f 921/449/1 3513/1677/1 4232/1673/1 1891/449/1
f 3513/1677/1 3512/1676/1 3511/2346/1 4232/1673/1
f 1894/223/1 256/1669/1 626/1667/1
f 3510/449/1 1894/223/1 626/1667/1
f 3510/449/1 923/1672/1 1894/223/1
f 3510/1672/1 626/223/1 102/449/1
f 3509/449/1 1889/223/1 3507/1667/1
f 3509/449/1 259/1672/1 1889/223/1
f 923/223/1 3509/449/1 3507/1667/1
f 923/223/1 3507/1667/1 1894/1669/1
f 3508/1671/1 254/1676/1 918/1670/1
f 3508/1671/1 4642/1670/1 254/1676/1
f 3507/1669/1 3522/1668/1 3508/1671/1
f 1894/1669/1 918/1671/1 256/1668/1
f 1894/1669/1 3508/1668/1 918/1671/1
f 3505/1661/1 4233/1664/1 928/1666/1 1898/1662/1
f 2677/1504/1 4267/504/1 4233/1664/1 3505/1661/1
f 4267/504/5 272/503/5 2677/1665/5 4233/1664/5
f 2700/1526/1 4234/1660/1 3506/1663/1 953/1527/1
f 3505/499/1 4233/1505/1 4234/1660/1 2700/1526/1
f 4233/1505/5 2677/1504/5 3505/1661/5 4234/1660/5
f 935/494/1 2685/1657/1 1907/1659/1 3466/495/1
f 953/1527/1 3506/1663/1 2685/1657/1 935/494/1
f 3506/1663/1 1898/1662/1 262/1488/1 2685/1657/1
f 3503/1655/1 2678/2347/1 3504/1656/1
f 2699/492/1 2678/2347/1 3503/1655/1
f 2699/492/1 1921/491/1 2678/2347/1
f 2698/2348/1 3503/2349/1 951/1625/1
f 1922/1472/1 3503/2349/1 2698/2348/1
f 1922/1472/1 2699/1529/1 3503/2349/1
f 951/1628/1 3504/1656/1 4235/2350/1
f 4236/2351/1 930/2352/1 3502/2353/1
f 950/2354/1 271/2355/1 4236/1650/1
f 2697/1494/1 950/2356/1 4237/1549/1
f 950/2354/1 4236/1650/1 4237/1649/1
f 4631/2357/1 4238/1645/1 273/1493/1
f 3502/1651/1 4238/1645/1 4631/2357/1
f 3502/2353/1 263/1646/1 4238/1645/1
f 948/1554/1 941/2358/1 4239/2359/1 4632/1643/1
f 941/2358/1 274/1532/1 4239/2359/1
f 948/2360/1 4239/1639/1 4240/1638/1
f 3500/1577/1 4633/2361/1 4241/2362/1
f 4633/2361/1 1915/2363/1 931/1474/1 4241/2362/1
f 2694/1600/5 4242/1635/5 3501/1637/5 1917/1601/5
f 277/476/1 1917/1578/1 4242/1635/1 2694/1600/1
f 1917/1578/1 3500/2364/1 4242/1635/1
f 4242/471/1 4243/1632/1 947/1634/1 3501/472/1
f 1917/1601/2 3501/1637/2 4243/1632/2 4242/471/2
f 3501/1637/1 3500/1636/1 3499/2365/1 4243/1632/1
f 945/1630/1 4244/1513/1 1372/1631/1
f 4244/469/1 1911/468/1 2674/491/1
f 276/1624/1 4245/2366/1 943/1625/1
f 276/465/1 4250/1631/1 4245/1629/1
f 4250/1631/1 945/1630/1 4245/1629/1
f 943/461/1 4246/1625/1 275/462/1
f 943/1625/1 4245/2366/1 4246/1627/1
f 4245/2366/1 1372/1628/1 4246/1627/1
f 3497/1621/1 2693/1623/1 3498/1626/1 3496/1622/1
f 3493/1610/1 2693/1623/1 3497/1621/1
f 1915/2363/1 4247/1620/1 931/1474/1
f 4247/1611/1 3493/1610/1 3497/1621/1
f 931/458/1 1904/1481/1 264/459/1
f 931/2367/1 4247/2244/1 1904/2368/1
f 4247/2244/1 3496/2369/1 1904/2368/1
f 926/1613/1 2673/1616/1 3495/1619/1 3493/1614/1
f 2692/2370/1 1896/1612/1 3494/1615/1
f 1901/153/1 1896/1612/1 2692/2370/1
f 1915/1481/1 3494/1609/1 4247/1611/1
f 2692/154/1 3494/1609/1 1915/1481/1
f 3466/468/1 658/1608/1 4248/1606/1 1371/2371/1
f 658/1608/1 92/1607/1 4248/1606/1
f 268/1617/1 4249/1513/1 944/1618/1
f 268/2167/1 1365/2372/1 4249/2373/1
f 1365/2372/1 3466/468/1 1371/2371/1 4249/2373/1
f 944/1618/1 4249/1513/1 4250/1603/1 276/2152/1
f 4249/1513/1 1371/1604/1 4250/1603/1
f 4634/1596/1 1916/1599/1 277/1602/1 1370/1597/1
f 946/477/4 277/476/4 2694/1600/4 1916/1599/4
f 1905/2374/5 2682/1595/5 3492/1598/5 933/2375/5
f 3489/299/1 1369/2376/1 2682/1595/1 1905/2374/1
f 1369/2376/1 3490/1594/1 4634/1596/1 2682/1595/1
f 2682/2377/5 4251/1534/5 1370/1594/5 3492/83/5
f 933/2375/1 3492/1598/1 4251/1534/1 2682/2377/1
f 3492/1598/1 1370/1597/1 3491/1592/1 4251/1534/1
f 3488/1585/1 4252/1588/1 3490/1591/1 1369/1586/1
f 3470/83/1 4263/2378/1 4252/1588/1 3488/1585/1
f 4263/2378/1 265/2166/1 2695/1589/1 4252/1588/1
f 1637/2379/1 4253/1584/1 3489/1587/1 656/2380/1
f 93/1917/1 4262/299/1 4253/1584/1 1637/2379/1
f 4262/299/1 3470/83/1 3488/1585/1 4253/1584/1
f 656/2380/5 3489/1587/5 3488/2381/5 4253/2382/5
f 3489/1587/5 1369/1586/5 4252/2383/5 3488/2381/5
f 3486/2384/1 2683/1582/1 4633/1583/1
f 3473/2165/1 2683/1582/1 3486/2384/1
f 2683/459/1 1901/153/1 2692/2370/1
f 2695/1589/1 4254/1579/1 3487/1581/1 946/1590/1
f 265/2166/1 4260/480/1 4254/1579/1 2695/1589/1
f 4260/480/1 3473/2165/1 3486/2384/1 4254/1579/1
f 1916/475/1 4255/1575/1 1917/1578/1 277/476/1
f 946/1590/1 3487/1581/1 4255/1575/1 1916/475/1
f 3487/1581/1 3486/1580/1 3485/1576/1 4255/1575/1
f 3482/473/5 1918/1572/5 947/1570/5
f 1918/1600/1 3480/481/1 1919/2385/1
f 3481/2378/1 4256/477/1 3482/1569/1 1910/1593/1
f 3483/2386/1 1918/2387/1 3484/476/1
f 3481/1562/5 4256/1565/5 3482/1568/5 2680/1563/5
f 932/1593/1 2680/473/1 4256/1565/1 3481/1562/1
f 2680/473/1 3501/472/1 4243/1566/1 4256/1565/1
f 1370/1594/5 932/1593/5 3481/1562/5 3491/1561/5
f 3499/1633/1 4637/1532/1 4257/1559/1 3479/2388/1
f 4637/1532/1 264/1560/1 4257/1559/1
f 4243/1566/1 3499/1556/1 3480/1558/1 947/1567/1
f 3501/472/5 947/1634/5 3499/1556/5 4243/1566/5
f 1918/2389/1 3479/1552/1 1919/1555/1 3480/481/1
f 947/1567/1 3480/1558/1 3479/1552/1 1918/2389/1
f 2697/1494/1 4237/1549/1 4258/1548/1
f 2678/1545/1 3477/1547/1 3504/2390/1
f 1921/1540/1 2697/1539/1 4258/1546/1 2678/1545/1
f 3504/2390/1 3477/1547/1 1900/454/1
f 3477/1547/1 3478/494/1 4631/1544/1 1900/1543/1
f 3476/2391/1 2696/1657/1 1368/2392/1
f 927/455/1 269/503/1 2696/1657/1 3476/2391/1
f 2690/1654/1 3476/2393/1 1368/2394/1 940/2395/1
f 261/2167/1 927/491/1 3476/2393/1 2690/1654/1
f 940/2395/1 1368/2394/1 4259/490/1
f 3475/2396/1 2689/2397/1 939/2398/1 1367/2399/1
f 937/2400/1 91/2401/1 2689/2397/1 3475/2396/1
f 2696/1497/1 3475/2402/1 1367/2403/1 949/1541/1
f 269/1919/1 937/2404/1 3475/2402/1 2696/1497/1
f 1920/508/1 3474/2405/1 950/2356/1 2697/1494/1
f 949/1541/1 1367/2403/1 3474/2405/1 1920/508/1
f 4260/2406/1 2698/1957/1 951/2407/1 3473/486/1
f 952/488/1 2698/1957/1 4260/2406/1
f 952/488/1 1922/487/1 2698/1957/1
f 265/1533/1 952/1532/1 4260/2408/1
f 2683/459/1 3472/2409/1 1901/153/1
f 3473/2410/1 3472/2409/1 2683/459/1
f 657/2378/1 266/472/1 4261/1535/1
f 93/1917/1 657/2375/1 4262/299/1
f 657/2378/1 4261/1535/1 4262/1534/1
f 3470/1537/1 3471/1536/1 4630/1531/1 4263/1530/1
f 3469/2411/1 2690/2412/1 940/2413/1 1366/2414/1
f 934/2415/1 261/2416/1 2690/2412/1 3469/2411/1
f 4261/2417/1 3469/2418/1 1366/1958/1 3471/1474/1
f 266/2419/1 934/2420/1 3469/2418/1 4261/2417/1
f 4630/486/1 4264/2421/1 1922/487/1
f 3471/1474/1 1366/1958/1 4264/2421/1 4630/486/1
f 953/1523/5 3506/1525/5 3468/1528/5 1365/1505/5
f 4234/500/5 3505/499/5 2700/1526/5 3506/1525/5
f 1365/2372/5 3468/1522/5 3467/1524/5 3466/468/5
f 268/2167/1 1924/1515/1 3468/1522/1 1365/2372/1
f 1924/1515/1 2700/1514/1 953/1523/1 3468/1522/1
f 658/1608/2 2415/1519/2 1639/1521/2 92/2168/2
f 3466/468/1 3467/1524/1 2415/1519/1 658/1608/1
f 3467/1524/1 1365/1505/1 3466/1520/1 2415/1519/1
f 3464/1516/1 2701/2422/1 3465/1517/1
f 1901/2423/1 2679/485/1 2701/2422/1 3464/1516/1
f 2679/485/1 1914/484/1 2701/2422/1
f 1896/2415/1 3464/2424/1 926/2169/1
f 1901/463/1 3464/2424/1 1896/2415/1
f 2673/2425/1 4265/1512/1 1924/1515/1 268/2167/1
f 926/1518/1 4265/1512/1 2673/2425/1
f 926/1518/1 3465/1517/1 3463/1513/1 4265/1512/1
f 3462/1509/1 4269/1511/1 1364/2426/1
f 2691/456/1 1902/455/1 1363/1504/1 3462/1509/1
f 2701/1506/1 1364/1508/1 3465/2427/1
f 1914/1654/1 2691/1653/1 3462/1507/1 2701/1506/1
f 1923/498/1 4266/1502/1 4233/1505/1 3505/499/1
f 3465/2427/1 1364/1508/1 4266/1502/1 1923/498/1
f 1364/2426/1 272/1503/1 4266/1502/1
f 955/1485/5 4655/508/5 1925/1499/5 938/1496/5
f 2677/1665/1 4267/1495/1 270/1498/1 2675/1659/1
f 272/503/1 1925/1486/1 4267/1495/1 2677/1665/1
f 1925/1486/1 955/1485/1 938/1496/1 4267/1495/1
f 1363/1504/1 4268/1487/1 4627/1490/1 3461/1510/1
f 1902/1539/5 4268/1487/5 1363/1504/5
f 1902/1539/1 2702/496/1 954/1488/1 4268/1487/1
f 955/502/5 4269/1483/5 1925/1486/5 272/503/5
f 3461/1510/5 4627/1490/5 4269/1483/5 955/502/5
f 4627/1490/5 1363/1489/5 3461/1484/5 4269/1483/5
f 2686/1647/2 263/2266/2 936/2428/2
f 2702/2429/1 267/2430/1 954/2431/1
f 273/1648/1 2686/1647/1 936/2428/1 2702/2429/1
f 954/2431/1 267/2430/1 2672/2432/1 925/506/1
f 1362/2433/1 2704/1480/1 3460/1482/1
f 3455/1474/1 2704/1480/1 1362/2433/1
f 1927/1475/1 3455/1474/1 1362/2433/1
f 1927/2434/1 3459/2435/1 1903/2436/1
f 3496/513/1 2681/463/1 3458/1476/1 3456/2437/1
f 2681/463/1 275/1477/1 3458/1476/1
f 264/1560/1 3457/1482/1 941/510/1
f 264/459/1 1904/1481/1 3457/2438/1
f 1904/1481/1 3496/513/1 3456/2437/1 3457/2438/1
f 941/2439/1 3457/1473/1 1927/1475/1 274/2440/1
f 3457/1482/1 3456/514/1 3455/2441/1
f 942/1471/1 4270/1619/1 1361/1472/1
f 942/465/1 4636/1618/1 4270/2442/1
f 4636/1618/1 1897/2167/1 2684/484/1 4270/2442/1
f 275/1477/1 4271/1626/1 956/463/1
f 275/462/1 4246/1625/1 4271/1470/1
f 4246/1625/1 942/1471/1 4271/1470/1
f 956/512/1 4272/1622/1 2703/513/1
f 956/463/1 4271/1626/1 4272/1467/1
f 4271/1626/1 1361/1468/1 4272/1467/1
f 3452/1462/1 4273/1464/1 3454/1466/1 1360/1463/1
f 974/1457/1 2720/522/1 4273/1464/1 3452/1462/1
f 2720/522/1 290/521/1 2718/249/1 4273/1464/1
f 1932/229/1 4274/225/1 3453/222/1 961/37/1
f 282/330/1 1943/531/1 4274/225/1 1932/229/1
f 1943/531/1 974/1457/1 3452/1462/1 4274/225/1
f 2708/628/1 4275/243/1 1602/201/1 86/39/1
f 961/37/1 3453/222/1 4275/243/1 2708/628/1
f 3453/222/1 1360/1463/1 3451/1461/1 4275/243/1
f 3448/1458/1 4276/1460/1 3450/772/1 1359/1459/1
f 622/70/1 2381/227/1 4276/1460/1 3448/1458/1
f 2381/227/1 285/229/1 2719/634/1 4276/1460/1
f 1595/1864/1 4277/233/1 3449/1274/1 616/129/1
f 90/73/1 1601/2/1 4277/233/1 1595/1864/1
f 1601/2/1 622/70/1 3448/1458/1 4277/233/1
f 2376/988/1 4278/228/1 1943/531/1 282/330/1
f 616/129/1 3449/1274/1 4278/228/1 2376/988/1
f 3449/1274/1 1359/1459/1 3447/1456/1 4278/228/1
f 3444/182/1 4279/1452/1 3446/1455/1 1358/166/1
f 966/158/1 2712/299/1 4279/1452/1 3444/182/1
f 2712/299/1 85/81/1 2717/1453/1 4279/1452/1
f 2719/634/1 4280/1450/1 3445/1451/1 973/890/1
f 285/229/1 1935/220/1 4280/1450/1 2719/634/1
f 1935/220/1 966/158/1 3444/182/1 4280/1450/1
f 1942/520/1 4281/1448/1 1944/1449/1 290/521/1
f 973/890/1 3445/1451/1 4281/1448/1 1942/520/1
f 3445/1451/1 1358/166/1 3443/209/1 4281/1448/1
f 4283/1446/1 4282/2443/1 3442/199/1 1357/164/1
f 2722/529/1 4282/2443/1 4283/1446/1
f 2722/529/1 1947/220/1 4282/2443/1
f 4283/831/1 3441/160/1 618/229/1
f 1946/522/1 2722/132/1 4283/831/1
f 1597/647/1 4284/1444/1 1600/1445/1 88/330/1
f 618/229/1 3441/160/1 4284/1444/1 1597/647/1
f 3441/160/1 1357/164/1 3440/772/1 4284/1444/1
f 3437/244/1 4285/243/1 3439/1443/1 1356/1441/1
f 970/2444/1 1939/1465/1 4285/243/1 3437/244/1
f 1939/1465/1 288/158/1 959/249/1 4285/243/1
f 2710/158/1 4286/1440/1 3438/1442/1 963/628/1
f 86/39/1 2716/2445/1 4286/1440/1 2710/158/1
f 2716/2445/1 970/2444/1 3437/244/1 4286/1440/1
f 963/628/1 3438/1442/1 4287/953/1
f 3438/1442/1 1356/1441/1 4621/1439/1 4287/1438/1
f 959/654/1 1929/2446/1 1355/2447/1 3435/251/1
f 959/249/1 1929/250/1 3435/1451/1 977/253/1
f 288/158/5 4285/2448/5 1929/250/5 959/249/5
f 4285/2448/5 959/654/5 3435/251/5 1929/250/5
f 4621/165/1 4288/1435/1 1947/220/1
f 977/253/1 3435/1451/1 4288/1435/1 4621/165/1
f 3435/1451/1 1355/1463/1 4620/1436/1 4288/1435/1
f 3432/1432/1 4289/1434/1 3434/765/1 1354/219/1
f 980/820/1 2726/533/1 4289/1434/1 3432/1432/1
f 2726/533/1 291/532/1 2724/686/1 4289/1434/1
f 2377/532/1 4290/198/1 3433/1433/1 617/337/1
f 283/229/1 1950/822/1 4290/198/1 2377/532/1
f 1950/822/1 980/820/1 3432/1432/1 4290/198/1
f 1596/128/1 4291/1430/1 1598/1415/1 89/129/1
f 617/337/1 3433/1433/1 4291/1430/1 1596/128/1
f 3433/1433/1 1354/219/1 3431/1431/1 4291/1430/1
f 3428/222/1 4292/1427/1 3430/199/1 1353/1425/1
f 963/628/1 4287/953/1 4292/1427/1 3428/222/1
f 4287/953/1 1946/37/1 2725/1428/1 4292/1427/1
f 2709/654/1 4293/1424/1 3429/1426/1 962/1398/1
f 86/39/1 2710/158/1 4293/1424/1 2709/654/1
f 2710/158/1 963/628/1 3428/222/1 4293/1424/1
f 1933/133/1 4294/1422/1 1950/822/1 283/229/1
f 962/1398/1 3429/1426/1 4294/1422/1 1933/133/1
f 3429/1426/1 1353/1425/1 3427/1423/1 4294/1422/1
f 3424/1419/1 4295/218/1 3426/1421/1 1352/533/1
f 618/229/1 1597/647/1 4295/218/1 3424/1419/1
f 1597/647/1 88/330/1 2715/1394/1 4295/218/1
f 2725/1428/1 4296/1418/1 3425/1420/1 979/1429/1
f 1946/37/1 4283/1969/1 4296/1418/1 2725/1428/1
f 4283/1969/1 618/229/1 3424/1419/1 4296/1418/1
f 1949/531/1 4297/1417/1 1951/163/1 291/532/1
f 979/1429/1 3425/1420/1 4297/1417/1 1949/531/1
f 3425/1420/1 1352/533/1 3423/1396/1 4297/1417/1
f 3420/1410/1 4298/1413/1 3422/1416/1 1351/1411/1
f 984/1401/1 2729/93/1 4298/1413/1 3420/1410/1
f 2729/93/1 292/128/1 2727/1414/1 4298/1413/1
f 281/342/1 1954/1402/1 4299/1409/1 1931/20/1
f 1954/1402/1 984/1401/1 3420/1410/1 4299/1409/1
f 3421/2449/1 1351/2450/1 3419/2451/1 278/1864/1
f 3416/1403/1 4300/1405/1 3418/1408/1 1350/535/1
f 616/129/1 2376/988/1 4300/1405/1 3416/1403/1
f 2376/988/1 282/330/1 2728/1406/1 4300/1405/1
f 1594/2452/1 4301/241/1 3417/1404/1 615/2453/1
f 90/73/1 1595/1864/1 4301/241/1 1594/2452/1
f 1595/1864/1 616/129/1 3416/1403/1 4301/241/1
f 2375/2454/1 4302/1400/1 1954/1402/1 281/342/1
f 615/2453/1 3417/1404/1 4302/1400/1 2375/2454/1
f 3417/1404/1 1350/535/1 3415/1052/1 4302/1400/1
f 3412/199/1 4303/1397/1 3414/1399/1 1349/830/1
f 961/37/1 2708/628/1 4303/1397/1 3412/199/1
f 2708/628/1 86/39/1 2709/654/1 4303/1397/1
f 2728/1406/1 4304/1395/1 3413/1396/1 983/1407/1
f 282/330/1 1932/229/1 4304/1395/1 2728/1406/1
f 1932/229/1 961/37/1 3412/199/1 4304/1395/1
f 1953/539/1 4305/1392/1 1955/805/1 292/128/1
f 983/1407/1 3413/1396/1 4305/1392/1 1953/539/1
f 3413/1396/1 1349/830/1 3411/1393/1 4305/1392/1
f 3410/2455/1 2769/2456/1 1028/1995/1 1348/2457/1
f 1030/2458/1 329/2459/1 2769/2456/1 3410/2455/1
f 318/2460/1 3410/2461/1 1017/299/1
f 318/1996/1 1030/1372/1 3410/2462/1
f 1017/299/1 3410/2461/1 1348/2463/1
f 3407/1385/1 4306/1388/1 3409/1391/1 1347/1386/1
f 1018/1311/1 1986/554/1 4306/1388/1 3407/1385/1
f 1986/554/1 319/22/1 2770/1389/1 4306/1388/1
f 565/1338/1 2757/1384/1 3408/1387/1
f 46/555/1 2757/1384/1 565/1338/1
f 2757/1312/1 1018/1311/1 3407/1385/1
f 318/2458/1 3406/2464/1 1030/1372/1
f 565/2230/1 3408/1387/1 3406/2464/1 318/2458/1
f 3408/1387/1 1347/1386/1 3406/2464/1
f 3403/1380/1 4307/1382/1 3405/1383/1 1346/1381/1
f 566/1313/1 1545/543/1 4307/1382/1 3403/1380/1
f 1545/543/1 47/1306/1 1542/1313/1 4307/1382/1
f 2770/1389/1 4308/868/1 3404/1359/1 1029/1390/1
f 319/22/1 2326/556/1 4308/868/1 2770/1389/1
f 2326/556/1 566/1313/1 3403/1380/1 4308/868/1
f 1998/1386/1 3402/2465/1 1031/2231/1 329/2230/1
f 1029/1390/1 3404/1359/1 3402/2465/1 1998/1386/1
f 3404/1359/1 1346/1381/1 3402/2465/1
f 3400/2466/1 2771/1340/1 1032/1354/1 3401/1968/1
f 1034/2467/1 330/2468/1 2771/1340/1 3400/2466/1
f 1975/573/1 3400/2469/1 3401/1270/1
f 309/572/1 1034/2470/1 3400/2469/1 1975/573/1
f 4309/2471/1 564/2472/1 44/118/1
f 3397/1375/1 4310/1376/1 3399/1379/1 1345/925/1
f 563/229/1 2325/36/1 4310/1376/1 3397/1375/1
f 2325/36/1 317/957/1 2772/1377/1 4310/1376/1
f 1533/114/1 4311/1374/1 3398/1130/1 552/103/1
f 56/26/1 1544/102/1 4311/1374/1 1533/114/1
f 1544/102/1 563/229/1 3397/1375/1 4311/1374/1
f 2315/559/1 3396/2473/1 1034/2470/1 309/572/1
f 552/103/1 3398/1130/1 3396/2473/1 2315/559/1
f 3398/1130/1 1345/925/1 3396/2473/1
f 3393/1371/1 3395/2474/1 1344/1372/1
f 1016/22/1 2756/2475/1 3395/2476/1 3393/1371/1
f 2756/2475/1 2768/2477/1 3395/2476/1
f 2772/1377/1 4312/1370/1 3394/1373/1 1033/1378/1
f 317/957/1 1984/158/1 4312/1370/1 2772/1377/1
f 1984/158/1 1016/22/1 3393/1371/1 4312/1370/1
f 1999/2478/1 3392/545/1 1035/2222/1 330/543/1
f 1033/1378/1 3394/1373/1 3392/545/1 1999/2478/1
f 3394/1373/1 1344/1372/1 3392/545/1
f 3389/1364/1 4313/1366/1 3391/1369/1 1343/1365/1
f 1038/1351/1 2775/544/1 4313/1366/1 3389/1364/1
f 2775/544/1 331/543/1 2773/1367/1 4313/1366/1
f 2322/543/1 4314/1363/1 3390/209/1 560/1270/1
f 314/22/1 2001/1352/1 4314/1363/1 2322/543/1
f 2001/1352/1 1038/1351/1 3389/1364/1 4314/1363/1
f 1541/1308/1 4315/1360/1 1543/1362/1 48/2479/1
f 560/1270/1 3390/209/1 4315/1360/1 1541/1308/1
f 3390/209/1 1343/1365/1 3388/1361/1 4315/1360/1
f 3385/1354/1 4316/1357/1 3387/1359/1 1342/1355/1
f 1014/2005/1 1982/1996/1 4316/1357/1 3385/1354/1
f 1982/1996/1 315/555/1 2774/546/1 4316/1357/1
f 2754/124/1 4317/1353/1 3386/1356/1 1013/1996/1
f 45/123/1 2755/125/1 4317/1353/1 2754/124/1
f 2755/125/1 1014/2005/1 3385/1354/1 4317/1353/1
f 1981/1312/1 4318/1349/1 2001/1352/1 314/22/1
f 1013/1996/1 3386/1356/1 4318/1349/1 1981/1312/1
f 3386/1356/1 1342/1355/1 3384/1350/1 4318/1349/1
f 3381/1345/1 4319/1347/1 3383/1348/1 1341/1346/1
f 561/22/1 1542/1313/1 4319/1347/1 3381/1345/1
f 1542/1313/1 47/1306/1 2767/1342/1 4319/1347/1
f 2774/546/1 4320/1344/1 3382/849/1 1037/1358/1
f 315/555/1 2323/1311/1 4320/1344/1 2774/546/1
f 2323/1311/1 561/22/1 3381/1345/1 4320/1344/1
f 2000/542/1 4321/1340/1 2002/1343/1 331/543/1
f 1037/1358/1 3382/849/1 4321/1340/1 2000/542/1
f 3382/849/1 1341/1346/1 3380/1341/1 4321/1340/1
f 3377/1336/1 3379/1339/1 1340/1334/1
f 2004/2460/1 2778/548/1 3377/1333/1
f 2778/548/1 2005/124/1 2776/1337/1 3377/1336/1
f 2320/1332/1 3378/1335/1 557/1306/1
f 2004/2460/1 3377/1333/1 2320/1332/1
f 1538/1307/1 4322/1330/1 1541/1308/1 48/2479/1
f 557/1306/1 3378/1335/1 4322/1330/1 1538/1307/1
f 3378/1335/1 1340/1334/1 3376/1331/1 4322/1330/1
f 3373/1323/1 4323/1326/1 3375/1329/1 1339/1324/1
f 1025/2480/1 1995/2481/1 4323/1326/1 3373/1323/1
f 1995/2481/1 325/2482/1 2777/1327/1 4323/1326/1
f 2752/120/1 4324/1322/1 3374/1325/1 1010/123/1
f 44/118/1 2766/2483/1 4324/1322/1 2752/120/1
f 2766/2483/1 1025/2480/1 3373/1323/1 4324/1322/1
f 1010/123/1 3374/1325/1 4325/2005/1
f 3374/1325/1 1339/1324/1 4611/473/1 4325/1320/1
f 3370/1317/5 3371/2484/5 3372/2485/5 1338/1318/5
f 3370/2486/1 297/120/1 3372/2487/1 3371/2484/1
f 2777/1327/1 4326/1316/1 3371/1319/1 1041/1328/1
f 325/2482/5 4323/871/5 4326/1316/5 2777/1327/5
f 4323/871/5 2777/2488/5 3370/1317/5 4326/1316/5
f 4611/547/1 3369/2489/1 2005/124/1
f 1041/1328/1 3371/1319/1 3369/2489/1 4611/547/1
f 3371/1319/1 1338/1318/1 3369/2489/1
f 3368/1315/1 2321/2490/1 558/2491/1
f 3368/1315/1 2006/1310/1 2321/2490/1
f 2006/1310/1 313/2492/1 2321/2490/1
f 3366/158/1 3368/1315/1 558/2491/1
f 3366/158/1 3367/1314/1 3368/1315/1
f 3367/1314/1 1042/1309/1 3368/1315/1
f 1537/1299/1 1539/573/1 49/560/1
f 1537/1299/1 3366/158/1 1539/573/1
f 3366/158/1 558/2491/1 1539/573/1
f 3365/1313/1 2008/556/1 1044/1270/1
f 3365/1313/1 2007/1312/1 2008/556/1
f 2007/1312/1 2004/555/1 2008/556/1
f 3363/40/1 3365/1313/1 1044/1270/1
f 3363/40/1 3364/543/1 3365/1313/1
f 3364/543/1 1043/1311/1 3365/1313/1
f 2006/1310/1 2782/1305/1 313/2492/1
f 2006/1310/1 3363/40/1 2782/1305/1
f 3363/40/1 1044/1270/1 2782/1305/1
f 3362/1308/1 2753/2493/1 1011/158/1
f 3362/1308/1 1538/1307/1 2753/2493/1
f 1538/1307/1 48/2479/1 2753/2493/1
f 3360/1298/1 3362/1308/1 1011/158/1
f 3360/1298/1 3361/553/1 3362/1308/1
f 3361/553/1 557/1306/1 3362/1308/1
f 2782/1305/1 1979/1299/1 313/2492/1
f 2782/1305/1 3360/1298/1 1979/1299/1
f 3360/1298/1 1011/158/1 1979/1299/1
f 3359/1272/1 2302/2494/1 536/2495/1
f 3359/1272/1 2009/1301/1 2302/2494/1
f 2009/1301/1 308/620/1 2302/2494/1
f 3357/751/1 3359/1272/1 536/2495/1
f 3357/751/1 3358/115/1 3359/1272/1
f 3358/115/1 1045/102/1 3359/1272/1
f 1535/1304/1 1519/2496/1 60/73/1
f 1535/1304/1 3357/751/1 1519/2496/1
f 3357/751/1 536/2495/1 1519/2496/1
f 3356/220/1 2011/560/1 1047/1296/1
f 3356/220/1 2010/1299/1 2011/560/1
f 2010/1299/1 312/22/1 2011/560/1
f 3354/614/1 3356/220/1 1047/1296/1
f 3354/614/1 3355/99/1 3356/220/1
f 3355/99/1 1046/1302/1 3356/220/1
f 2009/1301/1 2785/101/1 308/620/1
f 2009/1301/1 3354/614/1 2785/101/1
f 3354/614/1 1047/1296/1 2785/101/1
f 3353/1300/1 2746/220/1 1004/99/1
f 3353/1300/1 1537/1299/1 2746/220/1
f 1537/1299/1 49/560/1 2746/220/1
f 3351/559/1 3353/1300/1 1004/99/1
f 3351/559/1 3352/1297/1 3353/1300/1
f 3352/1297/1 556/1298/1 3353/1300/1
f 2785/101/1 1972/557/1 308/620/1
f 2785/101/1 3351/559/1 1972/557/1
f 3351/559/1 1004/99/1 1972/557/1
f 3348/1290/1 3350/2497/1 1337/1291/1
f 1049/1284/1 4610/1103/1 3350/1293/1 3348/1290/1
f 4610/1103/1 332/1294/1 3350/1293/1
f 2316/99/1 4327/1158/1 3349/1292/1 553/100/1
f 310/86/1 2012/1285/1 4327/1158/1 2316/99/1
f 2012/1285/1 1049/1284/1 3348/1290/1 4327/1158/1
f 1534/2025/1 4328/1288/1 2765/1289/1 57/112/1
f 553/100/1 3349/1292/1 4328/1288/1 1534/2025/1
f 3349/1292/1 1337/1291/1 3347/1229/1 4328/1288/1
f 3345/165/1 4329/1128/1 1336/1126/1
f 1007/560/1 4329/2498/1 3345/165/1
f 2748/1996/1 4330/1286/1 3346/1287/1 1006/1307/1
f 44/118/1 2749/22/1 4330/1286/1 2748/1996/1
f 2749/22/1 1007/560/1 3345/165/1 4330/1286/1
f 1976/603/1 4331/1282/1 2012/1285/1 310/86/1
f 1006/1307/1 3346/1287/1 4331/1282/1 1976/603/1
f 3346/1287/1 1336/1126/1 3344/1283/1 4331/1282/1
f 554/1277/1 1535/1279/1 3343/1281/1 3342/1278/1
f 1535/1304/1 60/73/1 1536/1280/1
f 2786/1152/1 2317/1276/1 4332/1260/1
f 332/2499/1 4332/1274/1 4166/1261/1
f 2786/114/1 4332/1274/1 332/2499/1
f 310/1273/4 2316/99/4 553/100/4
f 310/1273/1 1976/1271/1 2316/99/1
f 2316/227/1 3341/584/1 310/1273/1
f 3341/584/1 1050/583/1 310/1273/1
f 553/111/1 1534/2025/1 57/112/1
f 553/111/5 2316/227/5 1534/2025/5
f 3340/1251/1 3339/85/1 1051/1250/1
f 1976/1271/4 1006/220/4 310/86/4
f 1976/1271/1 3340/1251/1 1006/220/1
f 3340/1251/1 1051/1250/1 1006/220/1
f 44/40/4 2748/1996/4 1006/1307/4
f 44/40/5 4309/299/5 2748/1996/5
f 2748/954/1 3339/560/1 44/40/1
f 3339/560/1 3401/1270/1 44/40/1
f 1006/220/1 2748/954/1 1976/603/1
f 3336/1264/1 4333/1267/1 3338/1269/1 1335/1265/1
f 1054/589/1 2789/581/1 4333/1267/1 3336/1264/1
f 2789/581/1 333/96/1 2787/235/1 4333/1267/1
f 307/2500/1 2016/1254/1 4334/1263/1 1971/2501/1
f 2016/1254/1 1054/589/1 3336/1264/1 4334/1263/1
f 3337/2502/1 1335/2503/1 1959/2504/1 295/2505/1
f 3333/1256/1 4335/1259/1 3335/1262/1 1334/1257/1
f 536/2495/1 2302/2494/1 4335/1259/1 3333/1256/1
f 2302/2494/1 308/620/1 2788/1260/1 4335/1259/1
f 1518/2506/1 4336/1255/1 3334/1258/1 535/2507/1
f 60/73/1 1519/2496/1 4336/1255/1 1518/2506/1
f 1519/2496/1 536/2495/1 3333/1256/1 4336/1255/1
f 2301/2508/1 4337/1252/1 2016/1254/1 307/2500/1
f 535/2507/1 3334/1258/1 4337/1252/1 2301/2508/1
f 3334/1258/1 1334/1257/1 3332/1253/1 4337/1252/1
f 3329/1247/1 4338/1249/1 3331/1158/1 1333/1151/1
f 1004/99/1 2746/220/1 4338/1249/1 3329/1247/1
f 2746/220/1 49/560/1 2744/1250/1 4338/1249/1
f 2788/1260/1 4339/1246/1 3330/1248/1 1053/1261/1
f 308/620/1 1972/557/1 4339/1246/1 2788/1260/1
f 1972/557/1 1004/99/1 3329/1247/1 4339/1246/1
f 2015/580/1 4340/1243/1 2017/1245/1 333/96/1
f 1053/1261/1 3330/1248/1 4340/1243/1 2015/580/1
f 3330/1248/1 1333/1151/1 3328/1244/1 4340/1243/1
f 3327/1242/1 2791/2509/1 1056/2510/1 1332/2511/1
f 2793/592/1 2791/2509/1 3327/1242/1
f 2793/592/1 2020/591/1 2791/2509/1
f 2293/1241/1 1332/242/1 527/563/1
f 2019/1229/1 2793/1228/1 3327/1242/1 2293/1241/1
f 4341/1238/1 534/1240/1 2760/2512/1
f 527/563/1 1332/242/1 4341/94/1
f 1332/2511/1 4606/1239/1 4341/1238/1
f 3324/1231/1 4342/1234/1 3326/1237/1 1331/1232/1
f 1002/583/1 3992/114/1 4342/1234/1 3324/1231/1
f 3992/114/1 4162/620/1 2792/1235/1 4342/1234/1
f 2739/1179/1 4343/1230/1 3325/1233/1 994/100/1
f 52/2193/1 2745/2192/1 4343/1230/1 2739/1179/1
f 2745/2192/1 1002/583/1 3324/1231/1 4343/1230/1
f 1964/571/1 3323/2513/1 2019/26/1
f 994/100/1 3325/1233/1 3323/2513/1 1964/571/1
f 3325/1233/1 1331/1232/1 3323/2513/1
f 3320/1223/1 3322/2514/1 1330/1224/1
f 533/70/1 1517/96/1 3322/1226/1 3320/1223/1
f 1517/96/1 2762/567/1 3322/1226/1
f 2792/1235/1 4344/1222/1 3321/1225/1 1057/1236/1
f 4162/620/1 2300/570/1 4344/1222/1 2792/1235/1
f 2300/570/1 533/70/1 3320/1223/1 4344/1222/1
f 2018/590/1 3319/2515/1 2020/591/1
f 1057/1236/1 3321/1225/1 3319/2515/1 2018/590/1
f 3321/1225/1 1330/1224/1 3319/2515/1
f 3316/1213/1 4345/694/1 3318/1218/1 1329/1214/1
f 1060/1152/1 2797/600/1 4345/694/1 3316/1213/1
f 2797/600/1 334/599/1 2795/1216/1 4345/694/1
f 1968/2516/1 4346/1212/1 3317/1215/1 999/1179/1
f 303/620/1 2022/1200/1 4346/1212/1 1968/2516/1
f 2022/1200/1 1060/1152/1 3316/1213/1 4346/1212/1
f 2743/1180/1 4347/1208/1 1516/1211/1 50/957/1
f 999/1179/1 3317/1215/1 4347/1208/1 2743/1180/1
f 3317/1215/1 1329/1214/1 3315/1209/1 4347/1208/1
f 3312/1202/1 4348/1204/1 3314/1207/1 1328/1203/1
f 531/563/1 2298/1272/1 4348/1204/1 3312/1202/1
f 2298/1272/1 304/584/1 2796/1205/1 4348/1204/1
f 1514/2/1 4349/1201/1 3313/236/1 530/2195/1
f 1513/89/1 1515/91/1 4349/1201/1 1514/2/1
f 1515/91/1 531/563/1 3312/1202/1 4349/1201/1
f 2297/1295/1 4350/1198/1 2022/1200/1 303/620/1
f 530/2195/1 3313/236/1 4350/1198/1 2297/1295/1
f 3313/236/1 1328/1203/1 3311/1199/1 4350/1198/1
f 3308/1192/1 4351/1195/1 3310/1197/1 1327/1193/1
f 1000/1251/1 2744/1250/1 4351/1195/1 3308/1192/1
f 2744/1250/1 49/560/1 2761/1196/1 4351/1195/1
f 2796/1205/1 4352/1191/1 3309/1194/1 1059/1206/1
f 304/584/1 1969/583/1 4352/1191/1 2796/1205/1
f 1969/583/1 1000/1251/1 3308/1192/1 4352/1191/1
f 2021/598/1 4353/1188/1 2023/1190/1 334/599/1
f 1059/1206/1 3309/1194/1 4353/1188/1 2021/598/1
f 3309/1194/1 1327/1193/1 3307/1189/1 4353/1188/1
f 3304/1182/1 4354/1184/1 3306/1187/1 1326/163/1
f 1063/608/1 4354/1184/1 3304/1182/1
f 1063/608/1 335/607/1 2798/1185/1 4354/1184/1
f 1966/2019/1 4355/1181/1 3305/1183/1 996/2517/1
f 300/1173/1 4355/1181/1 1966/2019/1
f 300/1173/1 1063/1172/1 3304/1182/1 4355/1181/1
f 2741/1296/1 4356/1177/1 2743/1180/1 50/957/1
f 996/2517/1 3305/1183/1 4356/1177/1 2741/1296/1
f 3305/1183/1 1326/163/1 3303/1178/1 4356/1177/1
f 3302/1174/1 3300/1176/1 1325/2518/1
f 1989/2519/1 2732/2520/1 2799/1175/1 3302/1174/1
f 1511/2031/1 3302/2521/1 1325/1303/1
f 2760/2522/1 3302/2521/1 1511/2031/1
f 2760/2522/1 1989/2496/1 3302/2521/1
f 2295/568/1 3301/2523/1 300/584/1
f 1325/2524/1 3301/2523/1 2295/568/1
f 2799/1175/1 3299/2525/1 3300/2526/1
f 2732/2527/1 3299/2525/1 2799/1175/1
f 2024/606/1 3298/2528/1 335/607/1
f 3300/2529/1 3298/2528/1 2024/606/1
f 3295/1158/1 4357/1161/1 3297/1164/1 1324/1159/1
f 1067/1144/1 2802/531/1 4357/1161/1 3295/1158/1
f 2802/531/1 336/614/1 2800/1162/1 4357/1161/1
f 1965/2063/1 4358/1157/1 3296/1160/1 995/103/1
f 299/620/1 2026/1145/1 4358/1157/1 1965/2063/1
f 2026/1145/1 1067/1144/1 3295/1158/1 4358/1157/1
f 2740/85/1 4359/1154/1 1512/1156/1 51/86/1
f 995/103/1 3296/1160/1 4359/1154/1 2740/85/1
f 3296/1160/1 1324/1159/1 3294/1155/1 4359/1154/1
f 3291/1147/1 4360/1150/1 3293/1153/1 1323/1148/1
f 1325/1303/1 2295/568/1 4360/1150/1 3291/1147/1
f 2295/568/1 300/584/1 2801/1151/1 4360/1150/1
f 1510/117/1 4361/1146/1 3292/1149/1 528/1110/1
f 2760/2512/1 1511/2031/1 4361/1146/1 1510/117/1
f 1511/2031/1 1325/1303/1 3291/1147/1 4361/1146/1
f 2294/111/1 4362/1142/1 2026/1145/1 299/620/1
f 528/1110/1 3292/1149/1 4362/1142/1 2294/111/1
f 3292/1149/1 1323/1148/1 3290/1143/1 4362/1142/1
f 3287/1136/1 4363/1138/1 3289/1141/1 1322/945/1
f 996/2517/1 2741/1296/1 4363/1138/1 3287/1136/1
f 2741/1296/1 50/957/1 2759/1139/1 4363/1138/1
f 2801/1151/1 4364/1135/1 3288/1137/1 1066/1152/1
f 300/584/1 1966/2019/1 4364/1135/1 2801/1151/1
f 1966/2019/1 996/2517/1 3287/1136/1 4364/1135/1
f 2025/613/1 4365/1131/1 2027/1134/1 336/614/1
f 1066/1152/1 3288/1137/1 4365/1131/1 2025/613/1
f 3288/1137/1 1322/945/1 3286/1132/1 4365/1131/1
f 1071/1114/1 2805/618/1 4366/1127/1 3284/2530/1
f 2805/618/1 337/617/1 2803/1128/1 4366/1127/1
f 2030/2531/1 1071/2052/1 3284/1155/1 993/2532/1
f 993/2532/1 3284/1155/1 4367/1123/1 2738/2533/1
f 3284/1155/1 4366/2534/1 3285/1124/1 4367/1123/1
f 3281/1117/1 4368/1119/1 3283/1122/1 1321/663/1
f 994/100/1 1964/571/1 4368/1119/1 3281/1117/1
f 1964/571/1 2019/26/1 2804/1120/1 4368/1119/1
f 1509/2535/1 4369/1116/1 3282/1118/1 526/2536/1
f 52/2193/1 2739/1179/1 4369/1116/1 1509/2535/1
f 2739/1179/1 994/100/1 3281/1117/1 4369/1116/1
f 526/2536/1 3282/1118/1 4370/1112/1 2292/1133/1
f 3282/1118/1 1321/663/1 3280/1113/1 4370/1112/1
f 3277/1106/1 4371/1109/1 3279/1111/1 1320/1107/1
f 527/563/1 4341/94/1 4371/1109/1 3277/1106/1
f 4341/94/1 2760/2512/1 1510/117/1 4371/1109/1
f 2804/1120/1 4372/1105/1 3278/1108/1 1070/1121/1
f 2019/26/1 2293/2024/1 4372/1105/1 2804/1120/1
f 2293/2024/1 527/563/1 3277/1106/1 4372/1105/1
f 2029/616/1 4373/1101/1 2031/1104/1 337/617/1
f 1070/1121/1 3278/1108/1 4373/1101/1 2029/616/1
f 3278/1108/1 1320/1107/1 3276/1102/1 4373/1101/1
f 3275/647/1 2239/2537/1 473/670/1
f 3275/647/1 2064/688/1 2239/2537/1
f 2064/688/1 355/229/1 2239/2537/1
f 3273/687/1 3275/647/1 473/670/1
f 3273/687/1 3274/956/1 3275/647/1
f 3274/956/1 1109/636/1 3275/647/1
f 1458/26/1 1454/752/1 16/28/1
f 1458/26/1 3273/687/1 1454/752/1
f 3273/687/1 473/670/1 1454/752/1
f 3272/955/1 2066/628/1 1111/949/1
f 3272/955/1 2065/954/1 2066/628/1
f 2065/954/1 359/626/1 2066/628/1
f 3270/133/1 3272/955/1 1111/949/1
f 3270/133/1 3271/36/1 3272/955/1
f 3271/36/1 1110/953/1 3272/955/1
f 2064/688/1 2844/814/1 355/229/1
f 2064/688/1 3270/133/1 2844/814/1
f 3270/133/1 1111/949/1 2844/814/1
f 3269/952/1 2829/521/1 1096/815/1
f 3269/952/1 1460/951/1 2829/521/1
f 1460/951/1 10/41/1 2829/521/1
f 3267/220/1 3269/952/1 1096/815/1
f 3267/220/1 3268/950/1 3269/952/1
f 3268/950/1 477/158/1 3269/952/1
f 2844/814/1 2051/2538/1 355/229/1
f 2844/814/1 3267/220/1 2051/2538/1
f 3267/220/1 1096/815/1 2051/2538/1
f 1458/2539/1 16/754/1 1459/750/1
f 3266/948/1 1458/2539/1 1459/750/1
f 3266/948/1 3265/947/1 1458/2539/1
f 3263/942/1 4374/944/1 3264/946/1 4376/777/1
f 1114/915/1 2847/634/1 4374/944/1 3263/942/1
f 2847/634/1 367/633/1 2845/945/1 4374/944/1
f 357/1969/1 2071/936/1 4375/941/1 2053/2540/1
f 2071/936/1 1114/915/1 3263/942/1 4375/941/1
f 3260/928/1 4377/724/1 3262/940/1 1319/164/1
f 1098/636/1 2054/688/1 4377/724/1 3260/928/1
f 2054/688/1 358/229/1 2846/932/1 4377/724/1
f 1456/2541/1 4378/937/1 3261/938/1 475/1271/1
f 12/622/1 2832/623/1 4378/937/1 1456/2541/1
f 2832/623/1 1098/636/1 3260/928/1 4378/937/1
f 2241/915/1 4379/935/1 2071/936/1 357/1969/1
f 475/1271/1 3261/938/1 4379/935/1 2241/915/1
f 3261/938/1 1319/164/1 3259/833/1 4379/935/1
f 3256/931/1 4380/933/1 3258/934/1 1318/932/1
f 476/672/1 1457/528/1 4380/933/1 3256/931/1
f 1457/528/1 13/624/1 1449/672/1 4380/933/1
f 2846/932/1 4381/930/1 3257/160/1 1113/939/1
f 358/229/1 2242/2542/1 4381/930/1 2846/932/1
f 2242/2542/1 476/672/1 3256/931/1 4381/930/1
f 2070/164/1 4382/927/1 2072/726/1 367/633/1
f 1113/939/1 3257/160/1 4382/927/1 2070/164/1
f 3257/160/1 1318/932/1 3255/928/1 4382/927/1
f 3252/921/1 4383/924/1 3254/725/1 1317/922/1
f 1118/909/1 2851/642/1 4383/924/1 3252/921/1
f 2851/642/1 368/641/1 2849/925/1 4383/924/1
f 2044/636/1 4384/920/1 3253/923/1 1087/814/1
f 349/624/1 2074/910/1 4384/920/1 2044/636/1
f 2074/910/1 1118/909/1 3252/921/1 4384/920/1
f 2822/815/1 4385/917/1 1455/919/1 1089/957/1
f 1087/814/1 3253/923/1 4385/917/1 2822/815/1
f 3253/923/1 1317/922/1 2240/918/1 4385/917/1
f 3249/912/1 4386/841/1 3251/916/1 1316/669/1
f 473/670/1 2239/2537/1 4386/841/1 3249/912/1
f 2239/2537/1 355/229/1 2850/914/1 4386/841/1
f 1447/29/1 4387/911/1 3250/913/1 466/671/1
f 16/28/1 1454/752/1 4387/911/1 1447/29/1
f 1454/752/1 473/670/1 3249/912/1 4387/911/1
f 2234/102/1 4388/908/1 2074/910/1 349/624/1
f 466/671/1 3250/913/1 4388/908/1 2234/102/1
f 3250/913/1 1316/669/1 3248/823/1 4388/908/1
f 3246/901/1 4389/904/1 2062/907/1 1315/902/1
f 1096/815/1 2829/521/1 4389/904/1 3246/901/1
f 2829/521/1 10/41/1 2840/905/1 4389/904/1
f 2850/914/1 4390/900/1 3247/903/1 1117/915/1
f 355/229/1 2051/2538/1 4390/900/1 2850/914/1
f 2051/2538/1 1096/815/1 3246/901/1 4390/900/1
f 2073/640/1 4391/896/1 2075/899/1 368/641/1
f 1117/915/1 3247/903/1 4391/896/1 2073/640/1
f 3247/903/1 1315/902/1 3245/897/1 4391/896/1
f 2854/646/1 369/521/1 2852/249/1 4392/2543/1
f 2050/2544/1 1122/892/1 3244/895/1 1095/996/1
f 4396/999/1 3239/166/1 1122/892/1 2050/2544/1
f 3244/895/1 4392/894/1 3243/2545/1 4393/2546/1
f 3240/886/1 4394/889/1 3242/891/1 1314/887/1
f 1099/1398/1 2055/133/1 4394/889/1 3240/886/1
f 2055/133/1 2067/229/1 2853/634/1 4394/889/1
f 1453/2547/1 4395/885/1 3241/888/1 472/2548/1
f 9/39/1 2828/654/1 4395/885/1 1453/2547/1
f 2828/654/1 1099/1398/1 3240/886/1 4395/885/1
f 3241/888/1 1314/887/1 3239/2549/1 4396/2550/1
f 3236/881/1 4397/884/1 3238/217/1 1313/882/1
f 3265/337/1 3266/128/1 4397/884/1 3236/881/1
f 3266/128/1 1459/129/1 1443/30/1 4397/884/1
f 2853/634/1 4398/880/1 3237/883/1 1121/890/1
f 2067/229/1 2068/532/1 4398/880/1 2853/634/1
f 2068/532/1 3265/337/1 3236/881/1 4398/880/1
f 2076/520/1 4399/876/1 2077/879/1 369/521/1
f 1121/890/1 3237/883/1 4399/876/1 2076/520/1
f 3237/883/1 1313/882/1 3235/877/1 4399/876/1
f 3232/872/1 4400/874/1 3234/875/1 1312/873/1
f 1126/38/1 2858/655/1 4400/874/1 3232/872/1
f 2858/655/1 370/654/1 2856/166/1 4400/874/1
f 2037/36/1 4401/159/1 3233/244/1 1079/628/1
f 341/624/1 2080/861/1 4401/159/1 2037/36/1
f 2080/861/1 1126/38/1 3232/872/1 4401/159/1
f 2813/999/1 4402/868/1 1452/871/1 2817/21/1
f 1079/628/1 3233/244/1 4402/868/1 2813/999/1
f 3233/244/1 1312/873/1 3231/869/1 4402/868/1
f 3228/862/1 4403/865/1 3230/867/1 1311/863/1
f 470/70/1 2237/227/1 4403/865/1 3228/862/1
f 2237/227/1 353/229/1 2857/866/1 4403/865/1
f 1438/2551/1 4404/240/1 3229/864/1 458/753/1
f 19/73/1 1451/2/1 4404/240/1 1438/2551/1
f 1451/2/1 470/70/1 3228/862/1 4404/240/1
f 2228/337/1 4405/218/1 2080/861/1 341/624/1
f 458/753/1 3229/864/1 4405/218/1 2228/337/1
f 3229/864/1 1311/863/1 3227/860/1 4405/218/1
f 3224/853/1 4406/856/1 3226/859/1 1310/854/1
f 1093/158/1 2826/299/1 4406/856/1 3224/853/1
f 2826/299/1 8/81/1 2838/857/1 4406/856/1
f 2857/866/1 4407/852/1 3225/855/1 1125/132/1
f 353/229/1 2048/220/1 4407/852/1 2857/866/1
f 2048/220/1 1093/158/1 3224/853/1 4407/852/1
f 2079/653/1 4408/848/1 2081/851/1 370/654/1
f 1125/132/1 3225/855/1 4408/848/1 2079/653/1
f 3225/855/1 1310/854/1 3223/849/1 4408/848/1
f 3220/842/1 4409/845/1 3222/847/1 1309/843/1
f 1130/829/1 2862/665/1 4409/845/1 3220/842/1
f 2862/665/1 371/664/1 2860/774/1 4409/845/1
f 3210/528/1 4410/841/1 3221/844/1 467/647/1
f 350/229/1 2083/830/1 4410/841/1 3210/528/1
f 2083/830/1 1130/829/1 3220/842/1 4410/841/1
f 1448/1445/1 4411/838/1 1450/840/1 14/330/1
f 467/647/1 3221/844/1 4411/838/1 1448/1445/1
f 3221/844/1 1309/843/1 3219/839/1 4411/838/1
f 3216/199/1 4412/834/1 3218/837/1 1308/832/1
f 1091/814/1 2046/813/1 4412/834/1 3216/199/1
f 2046/813/1 351/637/1 2861/835/1 4412/834/1
f 3209/133/1 4413/831/1 3217/833/1 1090/1969/1
f 11/37/1 2824/36/1 4413/831/1 3209/133/1
f 2824/36/1 1091/814/1 3216/199/1 4413/831/1
f 2045/1970/1 4414/827/1 2083/830/1 350/229/1
f 1090/1969/1 3217/833/1 4414/827/1 2045/1970/1
f 3217/833/1 1308/832/1 3215/828/1 4414/827/1
f 3212/772/1 4415/824/1 3214/826/1 1307/822/1
f 468/229/1 1449/672/1 4415/824/1 3212/772/1
f 1449/672/1 13/624/1 2837/820/1 4415/824/1
f 2861/835/1 4416/821/1 3213/823/1 1129/836/1
f 351/637/1 2235/636/1 4416/821/1 2861/835/1
f 2235/636/1 468/229/1 3212/772/1 4416/821/1
f 2082/663/1 4417/818/1 2084/531/1 371/664/1
f 1129/836/1 3213/823/1 4417/818/1 2082/663/1
f 3213/823/1 1307/822/1 3211/819/1 4417/818/1
f 350/668/5 3210/229/5 467/624/5
f 350/668/5 2085/817/5 3210/229/5
f 467/670/12 1448/816/12 14/330/12
f 467/670/5 3210/102/5 1448/816/5
f 1088/636/1 2045/986/1 350/637/1
f 1088/636/1 2823/813/1 2045/986/1
f 3205/808/1 4418/809/1 3207/812/1 1306/539/1
f 1134/801/1 2866/680/1 4418/809/1 3205/808/1
f 2866/680/1 372/679/1 2864/810/1 4418/809/1
f 2042/2552/1 4419/807/1 3206/787/1 1084/111/1
f 347/30/1 2088/789/1 4419/807/1 2042/2552/1
f 2088/789/1 1134/801/1 3205/808/1 4419/807/1
f 3206/787/1 1306/539/1 3204/2553/1 4420/2554/1
f 3201/803/1 4421/804/1 3203/806/1 1305/763/1
f 349/988/1 1087/675/1 4421/804/1 3201/803/1
f 1087/675/1 3208/26/1 2865/805/1 4421/804/1
f 1445/2555/1 4422/802/1 3202/761/1 464/128/1
f 16/28/1 466/30/1 4422/802/1 1445/2555/1
f 466/30/1 349/988/1 3201/803/1 4422/802/1
f 2232/2556/1 4423/799/1 2088/789/1 347/30/1
f 464/128/1 3202/761/1 4423/799/1 2232/2556/1
f 3202/761/1 1305/763/1 3200/800/1 4423/799/1
f 3197/795/1 4424/797/1 3199/798/1 1304/682/1
f 1085/671/1 467/670/1 4424/797/1 3197/795/1
f 467/670/1 14/330/1 2821/687/1 4424/797/1
f 2865/805/1 4425/794/1 3198/796/1 1133/27/1
f 3208/26/1 1088/337/1 4425/794/1 2865/805/1
f 1088/337/1 1085/671/1 3197/795/1 4425/794/1
f 2087/678/1 4426/760/1 2089/793/1 372/679/1
f 1133/27/1 3198/796/1 4426/760/1 2087/678/1
f 3198/796/1 1304/682/1 3196/786/1 4426/760/1
f 3194/786/1 4427/788/1 2090/791/1 1303/162/1
f 1138/773/1 2870/686/1 4427/788/1 3194/786/1
f 2870/686/1 373/685/1 2868/789/1 4427/788/1
f 3186/757/1 4428/785/1 3195/787/1 461/29/1
f 344/229/1 2092/774/1 4428/785/1 3186/757/1
f 2092/774/1 1138/773/1 3194/786/1 4428/785/1
f 1442/754/1 4429/782/1 1444/537/1 17/2557/1
f 461/29/1 3195/787/1 4429/782/1 1442/754/1
f 3195/787/1 1303/162/1 3193/783/1 4429/782/1
f 3190/776/1 4430/779/1 3192/781/1 1302/777/1
f 1082/628/1 2041/815/1 4430/779/1 3190/776/1
f 2041/815/1 345/622/1 2869/780/1 4430/779/1
f 2818/2444/1 4431/775/1 3191/778/1 3185/952/1
f 1441/33/1 2819/32/1 4431/775/1 2818/2444/1
f 2819/32/1 1082/628/1 3190/776/1 4431/775/1
f 2040/641/1 4432/771/1 2092/774/1 344/229/1
f 3185/952/1 3191/778/1 4432/771/1 2040/641/1
f 3191/778/1 1302/777/1 3189/772/1 4432/771/1
f 3187/765/1 4433/767/1 2058/770/1 1301/680/1
f 462/671/1 1443/30/1 4433/767/1 3187/765/1
f 1443/30/1 1459/129/1 2835/768/1 4433/767/1
f 2869/780/1 4434/764/1 3188/766/1 1137/223/1
f 345/622/1 2231/647/1 4434/764/1 2869/780/1
f 2231/647/1 462/671/1 3187/765/1 4434/764/1
f 2091/684/1 4435/760/1 2093/763/1 373/685/1
f 1137/223/1 3188/766/1 4435/760/1 2091/684/1
f 3188/766/1 1301/680/1 2871/761/1 4435/760/1
f 3184/759/1 2230/2558/1 460/2559/1
f 3184/759/1 2094/343/1 2230/2558/1
f 2094/343/1 343/1864/1 2230/2558/1
f 3182/758/1 3184/759/1 460/2559/1
f 3182/758/1 3183/111/1 3184/759/1
f 3183/111/1 1139/755/1 3184/759/1
f 1439/18/1 1440/2560/1 18/19/1
f 1439/18/1 3182/758/1 1440/2560/1
f 3182/758/1 460/2559/1 1440/2560/1
f 3181/102/1 2096/532/1 1141/29/1
f 3181/102/1 2095/623/1 2096/532/1
f 2095/623/1 344/622/1 2096/532/1
f 3179/756/1 3181/102/1 1141/29/1
f 3179/756/1 3180/757/1 3181/102/1
f 3180/757/1 1140/636/1 3181/102/1
f 2094/343/1 2874/751/1 343/1864/1
f 2094/343/1 3179/756/1 2874/751/1
f 3179/756/1 1141/29/1 2874/751/1
f 3178/754/1 2816/2/1 1081/2551/1
f 3178/754/1 1442/753/1 2816/2/1
f 1442/753/1 17/2557/1 2816/2/1
f 3176/750/1 3178/754/1 1081/2551/1
f 3176/750/1 3177/752/1 3178/754/1
f 3177/752/1 461/26/1 3178/754/1
f 2874/751/1 2039/2561/1 343/1864/1
f 2874/751/1 3176/750/1 2039/2561/1
f 3176/750/1 1081/2551/1 2039/2561/1
f 3174/2562/1 4436/746/1 3175/749/1 1300/2563/1
f 1144/537/1 2877/693/1 4436/746/1 3174/2562/1
f 2877/693/1 374/692/1 2875/747/1 4436/746/1
f 2099/733/1 1144/537/1 3174/2562/1 4437/2564/1
f 4437/2453/1 3174/2565/1 1300/742/1 2812/2566/1
f 3171/735/1 4438/738/1 3173/741/1 1299/736/1
f 458/753/1 2228/337/1 4438/738/1 3171/735/1
f 2228/337/1 341/624/1 2876/739/1 4438/738/1
f 1437/2567/1 4439/734/1 3172/737/1 457/2568/1
f 19/73/1 1438/2551/1 4439/734/1 1437/2567/1
f 1438/2551/1 458/753/1 3171/735/1 4439/734/1
f 2227/2452/1 4440/731/1 2099/733/1 340/2569/1
f 457/2568/1 3172/737/1 4440/731/1 2227/2452/1
f 3172/737/1 1299/736/1 3170/732/1 4440/731/1
f 3167/725/1 4441/728/1 3169/730/1 1298/726/1
f 1079/628/1 2813/999/1 4441/728/1 3167/725/1
f 2813/999/1 2817/21/1 2814/23/1 4441/728/1
f 2876/739/1 4442/724/1 3168/727/1 1143/740/1
f 341/624/1 2037/36/1 4442/724/1 2876/739/1
f 2037/36/1 1079/628/1 3167/725/1 4442/724/1
f 2098/691/1 4443/720/1 2100/723/1 374/692/1
f 1143/740/1 3168/727/1 4443/720/1 2098/691/1
f 3168/727/1 1298/726/1 3166/721/1 4443/720/1
f 3164/1094/1 4444/1097/1 4134/1100/1 1297/1095/1
f 1156/1042/1 387/2570/1 4444/1097/1 3164/1094/1
f 387/2136/1 2890/1098/1 4444/1097/1
f 2106/710/1 4445/1093/1 3165/1096/1 1150/2571/1
f 382/2572/1 1156/2573/1 4445/1093/1 2106/710/1
f 1156/1042/1 3164/1094/1 4445/1093/1
f 2885/2574/1 2215/1089/1 1422/1092/1 4/2575/1
f 1150/2571/1 3165/1096/1 2215/1089/1 2885/2574/1
f 3165/1096/1 1297/1095/1 384/1090/1 2215/1089/1
f 3161/1083/1 2891/2576/1 3163/1084/1
f 448/2577/1 2214/715/1 2891/2576/1 3161/1083/1
f 2214/715/1 383/710/1 2891/2576/1
f 1420/2578/1 3161/2579/1 3162/6/1
f 7/73/1 1421/2580/1 3161/2579/1 1420/2578/1
f 1421/2580/1 448/2577/1 3161/2579/1
f 2213/2581/1 3160/2582/1 1156/2573/1 382/2572/1
f 3162/1085/1 3160/2582/1 2213/2581/1
f 3162/1085/1 3163/1084/1 3160/2582/1
f 3158/2583/1 2889/1949/1 1154/2584/1 3159/2585/1
f 1151/2586/1 2886/2094/1 2889/1949/1 3158/2583/1
f 2886/2094/1 3/2587/1 2889/1949/1
f 2891/1086/1 3158/2588/1 3159/1087/1
f 383/710/1 2107/2589/1 3158/2588/1 2891/1086/1
f 2107/2589/1 1151/2586/1 3158/2588/1
f 2113/2590/1 3157/2591/1 1157/93/1 387/2136/1
f 3159/2592/1 3157/2591/1 2113/2590/1
f 3154/1077/1 4446/1080/1 3156/1082/1 1296/1078/1
f 1160/1067/1 2894/707/1 4446/1080/1 3154/1077/1
f 2894/707/1 388/706/1 2892/1081/1 4446/1080/1
f 381/2593/1 2116/1068/1 4447/1076/1 2105/2594/1
f 2116/1068/1 1160/1067/1 3154/1077/1 4447/1076/1
f 3155/2595/1 1296/2596/1 3153/2597/1 376/2578/1
f 3150/1070/1 4448/1072/1 3152/1075/1 1295/701/1
f 3162/6/1 2213/2581/1 4448/1072/1 3150/1070/1
f 2213/2581/1 382/2572/1 2893/1073/1 4448/1072/1
f 1419/2598/1 4449/1069/1 3151/1071/1 447/2599/1
f 7/73/1 1420/2578/1 4449/1069/1 1419/2598/1
f 1420/2578/1 3162/6/1 3150/1070/1 4449/1069/1
f 2212/2600/1 4450/1065/1 2116/1068/1 381/2593/1
f 447/2599/1 3151/1071/1 4450/1065/1 2212/2600/1
f 3151/1071/1 1295/701/1 3149/1066/1 4450/1065/1
f 3146/1058/1 4451/1061/1 3148/1064/1 1294/1059/1
f 1150/2571/1 2885/2574/1 4451/1061/1 3146/1058/1
f 2885/2574/1 4/2575/1 2884/1062/1 4451/1061/1
f 2893/1073/1 4452/1057/1 3147/1060/1 1159/1074/1
f 382/2572/1 2106/710/1 4452/1057/1 2893/1073/1
f 2106/710/1 1150/2571/1 3146/1058/1 4452/1057/1
f 2115/705/1 4453/1053/1 2117/1056/1 388/706/1
f 1159/1074/1 3147/1060/1 4453/1053/1 2115/705/1
f 3147/1060/1 1294/1059/1 3145/1054/1 4453/1053/1
f 1163/2601/1 389/235/1 4454/1048/1
f 389/2128/1 4128/1051/1 4454/237/1
f 2898/2572/1 1163/2602/1 4455/2122/1
f 1163/2601/1 4454/1048/1 4455/1047/1
f 2882/1014/1 3143/2603/1 5/2571/1
f 1147/1050/1 3143/2603/1 2882/1014/1
f 1147/1050/1 3144/1049/1 3143/2603/1
f 3140/1038/1 4456/238/1 3142/1043/1 1293/1039/1
f 446/2109/1 2210/2/1 4456/238/1 3140/1038/1
f 2210/2/1 380/710/1 2896/1041/1 4456/238/1
f 4462/2604/1 4457/1037/1 3141/1040/1 444/2581/1
f 1416/6/1 1418/5/1 4457/1037/1 4462/2604/1
f 1418/5/1 446/2109/1 3140/1038/1 4457/1037/1
f 2208/2109/1 3139/2605/1 1163/2602/1 2898/2572/1
f 444/2581/1 3141/1040/1 3139/2605/1 2208/2109/1
f 3141/1040/1 1293/1039/1 3139/2605/1
f 3136/1030/1 4458/1033/1 3138/1036/1 1292/1031/1
f 1149/1063/1 2884/1062/1 4458/1033/1 3136/1030/1
f 2884/1062/1 4/1034/1 4458/1033/1
f 2896/1041/1 4459/1029/1 3137/1032/1 1162/1042/1
f 380/710/1 2103/709/1 4459/1029/1 2896/1041/1
f 2103/709/1 1149/1063/1 3136/1030/1 4459/1029/1
f 2118/2606/1 3135/2607/1 1164/2129/1 389/2128/1
f 1162/1042/1 3137/1032/1 3135/2607/1 2118/2606/1
f 3137/1032/1 1292/1031/1 3135/2607/1
f 1165/1025/1 2899/1026/1 4578/1028/1 3134/239/1
f 2899/716/1 2120/715/1 2897/1073/1
f 4463/2608/1 1165/1025/1 4460/1024/1
f 4460/1085/1 3134/1083/1 4461/2609/1
f 444/1020/1 2208/1022/1 3133/1023/1 1291/1021/1
f 1416/2610/1 4462/2611/1 4463/1016/1 378/2612/1
f 4462/2611/1 1291/1017/1 4463/1016/1
f 3131/1012/1 4464/1013/1 3132/1015/1 1290/719/1
f 1147/710/1 2882/1014/1 4464/1013/1 3131/1012/1
f 2882/1014/1 5/2571/1 2883/709/1 4464/1013/1
f 2898/2572/1 4455/2122/1 4465/1011/1
f 4455/2122/1 1147/710/1 3131/1012/1 4465/1011/1
f 2898/3/1 4465/2123/1 4466/1008/1 2120/2613/1
f 4465/2123/1 1290/719/1 3130/1009/1 4466/1008/1
f 3127/787/1 4467/1006/1 3129/1007/1 1289/93/1
f 1261/722/1 2989/696/1 4467/1006/1 3127/787/1
f 2989/696/1 409/229/1 2903/687/1 4467/1006/1
f 2986/747/1 4468/1004/1 3128/1005/1 1258/748/1
f 443/692/1 2207/723/1 4468/1004/1 2986/747/1
f 2207/723/1 1261/722/1 3127/787/1 4468/1004/1
f 2204/2147/1 4469/1000/1 2947/1003/1 429/2148/1
f 1258/748/1 3128/1005/1 4469/1000/1 2204/2147/1
f 3128/1005/1 1289/93/1 3126/1001/1 4469/1000/1
f 3125/220/1 2202/623/1 1256/636/1
f 3125/220/1 2154/949/1 2202/623/1
f 2154/949/1 411/622/1 2202/623/1
f 3123/815/1 3125/220/1 1256/636/1
f 3123/815/1 3124/654/1 3125/220/1
f 3124/654/1 1194/41/1 3125/220/1
f 2152/695/1 2984/688/1 409/229/1
f 2152/695/1 3123/815/1 2984/688/1
f 3123/815/1 1256/636/1 2984/688/1
f 2980/789/1 4471/2068/1 2156/1976/1 1252/790/1
f 442/685/1 2200/763/1 4471/2068/1 2980/789/1
f 2200/763/1 4470/762/1 2924/2069/1 4471/2068/1
f 1252/790/1 2156/1976/1 1199/2065/1 2930/693/1
f 3120/993/1 4472/995/1 3122/796/1 1288/793/1
f 1251/792/1 2979/682/1 4472/995/1 3120/993/1
f 2979/682/1 416/671/1 2129/947/1 4472/995/1
f 2976/810/1 4473/992/1 3121/994/1 1248/811/1
f 441/679/1 2197/793/1 4473/992/1 2976/810/1
f 2197/793/1 1251/792/1 3120/993/1 4473/992/1
f 2194/674/1 4474/990/1 2949/811/1 431/675/1
f 1248/811/1 3121/994/1 4474/990/1 2194/674/1
f 3121/994/1 1288/793/1 3119/991/1 4474/990/1
f 1203/675/1 2933/671/1 415/26/1
f 1205/625/1 2934/987/1 2935/2064/1
f 2934/987/1 2911/953/1 2935/2064/1
f 1247/820/1 2145/669/1 4475/2149/1 3118/445/1
f 2972/774/1 4476/982/1 3117/984/1 1244/846/1
f 440/664/1 2193/531/1 4476/982/1 2972/774/1
f 2193/531/1 1247/820/1 3118/445/1 4476/982/1
f 1244/846/1 3117/984/1 1207/2150/1 2937/660/1
f 3114/980/1 1189/2152/1 3116/2153/1 1287/510/1
f 1243/850/1 2971/659/1 1189/2152/1 3114/980/1
f 2971/659/1 433/658/1 2146/2154/1 1189/2152/1
f 2968/166/1 4477/979/1 3115/981/1 1240/518/1
f 439/654/1 2190/851/1 4477/979/1 2968/166/1
f 2190/851/1 1243/850/1 3114/980/1 4477/979/1
f 2187/649/1 1209/2155/1 2939/2156/1 422/650/1
f 1240/518/1 3115/981/1 1209/2155/1 2187/649/1
f 3115/981/1 1287/510/1 2161/2157/1 1209/2155/1
f 3111/974/1 4478/977/1 3113/978/1 1286/975/1
f 1239/878/1 2967/640/1 4478/977/1 3111/974/1
f 2967/640/1 412/622/1 2155/815/1 4478/977/1
f 2964/249/1 4479/973/1 3112/976/1 1236/1465/1
f 438/521/1 2186/879/1 4479/973/1 2964/249/1
f 2186/879/1 1239/878/1 3111/974/1 4479/973/1
f 3112/976/1 1286/975/1 3110/2158/1 4480/2159/1
f 1235/898/1 2148/2160/1 1191/2161/1 3109/970/1
f 2961/925/1 4481/969/1 2163/972/1 1232/926/1
f 437/641/1 2184/899/1 4481/969/1 2961/925/1
f 2184/899/1 1235/898/1 3109/970/1 4481/969/1
f 1232/926/1 2163/972/1 1212/2162/1 2943/655/1
f 3106/965/1 4482/968/1 3108/921/1 1285/966/1
f 1231/929/1 2960/638/1 4482/968/1 3106/965/1
f 2960/638/1 419/637/1 2159/813/1 4482/968/1
f 2957/945/1 4483/964/1 3107/967/1 1228/224/1
f 436/633/1 2181/726/1 4483/964/1 2957/945/1
f 2181/726/1 1231/929/1 3106/965/1 4483/964/1
f 2178/630/1 4484/961/1 2953/963/1 435/36/1
f 1228/224/1 3107/967/1 4484/961/1 2178/630/1
f 3107/967/1 1285/966/1 3105/962/1 4484/961/1
f 3103/960/1 2175/954/1 1226/953/1
f 3103/960/1 2946/959/1 2175/954/1
f 2946/959/1 428/626/1 2175/954/1
f 3101/958/1 3103/960/1 1226/953/1
f 3101/958/1 3102/654/1 3103/960/1
f 3102/654/1 1216/32/1 3103/960/1
f 3104/37/1 2955/625/1 427/622/1
f 3104/37/1 3101/958/1 2955/625/1
f 3101/958/1 1226/953/1 2955/625/1
f 3100/647/1 2917/2537/1 1182/670/1
f 3100/647/1 2174/688/1 2917/2537/1
f 2174/688/1 423/229/1 2917/2537/1
f 3098/687/1 3100/647/1 1182/670/1
f 3098/687/1 3099/956/1 3100/647/1
f 3099/956/1 1225/636/1 3100/647/1
f 2141/26/1 2137/752/1 399/28/1
f 2141/26/1 3098/687/1 2137/752/1
f 3098/687/1 1182/670/1 2137/752/1
f 3097/955/1 2176/628/1 1227/949/1
f 3097/955/1 2175/954/1 2176/628/1
f 2175/954/1 428/626/1 2176/628/1
f 3095/133/1 3097/955/1 1227/949/1
f 3095/133/1 3096/36/1 3097/955/1
f 3096/36/1 1226/953/1 3097/955/1
f 2174/688/1 2956/814/1 423/229/1
f 2174/688/1 3095/133/1 2956/814/1
f 3095/133/1 1227/949/1 2956/814/1
f 3094/952/1 2942/521/1 1211/815/1
f 3094/952/1 2922/951/1 2942/521/1
f 2922/951/1 393/41/1 2942/521/1
f 3092/220/1 3094/952/1 1211/815/1
f 3092/220/1 3093/950/1 3094/952/1
f 3093/950/1 1187/158/1 3094/952/1
f 2956/814/1 2162/2538/1 423/229/1
f 2956/814/1 3092/220/1 2162/2538/1
f 3092/220/1 1211/815/1 2162/2538/1
f 2141/2539/1 399/754/1 2921/750/1
f 2136/948/1 2141/2539/1 2921/750/1
f 2136/948/1 1186/947/1 2141/2539/1
f 3089/942/1 4485/944/1 3091/946/1 1284/777/1
f 1230/915/1 2959/634/1 4485/944/1 3089/942/1
f 2959/634/1 436/633/1 2957/945/1 4485/944/1
f 425/1969/1 2180/936/1 1213/941/1 2944/2540/1
f 2180/936/1 1230/915/1 3089/942/1 1213/941/1
f 3090/224/1 1284/2614/1 3088/2615/1 406/814/1
f 3085/928/1 4486/724/1 3087/940/1 1283/164/1
f 1214/636/1 2945/688/1 4486/724/1 3085/928/1
f 2945/688/1 426/229/1 2958/932/1 4486/724/1
f 2919/2541/1 4487/937/1 3086/938/1 1184/1271/1
f 395/622/1 2164/623/1 4487/937/1 2919/2541/1
f 2164/623/1 1214/636/1 3085/928/1 4487/937/1
f 2139/915/1 4488/935/1 2180/936/1 425/1969/1
f 1184/1271/1 3086/938/1 4488/935/1 2139/915/1
f 3086/938/1 1283/164/1 3084/833/1 4488/935/1
f 3081/931/1 4489/933/1 3083/934/1 1282/932/1
f 1185/672/1 2920/528/1 4489/933/1 3081/931/1
f 2920/528/1 396/624/1 2132/672/1 4489/933/1
f 2958/932/1 4490/930/1 3082/160/1 1229/939/1
f 426/229/1 2140/2542/1 4490/930/1 2958/932/1
f 2140/2542/1 1185/672/1 3081/931/1 4490/930/1
f 2179/164/1 4491/927/1 2181/726/1 436/633/1
f 1229/939/1 3082/160/1 4491/927/1 2179/164/1
f 3082/160/1 1282/932/1 3080/928/1 4491/927/1
f 3077/921/1 4492/924/1 3079/725/1 1281/922/1
f 1234/909/1 2963/642/1 4492/924/1 3077/921/1
f 2963/642/1 437/641/1 2961/925/1 4492/924/1
f 2158/636/1 4493/920/1 3078/923/1 1203/814/1
f 417/624/1 2183/910/1 4493/920/1 2158/636/1
f 2183/910/1 1234/909/1 3077/921/1 4493/920/1
f 2933/815/1 4494/917/1 2918/919/1 394/957/1
f 1203/814/1 3078/923/1 4494/917/1 2933/815/1
f 3078/923/1 1281/922/1 2138/918/1 4494/917/1
f 3074/912/1 4495/841/1 3076/916/1 1280/669/1
f 1182/670/1 2917/2537/1 4495/841/1 3074/912/1
f 2917/2537/1 423/229/1 2962/914/1 4495/841/1
f 2130/29/1 4496/911/1 3075/913/1 1175/671/1
f 399/28/1 2137/752/1 4496/911/1 2130/29/1
f 2137/752/1 1182/670/1 3074/912/1 4496/911/1
f 2910/102/1 4497/908/1 2183/910/1 417/624/1
f 1175/671/1 3075/913/1 4497/908/1 2910/102/1
f 3075/913/1 1280/669/1 3073/823/1 4497/908/1
f 3071/901/1 4498/904/1 2952/907/1 1279/902/1
f 1211/815/1 2942/521/1 4498/904/1 3071/901/1
f 2942/521/1 393/41/1 2172/905/1 4498/904/1
f 2962/914/1 4499/900/1 3072/903/1 1233/915/1
f 423/229/1 2162/2538/1 4499/900/1 2962/914/1
f 2162/2538/1 1211/815/1 3071/901/1 4499/900/1
f 2182/640/1 4500/896/1 2184/899/1 437/641/1
f 1233/915/1 3072/903/1 4500/896/1 2182/640/1
f 3072/903/1 1279/902/1 3070/897/1 4500/896/1
f 2966/646/1 438/521/1 2964/249/1 4501/2543/1
f 2940/2544/1 1238/892/1 3069/895/1 1210/996/1
f 4505/999/1 3064/166/1 1238/892/1 2940/2544/1
f 3069/895/1 4501/894/1 3068/2545/1 4502/2546/1
f 3065/886/1 4503/889/1 3067/891/1 1278/887/1
f 1215/1398/1 3104/133/1 4503/889/1 3065/886/1
f 3104/133/1 427/229/1 2965/634/1 4503/889/1
f 2916/2547/1 4504/885/1 3066/888/1 1180/2548/1
f 392/39/1 2941/654/1 4504/885/1 2916/2547/1
f 2941/654/1 1215/1398/1 3065/886/1 4504/885/1
f 3066/888/1 1278/887/1 3064/2549/1 4505/2550/1
f 3061/881/1 4506/884/1 3063/217/1 1277/882/1
f 1181/337/1 2136/128/1 4506/884/1 3061/881/1
f 2136/128/1 2921/129/1 2126/30/1 4506/884/1
f 2965/634/1 4507/880/1 3062/883/1 1237/890/1
f 427/229/1 2177/532/1 4507/880/1 2965/634/1
f 2177/532/1 1181/337/1 3061/881/1 4507/880/1
f 2185/520/1 4508/876/1 2186/879/1 438/521/1
f 1237/890/1 3062/883/1 4508/876/1 2185/520/1
f 3062/883/1 1277/882/1 3060/877/1 4508/876/1
f 3057/872/1 4509/874/1 3059/875/1 1276/873/1
f 1242/38/1 2970/655/1 4509/874/1 3057/872/1
f 2970/655/1 439/654/1 2968/166/1 4509/874/1
f 2151/36/1 4510/159/1 3058/244/1 1192/628/1
f 408/624/1 2189/861/1 4510/159/1 2151/36/1
f 2189/861/1 1242/38/1 3057/872/1 4510/159/1
f 2925/999/1 4511/868/1 2915/871/1 1196/21/1
f 1192/628/1 3058/244/1 4511/868/1 2925/999/1
f 3058/244/1 1276/873/1 3056/869/1 4511/868/1
f 3053/862/1 4512/865/1 3055/867/1 1275/863/1
f 1178/70/1 2914/227/1 4512/865/1 3053/862/1
f 2914/227/1 421/229/1 2969/866/1 4512/865/1
f 2122/2551/1 4513/240/1 3054/864/1 1168/753/1
f 402/73/1 2134/2/1 4513/240/1 2122/2551/1
f 2134/2/1 1178/70/1 3053/862/1 4513/240/1
f 2902/337/1 4514/218/1 2189/861/1 408/624/1
f 1168/753/1 3054/864/1 4514/218/1 2902/337/1
f 3054/864/1 1275/863/1 3052/860/1 4514/218/1
f 3049/853/1 4515/856/1 3051/859/1 1274/854/1
f 1208/158/1 2938/299/1 4515/856/1 3049/853/1
f 2938/299/1 390/81/1 2170/857/1 4515/856/1
f 2969/866/1 4516/852/1 3050/855/1 1241/132/1
f 421/229/1 2160/220/1 4516/852/1 2969/866/1
f 2160/220/1 1208/158/1 3049/853/1 4516/852/1
f 2188/653/1 4517/848/1 2190/851/1 439/654/1
f 1241/132/1 3050/855/1 4517/848/1 2188/653/1
f 3050/855/1 1274/854/1 3048/849/1 4517/848/1
f 3045/842/1 4518/845/1 3047/847/1 1273/843/1
f 1246/829/1 2974/665/1 4518/845/1 3045/842/1
f 2974/665/1 440/664/1 2972/774/1 4518/845/1
f 3035/528/1 4519/841/1 3046/844/1 3034/647/1
f 418/229/1 2192/830/1 4519/841/1 3035/528/1
f 2192/830/1 1246/829/1 3045/842/1 4519/841/1
f 2131/1445/1 4520/838/1 2913/840/1 397/330/1
f 3034/647/1 3046/844/1 4520/838/1 2131/1445/1
f 3046/844/1 1273/843/1 3044/839/1 4520/838/1
f 3041/199/1 4521/834/1 3043/837/1 1272/832/1
f 1206/814/1 2159/813/1 4521/834/1 3041/199/1
f 2159/813/1 419/637/1 2973/835/1 4521/834/1
f 2935/133/1 4522/831/1 3042/833/1 1205/1969/1
f 2911/37/1 2936/36/1 4522/831/1 2935/133/1
f 2936/36/1 1206/814/1 3041/199/1 4522/831/1
f 2975/1970/1 4523/827/1 2192/830/1 418/229/1
f 1205/1969/1 3042/833/1 4523/827/1 2975/1970/1
f 3042/833/1 1272/832/1 3040/828/1 4523/827/1
f 3037/772/1 4524/824/1 3039/826/1 1271/822/1
f 1176/229/1 2132/672/1 4524/824/1 3037/772/1
f 2132/672/1 396/624/1 2169/820/1 4524/824/1
f 2973/835/1 4525/821/1 3038/823/1 1245/836/1
f 419/637/1 2912/636/1 4525/821/1 2973/835/1
f 2912/636/1 1176/229/1 3037/772/1 4525/821/1
f 2191/663/1 4526/818/1 2193/531/1 440/664/1
f 1245/836/1 3038/823/1 4526/818/1 2191/663/1
f 3038/823/1 1271/822/1 3036/819/1 4526/818/1
f 418/668/5 3035/229/5 3034/624/5
f 418/668/5 2975/817/5 3035/229/5
f 3035/102/1 3033/330/1 418/668/1
f 3033/330/1 1204/816/1 418/668/1
f 3034/670/5 2131/816/5 397/330/5
f 3034/670/5 3035/102/5 2131/816/5
f 2933/815/1 394/957/1 2934/949/1
f 3030/808/1 4527/809/1 3032/812/1 1270/539/1
f 1250/801/1 2978/680/1 4527/809/1 3030/808/1
f 2978/680/1 441/679/1 2976/810/1 4527/809/1
f 2931/2552/1 4528/807/1 3031/787/1 1200/111/1
f 414/30/1 2196/789/1 4528/807/1 2931/2552/1
f 2196/789/1 1250/801/1 3030/808/1 4528/807/1
f 3031/787/1 1270/539/1 3029/2553/1 4529/2554/1
f 3026/803/1 4530/804/1 3028/806/1 1269/763/1
f 417/988/1 1203/675/1 4530/804/1 3026/803/1
f 1203/675/1 415/26/1 2977/805/1 4530/804/1
f 2908/2555/1 4531/802/1 3027/761/1 1173/128/1
f 399/28/1 1175/30/1 4531/802/1 2908/2555/1
f 1175/30/1 417/988/1 3026/803/1 4531/802/1
f 2128/2556/1 4532/799/1 2196/789/1 414/30/1
f 1173/128/1 3027/761/1 4532/799/1 2128/2556/1
f 3027/761/1 1269/763/1 3025/800/1 4532/799/1
f 3022/795/1 4533/797/1 3024/798/1 1268/682/1
f 1201/671/1 3034/670/1 4533/797/1 3022/795/1
f 3034/670/1 397/330/1 2157/687/1 4533/797/1
f 2977/805/1 4534/794/1 3023/796/1 1249/27/1
f 415/26/1 1204/337/1 4534/794/1 2977/805/1
f 1204/337/1 1201/671/1 3022/795/1 4534/794/1
f 2195/678/1 4535/760/1 2197/793/1 441/679/1
f 1249/27/1 3023/796/1 4535/760/1 2195/678/1
f 3023/796/1 1268/682/1 3021/786/1 4535/760/1
f 3018/786/1 4536/788/1 3020/791/1 1267/162/1
f 1254/773/1 2982/686/1 4536/788/1 3018/786/1
f 2982/686/1 442/685/1 2980/789/1 4536/788/1
f 2904/757/1 4537/785/1 3019/787/1 3010/29/1
f 411/229/1 2199/774/1 4537/785/1 2904/757/1
f 2199/774/1 1254/773/1 3018/786/1 4537/785/1
f 2125/754/1 4538/782/1 2907/537/1 400/2557/1
f 3010/29/1 3019/787/1 4538/782/1 2125/754/1
f 3019/787/1 1267/162/1 2127/783/1 4538/782/1
f 3015/776/1 4539/779/1 3017/781/1 1266/777/1
f 1198/628/1 2155/815/1 4539/779/1 3015/776/1
f 2155/815/1 412/622/1 2981/780/1 4539/779/1
f 3009/2444/1 4540/775/1 3016/778/1 1197/952/1
f 391/33/1 2929/32/1 4540/775/1 3009/2444/1
f 2929/32/1 1198/628/1 3015/776/1 4540/775/1
f 2154/641/1 4541/771/1 2199/774/1 411/229/1
f 1197/952/1 3016/778/1 4541/771/1 2154/641/1
f 3016/778/1 1266/777/1 3014/772/1 4541/771/1
f 3012/765/1 4542/767/1 2948/770/1 1265/680/1
f 1171/671/1 2126/30/1 4542/767/1 3012/765/1
f 2126/30/1 2921/129/1 2167/768/1 4542/767/1
f 2981/780/1 4543/764/1 3013/766/1 1253/223/1
f 412/622/1 2906/647/1 4543/764/1 2981/780/1
f 2906/647/1 1171/671/1 3012/765/1 4543/764/1
f 2198/684/1 4544/760/1 2200/763/1 442/685/1
f 1253/223/1 3013/766/1 4544/760/1 2198/684/1
f 3013/766/1 1265/680/1 3011/761/1 4544/760/1
f 3008/759/1 2124/2558/1 1170/2559/1
f 3008/759/1 2201/343/1 2124/2558/1
f 2201/343/1 410/1864/1 2124/2558/1
f 3006/758/1 3008/759/1 1170/2559/1
f 3006/758/1 3007/111/1 3008/759/1
f 3007/111/1 1255/755/1 3008/759/1
f 2123/18/1 2905/2560/1 401/19/1
f 2123/18/1 3006/758/1 2905/2560/1
f 3006/758/1 1170/2559/1 2905/2560/1
f 3005/102/1 2203/532/1 1257/29/1
f 3005/102/1 2202/623/1 2203/532/1
f 2202/623/1 411/622/1 2203/532/1
f 3003/756/1 3005/102/1 1257/29/1
f 3003/756/1 3004/757/1 3005/102/1
f 3004/757/1 1256/636/1 3005/102/1
f 2201/343/1 2985/751/1 410/1864/1
f 2201/343/1 3003/756/1 2985/751/1
f 3003/756/1 1257/29/1 2985/751/1
f 3002/754/1 2153/2/1 1195/2551/1
f 3002/754/1 2125/753/1 2153/2/1
f 2125/753/1 400/2557/1 2153/2/1
f 3000/750/1 3002/754/1 1195/2551/1
f 3000/750/1 3001/752/1 3002/754/1
f 3001/752/1 3010/26/1 3002/754/1
f 2985/751/1 2928/2561/1 410/1864/1
f 2985/751/1 3000/750/1 2928/2561/1
f 3000/750/1 1195/2551/1 2928/2561/1
f 2998/2562/1 4545/746/1 2999/749/1 1264/2563/1
f 1260/537/1 2988/693/1 4545/746/1 2998/2562/1
f 2988/693/1 443/692/1 2986/747/1 4545/746/1
f 2206/733/1 1260/537/1 2998/2562/1 4546/2564/1
f 4546/2453/1 2998/2565/1 1264/742/1 2150/2566/1
f 2995/735/1 4547/738/1 2997/741/1 1263/736/1
f 1168/753/1 2902/337/1 4547/738/1 2995/735/1
f 2902/337/1 408/624/1 2987/739/1 4547/738/1
f 2901/2567/1 4548/734/1 2996/737/1 1167/2568/1
f 402/73/1 2122/2551/1 4548/734/1 2901/2567/1
f 2122/2551/1 1168/753/1 2995/735/1 4548/734/1
f 2121/2452/1 4549/731/1 2206/733/1 407/2569/1
f 1167/2568/1 2996/737/1 4549/731/1 2121/2452/1
f 2996/737/1 1263/736/1 2994/732/1 4549/731/1
f 2991/725/1 4550/728/1 2993/730/1 1262/726/1
f 1192/628/1 2925/999/1 4550/728/1 2991/725/1
f 2925/999/1 1196/21/1 2926/23/1 4550/728/1
f 2987/739/1 4551/724/1 2992/727/1 1259/740/1
f 408/624/1 2151/36/1 4551/724/1 2987/739/1
f 2151/36/1 1192/628/1 2991/725/1 4551/724/1
f 2205/691/1 4552/720/1 2207/723/1 443/692/1
f 1259/740/1 2992/727/1 4552/720/1 2205/691/1
f 2992/727/1 1262/726/1 2990/721/1 4552/720/1
f 2990/721/1 4553/694/1 2989/696/1 1261/722/1
f 1262/726/1 2993/730/1 4553/694/1 2990/721/1
f 2993/730/1 1193/729/1 2152/695/1 4553/694/1
f 2994/732/1 4554/690/1 2988/693/1 1260/537/1
f 1263/736/1 2997/741/1 4554/690/1 2994/732/1
f 2997/741/1 1259/740/1 2205/691/1 4554/690/1
f 2999/749/1 1258/748/1 2204/2147/1 4555/2616/1
f 2203/532/1 3001/752/1 1257/29/1
f 2203/532/1 2904/689/1 3001/752/1
f 2904/689/1 3010/26/1 3001/752/1
f 2983/330/1 3004/757/1 1255/755/1
f 2983/330/1 2984/688/1 3004/757/1
f 2984/688/1 1256/636/1 3004/757/1
f 2903/687/1 3007/111/1 1169/30/1
f 2903/687/1 2983/330/1 3007/111/1
f 2983/330/1 1255/755/1 3007/111/1
f 3011/761/1 430/2617/1 2143/2618/1 4470/762/1
f 1265/680/1 2948/770/1 430/2617/1 3011/761/1
f 3014/772/1 4556/683/1 2982/686/1 1254/773/1
f 1266/777/1 3017/781/1 4556/683/1 3014/772/1
f 3017/781/1 1253/223/1 2198/684/1 4556/683/1
f 1267/162/1 3020/791/1 413/1975/1 2127/783/1
f 3020/791/1 1252/790/1 2930/693/1 413/1975/1
f 3021/786/1 4557/681/1 2979/682/1 1251/792/1
f 1268/682/1 3024/798/1 4557/681/1 3021/786/1
f 3024/798/1 1202/670/1 2932/227/1 4557/681/1
f 3025/800/1 4558/677/1 2978/680/1 1250/801/1
f 1269/763/1 3028/806/1 4558/677/1 3025/800/1
f 3028/806/1 1249/27/1 2195/678/1 4558/677/1
f 3029/2553/1 4559/673/1 2144/676/1 1188/2619/1
f 1270/539/1 3032/812/1 4559/673/1 3029/2553/1
f 3032/812/1 1248/811/1 2194/674/1 4559/673/1
f 1204/337/5 3033/330/5 1201/671/5
f 1204/337/5 2934/670/5 3033/330/5
f 3036/819/1 4560/666/1 2145/669/1 1247/820/1
f 1271/822/1 3039/826/1 4560/666/1 3036/819/1
f 3039/826/1 1220/825/1 2950/667/1 4560/666/1
f 3040/828/1 4561/662/1 2974/665/1 1246/829/1
f 1272/832/1 3043/837/1 4561/662/1 3040/828/1
f 3043/837/1 1245/836/1 2191/663/1 4561/662/1
f 3044/839/1 4562/218/1 2133/661/1 1177/757/1
f 1273/843/1 3047/847/1 4562/218/1 3044/839/1
f 3047/847/1 1244/846/1 2937/660/1 4562/218/1
f 3048/849/1 4563/656/1 2971/659/1 1243/850/1
f 1274/854/1 3051/859/1 4563/656/1 3048/849/1
f 3051/859/1 1221/858/1 2951/657/1 4563/656/1
f 3052/860/1 4564/652/1 2970/655/1 1242/38/1
f 1275/863/1 3055/867/1 4564/652/1 3052/860/1
f 3055/867/1 1241/132/1 2188/653/1 4564/652/1
f 3056/869/1 4565/648/1 2135/651/1 1179/870/1
f 1276/873/1 3059/875/1 4565/648/1 3056/869/1
f 3059/875/1 1240/518/1 2187/649/1 4565/648/1
f 3060/877/1 4566/530/1 2967/640/1 1239/878/1
f 1277/882/1 3063/217/1 4566/530/1 3060/877/1
f 3063/217/1 1171/671/1 2906/647/1 4566/530/1
f 3064/2549/1 4567/645/1 2966/646/1 1238/2620/1
f 1278/887/1 3067/891/1 4567/645/1 3064/2549/1
f 3067/891/1 1237/890/1 2185/520/1 4567/645/1
f 3068/2545/1 1236/643/1 2147/644/1 1190/2621/1
f 4501/894/1 2964/2622/1 1236/643/1 3068/2545/1
f 3070/897/1 434/2623/1 2148/2160/1 1235/898/1
f 1279/902/1 2952/907/1 434/2623/1 3070/897/1
f 3073/823/1 4568/639/1 2963/642/1 1234/909/1
f 1280/669/1 3076/916/1 4568/639/1 3073/823/1
f 3076/916/1 1233/915/1 2182/640/1 4568/639/1
f 1281/922/1 3079/725/1 424/2624/1 2138/918/1
f 3079/725/1 1232/926/1 2943/655/1 424/2624/1
f 3080/928/1 4569/635/1 2960/638/1 1231/929/1
f 1282/932/1 3083/934/1 4569/635/1 3080/928/1
f 3083/934/1 1176/229/1 2912/636/1 4569/635/1
f 3084/833/1 4570/632/1 2959/634/1 1230/915/1
f 1283/164/1 3087/940/1 4570/632/1 3084/833/1
f 3087/940/1 1229/939/1 2179/164/1 4570/632/1
f 1284/777/1 3091/946/1 4571/629/1 3088/2625/1
f 3091/946/1 1228/224/1 2178/630/1 4571/629/1
f 2177/532/1 1186/947/1 1181/337/1
f 2176/628/1 3093/950/1 1227/949/1
f 2176/628/1 2142/627/1 3093/950/1
f 2142/627/1 1187/158/1 3093/950/1
f 2954/623/1 3096/36/1 1225/636/1
f 2954/623/1 2955/625/1 3096/36/1
f 2955/625/1 1226/953/1 3096/36/1
f 2177/624/1 3099/956/1 1186/330/1
f 2177/624/1 2954/623/1 3099/956/1
f 2954/623/1 1225/636/1 3099/956/1
f 2941/41/1 3102/654/1 1215/957/1
f 2941/41/1 2165/40/1 3102/654/1
f 2165/40/1 1216/32/1 3102/654/1
f 3105/962/1 4572/35/1 2173/38/1 1224/625/1
f 1285/966/1 3108/921/1 4572/35/1 3105/962/1
f 3108/921/1 1206/814/1 2936/36/1 4572/35/1
f 3110/2158/1 4573/31/1 2171/34/1 1222/2626/1
f 1286/975/1 3113/978/1 4573/31/1 3110/2158/1
f 3113/978/1 1198/628/1 2929/32/1 4573/31/1
f 1287/510/1 3116/2153/1 404/2627/1 2161/2157/1
f 394/958/1 2911/953/1 2934/987/1
f 1175/30/9 2130/29/9 2910/26/9
f 3119/991/1 4574/24/1 2168/27/1 1219/679/1
f 1288/793/1 3122/796/1 4574/24/1 3119/991/1
f 3122/796/1 1174/337/1 2909/25/1 4574/24/1
f 4471/2070/1 2924/2628/1 4575/2629/1 2156/2066/1
f 2927/22/1 3009/996/1 1194/41/1
f 2927/22/1 1196/2630/1 3009/996/1
f 2926/23/1 3124/654/1 1193/729/1
f 2926/23/1 2927/22/1 3124/654/1
f 2927/22/1 1194/41/1 3124/654/1
f 3126/1001/1 4576/17/1 2166/20/1 1217/1002/1
f 1289/93/1 3129/1007/1 4576/17/1 3126/1001/1
f 3129/1007/1 1169/30/1 2123/18/1 4576/17/1
f 3130/1009/1 4577/717/1 2900/719/1 1166/1010/1
f 1290/719/1 3132/1015/1 4577/717/1 3130/1009/1
f 3132/1015/1 1148/1014/1 2102/718/1 4577/717/1
f 1291/1017/1 3133/241/1 2899/716/1 1165/1018/1
f 3133/1023/1 2898/3/1 2120/2613/1
f 4578/1028/1 2897/1027/1 2119/2124/1
f 3135/712/1 2879/714/1 1164/2127/1
f 1292/1031/1 3138/1036/1 3135/2631/1
f 3138/1036/1 1152/713/1 3135/712/1
f 3139/1009/1 2118/1950/1 389/235/1 1163/2601/1
f 1293/1039/1 3142/1043/1 2118/1950/1 3139/1009/1
f 3142/1043/1 1162/1042/1 2118/1950/1
f 3143/1044/1 2104/579/1 2211/1045/1
f 3144/1052/1 2104/579/1 3143/1044/1
f 3144/1052/1 4121/1046/1 2104/579/1
f 3145/1054/1 4579/708/1 2895/711/1 1161/1055/1
f 1294/1059/1 3148/1064/1 4579/708/1 3145/1054/1
f 3148/1064/1 1149/1063/1 2103/709/1 4579/708/1
f 3149/1066/1 4580/704/1 2894/707/1 1160/1067/1
f 1295/701/1 3152/1075/1 4580/704/1 3149/1066/1
f 3152/1075/1 1159/1074/1 2115/705/1 4580/704/1
f 1296/1078/1 3156/1082/1 4581/700/1 3153/2632/1
f 3156/1082/1 1158/20/1 2114/701/1 4581/700/1
f 3157/1947/1 2111/2633/1 386/2132/1 1157/2131/1
f 3159/2585/1 1154/2584/1 2111/2633/1 3157/1947/1
f 3160/2634/1 2113/2635/1 387/2570/1 1156/1042/1
f 3163/1088/1 2113/2635/1 3160/2634/1
f 3163/1088/1 3159/1087/1 2113/2635/1
f 384/1090/5 2108/697/5 2215/699/5 449/1091/5
f 1297/1095/1 4134/1100/1 2108/697/1 384/1090/1
f 4134/1100/5 1155/1099/5 2112/698/5 2108/697/5
f 3166/721/1 4582/694/1 2878/696/1 1145/722/1
f 1298/726/1 3169/730/1 4582/694/1 3166/721/1
f 3169/730/1 1080/729/1 2038/695/1 4582/694/1
f 3170/732/1 4583/690/1 2877/693/1 1144/537/1
f 1299/736/1 3173/741/1 4583/690/1 3170/732/1
f 3173/741/1 1143/740/1 2098/691/1 4583/690/1
f 3175/749/1 1142/748/1 2097/2147/1 4584/2616/1
f 2096/532/1 3177/752/1 1141/29/1
f 2096/532/1 3186/689/1 3177/752/1
f 3186/689/1 461/26/1 3177/752/1
f 2872/330/1 3180/757/1 1139/755/1
f 2872/330/1 2873/688/1 3180/757/1
f 2873/688/1 1140/636/1 3180/757/1
f 2229/687/1 3183/111/1 459/30/1
f 2229/687/1 2872/330/1 3183/111/1
f 2872/330/1 1139/755/1 3183/111/1
f 1301/680/1 2058/770/1 361/2617/1 2871/761/1
f 3189/772/1 4585/683/1 2870/686/1 1138/773/1
f 1302/777/1 3192/781/1 4585/683/1 3189/772/1
f 3192/781/1 1137/223/1 2091/684/1 4585/683/1
f 1303/162/1 2090/791/1 346/1975/1 3193/783/1
f 3196/786/1 4586/681/1 2867/682/1 1135/792/1
f 1304/682/1 3199/798/1 4586/681/1 3196/786/1
f 3199/798/1 1086/670/1 2043/227/1 4586/681/1
f 3200/800/1 4587/677/1 2866/680/1 1134/801/1
f 1305/763/1 3203/806/1 4587/677/1 3200/800/1
f 3203/806/1 1133/27/1 2087/678/1 4587/677/1
f 3204/2553/1 4588/673/1 2807/676/1 1073/2619/1
f 1306/539/1 3207/812/1 4588/673/1 3204/2553/1
f 3207/812/1 1132/811/1 2086/674/1 4588/673/1
f 1088/337/5 2085/330/5 1085/671/5
f 3211/819/1 4589/666/1 2863/669/1 1131/820/1
f 1307/822/1 3214/826/1 4589/666/1 3211/819/1
f 3214/826/1 1104/825/1 2060/667/1 4589/666/1
f 3215/828/1 4590/662/1 2862/665/1 1130/829/1
f 1308/832/1 3218/837/1 4590/662/1 3215/828/1
f 3218/837/1 1129/836/1 2082/663/1 4590/662/1
f 3219/839/1 4591/218/1 2236/661/1 469/757/1
f 1309/843/1 3222/847/1 4591/218/1 3219/839/1
f 3222/847/1 1128/846/1 2047/660/1 4591/218/1
f 3223/849/1 4592/656/1 2859/659/1 1127/850/1
f 1310/854/1 3226/859/1 4592/656/1 3223/849/1
f 3226/859/1 1105/858/1 2061/657/1 4592/656/1
f 3227/860/1 4593/652/1 2858/655/1 1126/38/1
f 1311/863/1 3230/867/1 4593/652/1 3227/860/1
f 3230/867/1 1125/132/1 2079/653/1 4593/652/1
f 3231/869/1 4594/648/1 2238/651/1 471/870/1
f 1312/873/1 3234/875/1 4594/648/1 3231/869/1
f 3234/875/1 1124/518/1 2078/649/1 4594/648/1
f 3235/877/1 4595/530/1 2855/640/1 1123/878/1
f 1313/882/1 3238/217/1 4595/530/1 3235/877/1
f 3238/217/1 462/671/1 2231/647/1 4595/530/1
f 3239/2549/1 4596/645/1 2854/646/1 1122/2620/1
f 1314/887/1 3242/891/1 4596/645/1 3239/2549/1
f 3242/891/1 1121/890/1 2076/520/1 4596/645/1
f 3243/2545/1 1120/643/1 2809/644/1 1076/2621/1
f 4392/894/1 2852/2622/1 1120/643/1 3243/2545/1
f 3245/897/1 365/2623/1 2810/2160/1 1119/898/1
f 1315/902/1 2062/907/1 365/2623/1 3245/897/1
f 3248/823/1 4597/639/1 2851/642/1 1118/909/1
f 1316/669/1 3251/916/1 4597/639/1 3248/823/1
f 3251/916/1 1117/915/1 2073/640/1 4597/639/1
f 1317/922/1 3254/725/1 356/2624/1 2240/918/1
f 3254/725/1 1116/926/1 2052/655/1 356/2624/1
f 3255/928/1 4598/635/1 2848/638/1 1115/929/1
f 1318/932/1 3258/934/1 4598/635/1 3255/928/1
f 3258/934/1 468/229/1 2235/636/1 4598/635/1
f 3259/833/1 4599/632/1 2847/634/1 1114/915/1
f 1319/164/1 3262/940/1 4599/632/1 3259/833/1
f 3262/940/1 1113/939/1 2070/164/1 4599/632/1
f 4376/777/1 3264/946/1 1078/629/1 2036/2625/1
f 3264/946/1 1112/224/1 2069/630/1 1078/629/1
f 2066/628/1 3268/950/1 1111/949/1
f 2066/628/1 2243/627/1 3268/950/1
f 2243/627/1 477/158/1 3268/950/1
f 2842/623/1 3271/36/1 1109/636/1
f 2842/623/1 2843/625/1 3271/36/1
f 2843/625/1 1110/953/1 3271/36/1
f 2068/624/1 3274/956/1 3265/330/1
f 2068/624/1 2842/623/1 3274/956/1
f 2842/623/1 1109/636/1 3274/956/1
f 3276/1102/1 4600/619/1 2806/621/1 1072/1103/1
f 1320/1107/1 3279/1111/1 4600/619/1 3276/1102/1
f 3279/1111/1 528/1110/1 2294/111/1 4600/619/1
f 3280/1113/1 4601/615/1 2805/618/1 1071/1114/1
f 1321/663/1 3283/1122/1 4601/615/1 3280/1113/1
f 3283/1122/1 1070/1121/1 2029/616/1 4601/615/1
f 3285/1124/1 1069/2636/1 2028/878/1 986/1125/1
f 3286/1132/1 320/2637/1 2731/2173/1 1068/1133/1
f 1322/945/1 3289/1141/1 320/2637/1 3286/1132/1
f 3289/1141/1 1020/1140/1 1988/2638/1 320/2637/1
f 3290/1143/1 4602/612/1 2802/531/1 1067/1144/1
f 1323/1148/1 3293/1153/1 4602/612/1 3290/1143/1
f 3293/1153/1 1066/1152/1 2025/613/1 4602/612/1
f 3294/1155/1 301/2639/1 2296/2640/1 529/220/1
f 1324/1159/1 3297/1164/1 301/2639/1 3294/1155/1
f 3297/1164/1 1065/1163/1 1967/2175/1 301/2639/1
f 3300/1170/1 998/1169/1 302/20/1 3298/609/1
f 1325/2518/1 3300/1176/1 3301/1171/1
f 3300/2526/1 2024/606/1 3301/605/1
f 3303/1178/1 303/2641/1 1968/2516/1 999/1179/1
f 1326/163/1 3306/1187/1 303/2641/1 3303/1178/1
f 3306/1187/1 1062/1186/1 2297/810/1 303/2641/1
f 3307/1189/1 4603/601/1 2733/604/1 1061/87/1
f 1327/1193/1 3310/1197/1 4603/601/1 3307/1189/1
f 3310/1197/1 1021/954/1 1990/602/1 4603/601/1
f 3311/1199/1 4604/597/1 2797/600/1 1060/1152/1
f 1328/1203/1 3314/1207/1 4604/597/1 3311/1199/1
f 3314/1207/1 1059/1206/1 2021/598/1 4604/597/1
f 3315/1209/1 4605/593/1 2299/596/1 532/1210/1
f 1329/1214/1 3318/1218/1 4605/593/1 3315/1209/1
f 3318/1218/1 1058/1217/1 1970/594/1 4605/593/1
f 3319/1219/1 1991/2642/1 2794/1220/1
f 1330/1224/1 3322/2514/1 1991/2642/1 3319/1219/1
f 3323/864/1 2018/2643/1 2793/1228/1
f 1331/1232/1 3326/1237/1 2018/2643/1 3323/864/1
f 3326/1237/1 1057/1236/1 2018/2643/1
f 1332/2511/1 1056/2510/1 4606/1239/1
f 1056/2188/1 1003/587/1 4606/586/1
f 3328/1244/1 4607/582/1 2790/585/1 1055/1186/1
f 1333/1151/1 3331/1158/1 4607/582/1 3328/1244/1
f 3331/1158/1 1000/1251/1 1969/583/1 4607/582/1
f 3332/1253/1 4608/579/1 2789/581/1 1054/589/1
f 1334/1257/1 3335/1262/1 4608/579/1 3332/1253/1
f 3335/1262/1 1053/1261/1 2015/580/1 4608/579/1
f 1335/1265/1 3338/1269/1 4609/575/1 1959/2644/1
f 3338/1269/1 1052/1268/1 2014/576/1 4609/575/1
f 2013/574/1 3339/560/1 1051/1250/1
f 2013/574/1 1975/573/1 3339/560/1
f 1975/573/1 3401/1270/1 3339/560/1
f 3340/569/1 2013/571/1 1051/617/1
f 1050/570/4 3341/584/4 551/1272/4
f 1050/570/4 3340/569/4 3341/584/4
f 3342/1224/1 1977/564/1 1008/567/1
f 3342/1278/1 3343/1281/1 1977/564/1
f 3343/1281/1 555/577/1 2318/565/1 1977/564/1
f 3344/1283/1 4610/1103/1 1049/1284/1
f 1336/1126/1 4329/1128/1 4610/1178/1 3344/1283/1
f 4329/1128/1 2786/114/1 332/2499/1 4610/1178/1
f 3347/1229/1 1994/591/1 1024/70/1
f 1337/1291/1 3350/2497/1 1994/561/1 3347/1229/1
f 3350/2497/1 1048/562/1 1994/561/1
f 2011/560/1 3352/1297/1 1047/1296/1
f 2011/560/1 2319/553/1 3352/1297/1
f 2319/553/1 556/1298/1 3352/1297/1
f 2783/557/1 3355/99/1 1045/102/1
f 2783/557/1 2784/559/1 3355/99/1
f 2784/559/1 1046/1302/1 3355/99/1
f 2317/558/1 3358/115/1 554/1303/1
f 2317/558/1 2783/557/1 3358/115/1
f 2783/557/1 1045/102/1 3358/115/1
f 2008/556/1 3361/553/1 1044/1270/1
f 2008/556/1 2320/22/1 3361/553/1
f 2320/22/1 557/1306/1 3361/553/1
f 2780/552/1 3364/543/1 1042/1309/1
f 2780/552/1 2781/554/1 3364/543/1
f 2781/554/1 1043/1311/1 3364/543/1
f 2319/553/1 3367/1314/1 556/1298/1
f 2319/553/1 2780/552/1 3367/1314/1
f 2780/552/1 1042/1309/1 3367/1314/1
f 3369/549/1 2779/551/1 2005/126/1
f 1338/1318/1 3372/2485/1 3369/2645/1
f 3372/2485/1 1012/119/1 1980/550/1 3369/549/1
f 4611/2646/1 2778/548/1 2004/2460/1
f 1339/1324/1 3375/1329/1 4611/473/1
f 3375/1329/1 1041/1328/1 4611/2646/1
f 3376/1331/1 4612/545/1 2322/543/1 560/1270/1
f 1340/1334/1 3379/1339/1 4612/545/1 3376/1331/1
f 3379/1339/1 1040/1338/1 2003/546/1 4612/545/1
f 3380/1341/1 326/2647/1 2737/854/1 1039/1342/1
f 1341/1346/1 3383/1348/1 326/2647/1 3380/1341/1
f 3383/1348/1 1026/553/1 1996/2648/1 326/2647/1
f 3384/1350/1 4613/541/1 2775/544/1 1038/1351/1
f 1342/1355/1 3387/1359/1 4613/541/1 3384/1350/1
f 3387/1359/1 1037/1358/1 2000/542/1 4613/541/1
f 3388/1361/1 316/2649/1 2324/2650/1 562/1305/1
f 1343/1365/1 3391/1369/1 316/2649/1 3388/1361/1
f 3391/1369/1 1036/1368/1 1983/2215/1 316/2649/1
f 3392/2651/1 327/2218/1 1035/2217/1
f 1344/1372/1 3395/2474/1 3392/2652/1
f 3395/2474/1 2768/2653/1 327/2654/1 3392/2651/1
f 3396/1954/1 1999/2655/1 330/2468/1 1034/2467/1
f 1345/925/1 3399/1379/1 1999/2655/1 3396/1954/1
f 3399/1379/1 1033/1378/1 1999/2655/1
f 4309/2656/1 1985/2261/1 564/2657/1
f 3401/1968/1 1032/1354/1 1985/2261/1 4309/2656/1
f 3402/1371/1 2323/2658/1 315/2225/1 1031/1338/1
f 1346/1381/1 3405/1383/1 2323/2658/1 3402/1371/1
f 3405/1383/1 561/22/1 2323/2658/1
f 3406/1356/1 1998/2659/1 329/2459/1 1030/2458/1
f 1347/1386/1 3409/1391/1 1998/2659/1 3406/1356/1
f 3409/1391/1 1029/1390/1 1998/2659/1
f 1348/2457/1 1028/1995/1 1997/2660/1 1963/2661/1
f 3411/1393/1 4614/540/1 2730/533/1 985/1394/1
f 1349/830/1 3414/1399/1 4614/540/1 3411/1393/1
f 3414/1399/1 962/1398/1 1933/133/1 4614/540/1
f 3415/1052/1 4615/538/1 2729/93/1 984/1401/1
f 1350/535/1 3418/1408/1 4615/538/1 3415/1052/1
f 3418/1408/1 983/1407/1 1953/539/1 4615/538/1
f 1351/1411/1 3422/1416/1 4616/534/1 3419/2662/1
f 3422/1416/1 982/1415/1 1952/535/1 4616/534/1
f 3423/1396/1 4617/2663/1 2706/1406/1 981/1394/1
f 1352/533/1 3426/1421/1 4617/2663/1 3423/1396/1
f 3426/1421/1 969/227/1 1938/740/1 4617/2663/1
f 3427/1423/1 4618/530/1 2726/533/1 980/820/1
f 1353/1425/1 3430/199/1 4618/530/1 3427/1423/1
f 3430/199/1 979/1429/1 1949/531/1 4618/530/1
f 3431/1431/1 4619/234/1 2378/2664/1 619/754/1
f 1354/219/1 3434/765/1 4619/234/1 3431/1431/1
f 3434/765/1 978/1407/1 1948/2234/1 4619/234/1
f 1355/1463/1 3436/2665/1 4620/1436/1
f 1356/1441/1 3439/1443/1 4621/1439/1
f 3439/1443/1 977/253/1 4621/2666/1
f 3440/772/1 4622/527/1 2380/528/1 621/647/1
f 1357/164/1 3442/199/1 4622/527/1 3440/772/1
f 3442/199/1 976/224/1 1945/164/1 4622/527/1
f 3443/209/1 4623/523/1 2721/526/1 975/201/1
f 1358/166/1 3446/1455/1 4623/523/1 3443/209/1
f 3446/1455/1 971/1454/1 1940/524/1 4623/523/1
f 3447/1456/1 4624/519/1 2720/522/1 974/1457/1
f 1359/1459/1 3450/772/1 4624/519/1 3447/1456/1
f 3450/772/1 973/890/1 1942/520/1 4624/519/1
f 3451/1461/1 4625/515/1 2382/518/1 623/996/1
f 1360/1463/1 3454/1466/1 4625/515/1 3451/1461/1
f 3454/1466/1 972/1465/1 1941/516/1 4625/515/1
f 1361/1468/1 4626/1614/1 957/1469/1
f 1361/1472/1 4270/1619/1 4626/2667/1
f 4270/1619/1 2684/2425/1 1906/2416/1 4626/2667/1
f 3455/2441/1 3458/511/1 2704/514/1
f 3456/514/1 3458/511/1 3455/2441/1
f 1362/2668/1 3460/509/1 2676/510/1 929/2440/1
f 3460/1482/1 2703/1481/1 1926/2246/1
f 2702/2669/1 936/2670/1 267/2671/1
f 936/2672/2 1909/2673/2 267/2674/2
f 3461/1484/1 4627/505/1 4655/508/1 955/1485/1
f 1363/1489/1 954/2675/1 4627/505/1 3461/1484/1
f 954/2431/1 925/506/1 4627/505/1
f 270/2676/2 2675/507/2 928/1493/2
f 1912/1497/2 938/1501/2 270/1492/2
f 1364/2426/1 4269/1511/1 1925/501/1 272/1503/1
f 3463/1513/1 4628/497/1 4234/500/1 2700/1514/1
f 3465/2677/1 4628/497/1 3463/1513/1
f 3465/2427/1 1923/498/1 4628/497/1
f 3466/1520/1 1907/493/1 2415/496/1 658/503/1
f 1365/1505/1 3468/1528/1 1907/493/1 3466/1520/1
f 3468/1528/1 953/1527/1 935/494/1 1907/493/1
f 4264/1516/1 4629/489/1 2699/1529/1
f 1366/2414/1 940/2413/1 4629/489/1 4264/1516/1
f 940/2395/1 4259/490/1 4629/489/1
f 3472/482/1 2679/485/1 1901/2423/1
f 3473/486/1 951/2407/1 3472/1621/1
f 951/1625/1 4235/483/1 3472/482/1
f 3474/2678/1 1913/2679/1 271/2355/1 950/2354/1
f 1367/2399/1 939/2398/1 1913/2679/1 3474/2678/1
f 4259/1538/1 1920/2680/1 2697/1539/1
f 1368/1542/1 1920/2680/1 4259/1538/1
f 1368/1542/1 949/1541/1 1920/2680/1
f 4631/2681/1 273/1485/1 2702/496/1
f 3478/1551/1 3502/1550/1 4631/2681/1
f 4257/1553/1 4632/2682/1 941/2358/1 948/1554/1
f 4257/2683/1 941/2439/1 4632/2682/1
f 4256/2684/1 947/2685/1 1918/1600/1 3482/473/1
f 2680/1563/5 3482/1568/5 947/2685/5 4256/2684/5
f 3485/1576/1 4633/2361/1 3500/1577/1
f 3486/1580/1 4633/1478/1 3485/1576/1
f 4633/1583/1 2692/154/1 1915/1481/1
f 4252/2383/5 4634/474/5 946/477/5 3490/1594/5
f 1369/1586/5 3490/1591/5 4634/474/5 4252/2383/5
f 3490/1591/1 946/1590/1 1916/475/1 4634/474/1
f 3491/1592/1 2694/470/1 2680/473/1 932/1593/1
f 1370/1597/1 277/1602/1 2694/470/1 3491/1592/1
f 1371/1604/1 4635/467/1 4244/469/1 945/1605/1
f 1371/469/1 4248/2686/1 4635/467/1
f 4248/2686/1 1911/2687/1 4635/467/1
f 3493/2688/1 3495/464/1 2693/466/1
f 3495/1619/1 944/1618/1 276/2152/1
f 3496/2369/1 3498/460/1 2681/463/1
f 1372/1628/1 4636/1618/1 942/465/1
f 1372/1631/1 4244/1513/1 4636/2689/1
f 4244/1513/1 2674/2372/1 1897/871/1 4636/2689/1
f 3500/1636/1 4241/2690/1 4637/457/1 3499/2365/1
f 4241/2690/1 931/458/1 4637/457/1
f 4239/1644/1 274/2691/1 4638/2692/1
f 274/2691/1 1927/2434/1 1903/2436/1 4638/2692/1
f 3502/2353/1 930/2352/1 263/1646/1
f 930/2401/2 1899/2693/2 263/2694/2
f 4235/1652/1 1900/2695/1 2691/1653/1
f 3504/2696/1 1900/2695/1 4235/1652/1
f 262/2697/2 2685/2698/2 935/1658/2
f 1898/1662/2 928/1666/2 262/1488/2
f 928/1666/9 2675/1659/9 1898/1485/9 262/2697/9
f 1889/1667/1 3522/1668/1 3507/1669/1
f 2670/450/1 3509/1672/1 923/449/1
f 2670/450/1 924/453/1 3509/1672/1
f 2670/453/1 923/1672/1 919/450/1
f 3512/1676/1 4230/2699/1 4639/2700/1 3511/2346/1
f 4230/2699/1 2666/134/1 258/2701/1 4639/2700/1
f 3514/1679/1 4640/451/1 2669/452/1 922/1680/1
f 1373/1684/1 3517/1686/1 4640/451/1 3514/1679/1
f 3517/1686/1 921/449/1 1891/449/1 4640/451/1
f 3518/1688/1 4641/448/1 3874/450/1 916/139/1
f 1374/1691/1 3521/1693/1 4641/448/1 3518/1688/1
f 3521/1693/1 920/449/1 1890/449/1 4641/448/1
f 3523/1671/1 4221/2345/1 4642/445/1 3522/2339/1
f 4221/2345/1 915/446/1 4642/445/1
f 1848/2330/1 869/1701/1 896/1700/1
f 2645/444/1 3525/1705/1 894/1702/1
f 2645/444/1 895/387/1 3525/1705/1
f 2645/130/1 894/1708/1 766/2/1
f 3527/1711/1 4643/432/1 2644/417/1 892/416/1
f 1375/1714/1 3530/199/1 4643/432/1 3527/1711/1
f 3530/199/1 891/366/1 1867/433/1 4643/432/1
f 3531/1718/1 4644/411/1 2641/414/1 889/1719/1
f 1376/1723/1 3534/1728/1 4644/411/1 3531/1718/1
f 3534/1728/1 865/1727/1 1844/412/1 4644/411/1
f 3535/1730/1 4645/408/1 2640/410/1 888/1731/1
f 1377/1734/1 3538/1739/1 4645/408/1 3535/1730/1
f 3538/1739/1 887/1738/1 1863/409/1 4645/408/1
f 3539/1741/1 4646/404/1 2531/407/1 773/1742/1
f 1378/1745/1 3542/1749/1 4646/404/1 3539/1741/1
f 3542/1749/1 886/298/1 1862/405/1 4646/404/1
f 3543/1751/1 4647/400/1 2637/403/1 885/1752/1
f 1379/1756/1 3546/217/1 4647/400/1 3543/1751/1
f 3547/1759/1 4648/396/1 2636/399/1 884/290/1
f 1380/1763/1 3550/1767/1 4648/396/1 3547/1759/1
f 3550/1767/1 883/378/1 1859/397/1 4648/396/1
f 3551/1769/1 4649/394/1 1840/391/1 860/292/1
f 1381/1772/1 3554/1777/1 4649/394/1 3551/1769/1
f 3554/1777/1 882/1776/1 1858/395/1 4649/394/1
f 1857/393/1 3556/1779/1 881/431/1
f 1857/393/1 2534/70/1 3556/1779/1
f 2534/70/1 776/1780/1 3556/1779/1
f 2631/285/1 3559/1785/1 879/254/1
f 2631/285/1 2632/392/1 3559/1785/1
f 2632/392/1 880/365/1 3559/1785/1
f 1840/391/1 3562/263/1 860/292/1
f 1840/391/1 2631/285/1 3562/263/1
f 2631/285/1 879/254/1 3562/263/1
f 3564/2702/1 2534/2703/1 222/370/1 878/370/1
f 1382/419/1 776/2303/1 2534/2703/1 3564/2702/1
f 3566/1788/1 1853/2704/1 2630/370/1
f 1383/386/1 877/2305/1 1853/2704/1 3566/1788/1
f 3568/1790/1 4650/388/1 2607/390/1 849/1779/1
f 1384/1794/1 3571/1799/1 4650/388/1 3568/1790/1
f 3571/1799/1 876/1798/1 1852/389/1 4650/388/1
f 874/383/1 2537/385/1 3574/372/1
f 2537/385/1 875/370/1 3574/372/1
f 1385/1802/1 3577/379/1 2627/381/1 873/1803/1
f 3577/436/1 2619/1807/1 226/2705/1
f 3578/1809/1 4651/375/1 2626/378/1 872/1810/1
f 1386/1812/1 3581/1816/1 4651/375/1 3578/1809/1
f 3581/1816/1 871/376/1 4651/375/1
f 3582/1818/1 4652/373/1 3681/374/1 852/402/1
f 1387/1819/1 3585/1823/1 4652/373/1 3582/1818/1
f 3585/1823/1 870/1822/1 232/1800/1 4652/373/1
f 1388/436/1 2625/2331/1 869/309/1
f 1388/1705/1 3587/2301/1 2625/2706/1
f 3587/2301/1 1826/2707/1 2625/2706/1
f 2585/158/1 3589/1831/1 828/229/1
f 2585/158/1 2586/355/1 3589/1831/1
f 2586/355/1 829/1832/1 3589/1831/1
f 1804/333/1 3592/327/1 825/1834/1
f 1804/333/1 1805/354/1 3592/327/1
f 1805/354/1 826/324/1 3592/327/1
f 1800/341/1 3595/329/1 821/336/1
f 1800/341/1 1804/333/1 3595/329/1
f 1804/333/1 825/1834/1 3595/329/1
f 1802/353/1 3598/1841/1 823/1831/1
f 1802/353/1 1803/352/1 3598/1841/1
f 1803/352/1 824/344/1 3598/1841/1
f 1799/319/1 3601/337/1 820/1843/1
f 1799/319/1 1800/341/1 3601/337/1
f 1800/341/1 821/336/1 3601/337/1
f 1798/350/1 3604/341/1 819/1847/1
f 1798/350/1 1799/319/1 3604/341/1
f 1799/319/1 820/1843/1 3604/341/1
f 1796/349/1 3607/345/1 817/1841/1
f 1796/349/1 1797/348/1 3607/345/1
f 1797/348/1 818/1851/1 3607/345/1
f 1792/344/1 3610/517/1 813/1851/1
f 1792/344/1 1794/346/1 3610/517/1
f 1794/346/1 815/1853/1 3610/517/1
f 1791/345/1 3613/346/1 812/344/1
f 1791/345/1 1792/344/1 3613/346/1
f 1792/344/1 813/1851/1 3613/346/1
f 1787/320/1 3616/337/1 808/1843/1
f 1787/320/1 1789/343/1 3616/337/1
f 1789/343/1 810/336/1 3616/337/1
f 1786/341/1 3619/1857/1 807/1856/1
f 1786/341/1 1787/320/1 3619/1857/1
f 1787/320/1 808/1843/1 3619/1857/1
f 1785/342/1 3622/1848/1 806/1858/1
f 1785/342/1 1786/341/1 3622/1848/1
f 1786/341/1 807/1856/1 3622/1848/1
f 1780/129/1 3625/1860/1 801/1856/1
f 1780/129/1 1783/339/1 3625/1860/1
f 1783/339/1 804/1861/1 3625/1860/1
f 1781/338/1 3628/336/1 802/332/1
f 1781/338/1 2560/337/1 3628/336/1
f 2560/337/1 803/1843/1 3628/336/1
f 1779/335/1 3631/322/1 800/1864/1
f 1779/335/1 1780/129/1 3631/322/1
f 1780/129/1 801/1856/1 3631/322/1
f 1773/331/1 3634/1857/1 794/1856/1
f 1773/331/1 1777/333/1 3634/1857/1
f 1777/333/1 798/1843/1 3634/1857/1
f 1775/329/1 3637/1863/1 796/1869/1
f 1775/329/1 2554/332/1 3637/1863/1
f 2554/332/1 797/336/1 3637/1863/1
f 1766/322/1 3640/1871/1 787/755/1
f 1766/322/1 1773/331/1 3640/1871/1
f 1773/331/1 794/1856/1 3640/1871/1
f 2548/330/1 3643/338/1 791/336/1
f 2548/330/1 2549/329/1 3643/338/1
f 2549/329/1 792/332/1 3643/338/1
f 2546/325/1 3646/1866/1 789/332/1
f 2546/325/1 2547/327/1 3646/1866/1
f 2547/327/1 790/1872/1 3646/1866/1
f 2545/326/1 3649/337/1 788/1874/1
f 2545/326/1 2546/325/1 3649/337/1
f 2546/325/1 789/332/1 3649/337/1
f 1765/323/1 3652/331/1 786/1876/1
f 1765/323/1 1766/322/1 3652/331/1
f 1766/322/1 787/755/1 3652/331/1
f 1761/318/1 3655/322/1 782/343/1
f 1761/318/1 1763/320/1 3655/322/1
f 1763/320/1 784/331/1 3655/322/1
f 1760/319/1 3658/320/1 781/341/1
f 1760/319/1 1761/318/1 3658/320/1
f 1761/318/1 782/343/1 3658/320/1
f 3660/1878/1 4653/315/1 2623/316/1 867/393/1
f 1389/1294/1 3663/1883/1 4653/315/1 3660/1878/1
f 3663/1883/1 861/430/1 2616/314/1 4653/315/1
f 3664/1885/1 208/2708/1 2594/2709/1 837/1778/1
f 1390/1888/1 3667/1892/1 208/2708/1 3664/1885/1
f 3667/1892/1 845/1891/1 1824/2710/1 208/2708/1
f 1755/313/1 3669/1895/1 775/1893/1
f 1755/313/1 2616/314/1 3669/1895/1
f 2616/314/1 861/430/1 3669/1895/1
f 3671/1898/1 4654/310/1 1755/313/1 775/1893/1
f 1391/415/1 3674/1904/1 4654/310/1 3671/1898/1
f 3674/1904/1 774/227/1 1754/311/1 4654/310/1
f 1392/1907/1 1828/2272/1 210/2711/1 2614/2275/1
f 3677/1909/1 2529/278/1 1836/263/1 857/1910/1
f 1393/1912/1 3680/1776/1 2529/278/1 3677/1909/1
f 3680/1776/1 771/359/1 2529/278/1
f 1831/223/1 852/1903/1 853/227/1
f 2517/83/1 3683/1917/1 759/1915/1
f 2517/83/1 2518/82/1 3683/1917/1
f 2518/82/1 760/1918/1 3683/1917/1
f 2513/67/1 3686/58/1 755/229/1
f 2513/67/1 1737/80/1 3686/58/1
f 1737/80/1 758/1921/1 3686/58/1
f 1730/77/1 3689/44/1 751/42/1
f 1730/77/1 1735/79/1 3689/44/1
f 1735/79/1 756/43/1 3689/44/1
f 1733/59/1 3692/57/1 754/47/1
f 1733/59/1 2513/67/1 3692/57/1
f 2513/67/1 755/229/1 3692/57/1
f 2506/59/1 3695/67/1 748/229/1
f 2506/59/1 2510/47/1 3695/67/1
f 2510/47/1 752/57/1 3695/67/1
f 2508/78/1 3698/136/1 750/1927/1
f 2508/78/1 1730/77/1 3698/136/1
f 1730/77/1 751/42/1 3698/136/1
f 2498/57/1 3701/135/1 740/76/1
f 2498/57/1 2506/59/1 3701/135/1
f 2506/59/1 748/229/1 3701/135/1
f 1725/75/1 3704/1927/1 746/1929/1
f 1725/75/1 1726/74/1 3704/1927/1
f 1726/74/1 747/447/1 3704/1927/1
f 1722/70/1 3707/136/1 743/447/1
f 1722/70/1 1723/72/1 3707/136/1
f 1723/72/1 744/76/1 3707/136/1
f 1721/71/1 3710/72/1 742/1932/1
f 1721/71/1 1722/70/1 3710/72/1
f 1722/70/1 743/447/1 3710/72/1
f 2497/67/1 3713/136/1 739/447/1
f 2497/67/1 2498/57/1 3713/136/1
f 2498/57/1 740/76/1 3713/136/1
f 1717/68/1 3716/57/1 738/77/1
f 1717/68/1 2497/67/1 3716/57/1
f 2497/67/1 739/447/1 3716/57/1
f 1715/65/1 3719/145/1 736/1934/1
f 1715/65/1 1716/64/1 3719/145/1
f 1716/64/1 737/76/1 3719/145/1
f 2488/59/1 3722/136/1 730/447/1
f 2488/59/1 2492/47/1 3722/136/1
f 2492/47/1 734/76/1 3722/136/1
f 1711/62/1 3725/1938/1 732/1936/1
f 1711/62/1 1712/61/1 3725/1938/1
f 1712/61/1 733/229/1 3725/1938/1
f 2485/57/1 3728/1668/1 727/449/1
f 2485/57/1 2488/59/1 3728/1668/1
f 2488/59/1 730/447/1 3728/1668/1
f 1704/51/1 3731/67/1 725/229/1
f 1704/51/1 1707/55/1 3731/67/1
f 1707/55/1 728/57/1 3731/67/1
f 1705/58/1 3734/59/1 726/80/1
f 1705/58/1 2485/57/1 3734/59/1
f 2485/57/1 727/449/1 3734/59/1
f 1703/54/1 3737/55/1 724/1940/1
f 1703/54/1 1704/51/1 3737/55/1
f 1704/51/1 725/229/1 3737/55/1
f 2476/47/1 3740/1668/1 718/449/1
f 2476/47/1 2480/52/1 3740/1668/1
f 2480/52/1 722/447/1 3740/1668/1
f 1698/78/1 3743/67/1 719/229/1
f 1698/78/1 1699/50/1 3743/67/1
f 1699/50/1 720/57/1 3743/67/1
f 1696/151/1 3746/68/1 717/43/1
f 1696/151/1 2476/47/1 3746/68/1
f 2476/47/1 718/449/1 3746/68/1
f 1695/48/1 3749/42/1 716/1931/1
f 1695/48/1 1696/151/1 3749/42/1
f 1696/151/1 717/43/1 3749/42/1
f 1692/44/1 3752/45/1 713/43/1
f 1692/44/1 1693/43/1 3752/45/1
f 1693/43/1 714/1921/1 3752/45/1
f 2467/243/1 3755/250/1 708/251/1
f 2467/243/1 911/244/1 3755/250/1
f 911/244/1 709/249/1 3755/250/1
f 2465/224/1 3758/226/1 706/227/1
f 2465/224/1 2467/243/1 3758/226/1
f 2467/243/1 708/251/1 3758/226/1
f 2450/220/1 3761/223/1 694/229/1
f 2450/220/1 2465/224/1 3761/223/1
f 2465/224/1 706/227/1 3761/223/1
f 1683/2712/1 3763/1052/1 2463/2713/1
f 1683/2712/1 1684/237/1 3763/1052/1
f 1684/237/1 705/864/1 3763/1052/1
f 1682/2714/1 3764/1097/1 2462/1944/1
f 3768/242/1 3766/230/1 701/219/1
f 3768/242/1 1680/233/1 3766/230/1
f 1680/233/1 702/1945/1 3766/230/1
f 1679/704/1 3768/233/1 2458/1946/1
f 1675/231/1 3771/1948/1 697/1945/1
f 1675/231/1 3769/70/1 3771/1948/1
f 3769/70/1 698/227/1 3771/1948/1
f 2437/221/1 3775/1943/1 682/1900/1
f 2437/221/1 2450/220/1 3775/1943/1
f 2450/220/1 694/229/1 3775/1943/1
f 1668/162/1 3778/228/1 2444/227/1
f 1668/162/1 3773/234/1 3778/228/1
f 3773/234/1 692/1952/1 3778/228/1
f 691/232/1 3780/1274/1 689/1952/1
f 2446/233/1 691/242/1 3780/1274/1
f 1665/198/1 3782/229/1 687/1462/1
f 1665/198/1 691/232/1 3782/229/1
f 691/232/1 689/1952/1 3782/229/1
f 1664/163/1 3785/1953/1 686/1447/1
f 1664/163/1 1665/198/1 3785/1953/1
f 1665/198/1 687/1462/1 3785/1953/1
f 1662/70/1 3788/223/1 684/162/1
f 1662/70/1 1664/163/1 3788/223/1
f 1664/163/1 686/1447/1 3788/223/1
f 1661/231/1 3791/1951/1 683/236/1
f 1661/231/1 1662/70/1 3791/1951/1
f 1662/70/1 684/162/1 3791/1951/1
f 2428/222/1 3794/540/1 672/164/1
f 2428/222/1 2437/221/1 3794/540/1
f 2437/221/1 682/1900/1 3794/540/1
f 681/230/1 1659/229/1 3796/540/1
f 1659/229/1 3797/165/1 3796/540/1
f 1658/160/1 3798/1464/1 3801/165/1
f 679/228/1 1658/160/1 3800/1955/1
f 1658/160/1 3801/165/1 3800/1955/1
f 1655/225/1 3805/200/1 676/1954/1
f 1655/225/1 1656/224/1 3805/200/1
f 1656/224/1 3803/253/1 3805/200/1
f 126/2715/1 1655/224/1 675/445/1
f 125/824/1 1654/876/1 674/1900/1
f 124/540/1 3809/1462/1 2430/160/1
f 124/540/1 3807/1953/1 3809/1462/1
f 3807/1953/1 3808/251/1 3809/1462/1
f 2417/159/1 3811/1955/1 660/160/1
f 2417/159/1 2428/222/1 3811/1955/1
f 2428/222/1 672/164/1 3811/1955/1
f 1650/221/1 3814/250/1 669/251/1
f 1650/221/1 3809/220/1 3814/250/1
f 3809/220/1 670/249/1 3814/250/1
f 1647/218/1 3817/1943/1 666/1956/1
f 1647/218/1 1649/219/1 3817/1943/1
f 1649/219/1 668/163/1 3817/1943/1
f 1645/217/1 3820/629/1 664/224/1
f 1645/217/1 1647/218/1 3820/629/1
f 1647/218/1 666/1956/1 3820/629/1
f 1643/198/1 3823/225/1 662/199/1
f 1643/198/1 1645/217/1 3823/225/1
f 1645/217/1 664/224/1 3823/225/1
f 3825/2247/1 3826/152/1 2688/154/1
f 3826/1615/1 2414/2415/1 1638/2716/1
f 1634/76/1 3828/68/1 653/66/1
f 1634/76/1 1635/135/1 3828/68/1
f 1635/135/1 654/77/1 3828/68/1
f 2409/146/1 3831/137/1 651/49/1
f 2409/146/1 1634/76/1 3831/137/1
f 1634/76/1 653/66/1 3831/137/1
f 2400/145/1 3834/1941/1 642/1940/1
f 2400/145/1 2409/146/1 3834/1941/1
f 2409/146/1 651/49/1 3834/1941/1
f 1630/71/1 3837/74/1 649/1932/1
f 1630/71/1 1631/49/1 3837/74/1
f 1631/49/1 650/137/1 3837/74/1
f 1629/65/1 3839/72/1 2406/1934/1
f 1626/148/1 3841/139/1 3844/142/1
f 1626/148/1 1627/147/1 3841/139/1
f 1627/147/1 646/449/1 3841/139/1
f 1625/62/1 3843/147/1 2402/1936/1
f 1625/62/1 1626/148/1 3843/147/1
f 1626/148/1 3844/142/1 3843/147/1
f 2387/138/1 3847/147/1 629/50/1
f 2387/138/1 2400/145/1 3847/147/1
f 2400/145/1 642/1940/1 3847/147/1
f 1618/78/1 3850/136/1 639/447/1
f 1618/78/1 1619/50/1 3850/136/1
f 1619/50/1 640/76/1 3850/136/1
f 1616/137/1 3853/1935/1 637/76/1
f 1616/137/1 3856/145/1 3853/1935/1
f 3856/145/1 638/64/1 3853/1935/1
f 1613/143/5 3856/142/5 3853/229/5
f 1613/143/1 2395/51/1 3856/142/1
f 2395/51/1 636/1966/1 3856/142/1
f 1611/142/1 3859/135/1 633/76/1
f 1611/142/1 1613/143/1 3859/135/1
f 1613/143/1 3853/229/1 3859/135/1
f 1609/141/1 3862/136/1 631/447/1
f 1609/141/1 1611/142/1 3862/136/1
f 1611/142/1 633/76/1 3862/136/1
f 1608/137/1 3865/1668/1 630/449/1
f 1608/137/1 1609/141/1 3865/1668/1
f 1609/141/1 631/447/1 3865/1668/1
f 1605/139/1 3868/142/1 627/447/1
f 1605/139/1 2387/138/1 3868/142/1
f 2387/138/1 629/50/1 3868/142/1
f 3870/447/1 4656/134/1 4230/136/1 3512/447/1
f 1394/447/1 3873/76/1 4656/134/1 3870/447/1
f 3873/76/1 628/229/1 1606/135/1 4656/134/1
f 1886/1684/1 916/1691/1 914/1680/1
f 1395/1968/1 1930/2237/1 280/856/1 2713/1749/1
f 3877/1446/1 4657/131/1 2711/133/1 965/1969/1
f 1396/1447/1 3880/1462/1 4657/131/1 3877/1446/1
f 3880/1462/1 620/220/1 1599/132/1 4657/131/1
f 3883/1976/1 4658/127/1 2714/130/1 968/18/1
f 1397/162/1 3886/1981/1 4658/127/1 3883/1976/1
f 3886/1981/1 617/337/1 1596/128/1 4658/127/1
f 2373/83/1 3888/1917/1 613/1915/1
f 2373/83/1 2374/82/1 3888/1917/1
f 2374/82/1 614/1918/1 3888/1917/1
f 2369/67/1 3891/58/1 609/229/1
f 2369/67/1 1591/80/1 3891/58/1
f 1591/80/1 612/1921/1 3891/58/1
f 1586/77/1 3894/44/1 607/42/1
f 1586/77/1 1589/79/1 3894/44/1
f 1589/79/1 610/43/1 3894/44/1
f 1587/59/1 3897/57/1 608/47/1
f 1587/59/1 2369/67/1 3897/57/1
f 2369/67/1 609/229/1 3897/57/1
f 2366/78/1 3900/136/1 606/1927/1
f 2366/78/1 1586/77/1 3900/136/1
f 1586/77/1 607/42/1 3900/136/1
f 2360/59/1 3903/67/1 600/229/1
f 2360/59/1 2364/47/1 3903/67/1
f 2364/47/1 604/57/1 3903/67/1
f 1581/75/1 3906/1927/1 602/1929/1
f 1581/75/1 1582/74/1 3906/1927/1
f 1582/74/1 603/447/1 3906/1927/1
f 2354/57/1 3909/135/1 594/76/1
f 2354/57/1 2360/59/1 3909/135/1
f 2360/59/1 600/229/1 3909/135/1
f 1576/70/1 3912/136/1 597/447/1
f 1576/70/1 1577/72/1 3912/136/1
f 1577/72/1 598/76/1 3912/136/1
f 1575/71/1 3915/72/1 596/1932/1
f 1575/71/1 1576/70/1 3915/72/1
f 1576/70/1 597/447/1 3915/72/1
f 2353/67/1 3918/136/1 593/447/1
f 2353/67/1 2354/57/1 3918/136/1
f 2354/57/1 594/76/1 3918/136/1
f 1571/68/1 3921/57/1 592/77/1
f 1571/68/1 2353/67/1 3921/57/1
f 2353/67/1 593/447/1 3921/57/1
f 1569/65/1 3924/145/1 590/1934/1
f 1569/65/1 1570/64/1 3924/145/1
f 1570/64/1 591/76/1 3924/145/1
f 2344/59/1 3927/136/1 584/447/1
f 2344/59/1 2348/47/1 3927/136/1
f 2348/47/1 588/76/1 3927/136/1
f 1565/62/1 3930/1938/1 586/1936/1
f 1565/62/1 1566/61/1 3930/1938/1
f 1566/61/1 587/229/1 3930/1938/1
f 2343/57/1 3933/1668/1 583/449/1
f 2343/57/1 2344/59/1 3933/1668/1
f 2344/59/1 584/447/1 3933/1668/1
f 1561/58/1 3936/59/1 582/80/1
f 1561/58/1 2343/57/1 3936/59/1
f 2343/57/1 583/449/1 3936/59/1
f 1558/51/1 3939/67/1 579/229/1
f 1558/51/1 1559/55/1 3939/67/1
f 1559/55/1 580/57/1 3939/67/1
f 1557/54/1 3942/55/1 578/1940/1
f 1557/54/1 1558/51/1 3942/55/1
f 1558/51/1 579/229/1 3942/55/1
f 2333/47/1 3945/1668/1 573/449/1
f 2333/47/1 2336/52/1 3945/1668/1
f 2336/52/1 576/447/1 3945/1668/1
f 1553/51/1 3948/135/1 574/447/1
f 1553/51/1 1554/50/1 3948/135/1
f 1554/50/1 575/57/1 3948/135/1
f 1551/48/1 3951/1963/1 572/1931/1
f 1551/48/1 2333/47/1 3951/1963/1
f 2333/47/1 573/449/1 3951/1963/1
f 1547/43/1 3954/158/1 568/1921/1
f 1547/43/1 1549/45/1 3954/158/1
f 1549/45/1 570/1915/1 3954/158/1
f 1546/44/1 3957/45/1 567/43/1
f 1546/44/1 1547/43/1 3957/45/1
f 1547/43/1 568/1921/1 3957/45/1
f 3959/1986/1 2755/2717/1 1027/1987/1
f 1398/548/1 1014/980/1 2755/2717/1 3959/1986/1
f 3964/1995/1 4659/121/1 2754/124/1 1013/1996/1
f 1400/1999/1 3966/2002/1 4659/121/1 3964/1995/1
f 3966/2002/1 559/2001/1 1540/122/1 4659/121/1
f 2751/119/1 3968/1987/1 1009/2003/1
f 2751/119/1 2752/120/1 3968/1987/1
f 2752/120/1 1010/123/1 3968/1987/1
f 2749/22/1 3971/2007/1 1007/560/1
f 2749/22/1 2751/119/1 3971/2007/1
f 2751/119/1 1009/2003/1 3971/2007/1
f 552/115/1 1533/114/1 2315/2199/1
f 3974/2013/1 4660/110/1 1529/113/1 548/558/1
f 1401/2016/1 3977/2018/1 4660/110/1 3974/2013/1
f 3977/2018/1 551/1272/1 553/111/1 4660/110/1
f 1528/98/1 3979/2021/1 547/2019/1
f 1528/98/1 2312/105/1 3979/2021/1
f 2312/105/1 548/558/1 3979/2021/1
f 2310/104/1 545/584/1 544/2022/1
f 1526/103/1 3983/104/1 543/229/1
f 1526/103/1 2310/102/1 3983/104/1
f 2310/102/1 544/558/1 3983/104/1
f 2306/98/1 3986/2025/1 540/620/1
f 2306/98/1 2307/100/1 3986/2025/1
f 2307/100/1 541/584/1 3986/2025/1
f 1522/99/1 3989/100/1 539/1251/1
f 1522/99/1 2306/98/1 3989/100/1
f 2306/98/1 540/620/1 3989/100/1
f 2300/1228/1 4661/93/1 1517/96/1 533/70/1
f 1402/2010/1 3993/2032/1 4661/93/1 2300/1228/1
f 3993/2032/1 538/2031/1 1521/94/1 4661/93/1
f 3994/2034/1 4662/90/1 2763/92/1 1022/744/1
f 1403/2038/1 3997/2040/1 4662/90/1 3994/2034/1
f 3997/2040/1 531/563/1 1515/91/1 4662/90/1
f 4001/2718/1 1405/88/1 1514/2/1 530/2195/1
f 4002/2051/1 1513/2719/1 1405/88/1
f 4005/2057/1 4663/84/1 2758/87/1 1019/2058/1
f 1406/2061/1 4008/1213/1 4663/84/1 4005/2057/1
f 4008/1213/1 995/103/1 2740/85/1 4663/84/1
f 2290/83/1 4010/1917/1 524/1915/1
f 2290/83/1 2291/82/1 4010/1917/1
f 2291/82/1 525/1918/1 4010/1917/1
f 2286/67/1 4013/58/1 520/229/1
f 2286/67/1 1506/80/1 4013/58/1
f 1506/80/1 523/1921/1 4013/58/1
f 1501/77/1 4016/44/1 518/42/1
f 1501/77/1 1504/79/1 4016/44/1
f 1504/79/1 521/43/1 4016/44/1
f 1502/59/1 4019/57/1 519/47/1
f 1502/59/1 2286/67/1 4019/57/1
f 2286/67/1 520/229/1 4019/57/1
f 2283/78/1 4022/136/1 517/1927/1
f 2283/78/1 1501/77/1 4022/136/1
f 1501/77/1 518/42/1 4022/136/1
f 2277/59/1 4025/67/1 511/229/1
f 2277/59/1 2281/47/1 4025/67/1
f 2281/47/1 515/57/1 4025/67/1
f 1496/75/1 4028/1927/1 513/1929/1
f 1496/75/1 1497/74/1 4028/1927/1
f 1497/74/1 514/447/1 4028/1927/1
f 2271/57/1 4031/135/1 505/76/1
f 2271/57/1 2277/59/1 4031/135/1
f 2277/59/1 511/229/1 4031/135/1
f 1491/70/1 4034/136/1 508/447/1
f 1491/70/1 1492/72/1 4034/136/1
f 1492/72/1 509/76/1 4034/136/1
f 1490/71/1 4037/72/1 507/1932/1
f 1490/71/1 1491/70/1 4037/72/1
f 1491/70/1 508/447/1 4037/72/1
f 2270/67/1 4040/136/1 504/447/1
f 2270/67/1 2271/57/1 4040/136/1
f 2271/57/1 505/76/1 4040/136/1
f 1486/68/1 4043/57/1 503/77/1
f 1486/68/1 2270/67/1 4043/57/1
f 2270/67/1 504/447/1 4043/57/1
f 1484/65/1 4046/145/1 501/1934/1
f 1484/65/1 1485/64/1 4046/145/1
f 1485/64/1 502/76/1 4046/145/1
f 2261/59/1 4049/136/1 495/447/1
f 2261/59/1 2265/47/1 4049/136/1
f 2265/47/1 499/76/1 4049/136/1
f 1480/62/1 4052/1938/1 497/1936/1
f 1480/62/1 1481/61/1 4052/1938/1
f 1481/61/1 498/229/1 4052/1938/1
f 2260/57/1 4055/1668/1 494/449/1
f 2260/57/1 2261/59/1 4055/1668/1
f 2261/59/1 495/447/1 4055/1668/1
f 1476/58/1 4058/59/1 493/80/1
f 1476/58/1 2260/57/1 4058/59/1
f 2260/57/1 494/449/1 4058/59/1
f 1473/51/1 4061/67/1 490/229/1
f 1473/51/1 1474/55/1 4061/67/1
f 1474/55/1 491/57/1 4061/67/1
f 1472/54/1 4064/55/1 489/1940/1
f 1472/54/1 1473/51/1 4064/55/1
f 1473/51/1 490/229/1 4064/55/1
f 2250/47/1 4067/1668/1 484/449/1
f 2250/47/1 2253/52/1 4067/1668/1
f 2253/52/1 487/447/1 4067/1668/1
f 1468/51/1 4070/135/1 485/447/1
f 1468/51/1 1469/50/1 4070/135/1
f 1469/50/1 486/57/1 4070/135/1
f 1466/48/1 4073/1963/1 483/1931/1
f 1466/48/1 2250/47/1 4073/1963/1
f 2250/47/1 484/449/1 4073/1963/1
f 1462/43/1 4076/158/1 479/1921/1
f 1462/43/1 1464/45/1 4076/158/1
f 1464/45/1 481/1915/1 4076/158/1
f 1461/44/1 4079/45/1 478/43/1
f 1461/44/1 1462/43/1 4079/45/1
f 1462/43/1 479/1921/1 4079/45/1
f 2828/41/1 4082/654/1 1099/957/1
f 2828/41/1 2833/40/1 4082/654/1
f 2833/40/1 1100/32/1 4082/654/1
f 4084/962/1 4664/35/1 2841/38/1 1108/625/1
f 1407/966/1 4087/921/1 4664/35/1 4084/962/1
f 4087/921/1 1091/814/1 2824/36/1 4664/35/1
f 4088/2158/1 4665/31/1 2839/34/1 1106/2626/1
f 1409/975/1 4091/978/1 4665/31/1 4088/2158/1
f 4091/978/1 1082/628/1 2819/32/1 4665/31/1
f 1410/510/1 2034/2153/1 339/2627/1 2827/2157/1
f 2823/949/1 3209/987/1 1088/985/1
f 2823/949/1 1089/958/1 3209/987/1
f 466/30/4 1447/29/4 2234/26/4
f 4096/991/1 4666/24/1 2836/27/1 1103/679/1
f 1412/793/1 4099/796/1 4666/24/1 4096/991/1
f 4099/796/1 465/337/1 1446/25/1 4666/24/1
f 2817/2630/1 1441/997/1 2815/996/1
f 2814/23/1 4101/654/1 1080/729/1
f 2814/23/1 2815/22/1 4101/654/1
f 2815/22/1 3185/41/1 4101/654/1
f 4103/1001/1 4667/17/1 2834/20/1 1101/1002/1
f 1413/93/1 4106/1007/1 4667/17/1 4103/1001/1
f 4106/1007/1 459/30/1 1439/18/1 4667/17/1
f 1433/229/1 456/2076/1 455/2137/1
f 1432/16/1 1433/10/1 4108/229/1
f 1433/10/1 455/2074/1 4108/229/1
f 1430/12/1 4108/14/1 453/2137/1
f 4108/14/1 454/2076/1 453/2137/1
f 1428/2086/1 4111/2072/1 4114/2076/1
f 1427/2083/1 4113/2090/1 2218/9/1
f 1427/2083/1 1428/2086/1 4113/2090/1
f 1428/2086/1 4114/2076/1 4113/2090/1
f 1423/2074/1 1425/2137/1 4115/2072/1
f 1423/2074/1 4115/2076/1 2216/2137/1
f 2101/2720/1 377/2721/1 2887/2093/1
f 4117/2101/1 4668/4/1 2888/7/1 1153/2102/1
f 1414/2106/1 4120/1025/1 4668/4/1 4117/2101/1
f 4120/1025/1 446/2109/1 1418/5/1 4668/4/1
f 4123/2116/1 4669/1/1 6/3/1 2109/715/1
f 1415/2119/1 4126/2123/1 4669/1/1 4123/2116/1
f 4126/2123/1 445/2122/1 1417/2/1 4669/1/1
f 550/584/1 2314/2199/1 55/2199/1 1532/584/1 2764/2499/1 1023/227/1 1993/2722/1 323/2022/1 2735/2723/1 989/2724/1 1960/2017/1
f 1531/558/1 550/558/1 2747/2725/1 1005/2726/1 1973/2013/1
f 117/158/4 2663/2727/4 913/2728/4 1885/2729/4 253/1440/4 2661/2730/4 911/244/4
f 911/2731/1 1884/2732/1 251/244/1 2662/2733/1 912/2734/1 709/249/1
f 1866/2735/1 1835/2736/1 216/421/1
f 236/393/1 1869/443/1 893/387/1 898/1701/1 1871/2737/1 238/1700/1 2604/2738/1 847/1703/1 1827/2739/1 209/1702/1 2649/2740/1 899/1708/1 1872/2301/1 239/2/1 2611/2741/1 1866/420/1 890/419/1 2642/418/1
