# Blender 4.5.3 LTS
# www.blender.org
mtllib tree3.mtl
o brush_TaperedFlat_g0_b0
v 0.175254 0.297412 0.018645
v 0.541669 0.652214 -0.056357
v 0.157311 0.384445 -0.123282
v 0.467159 0.677878 -0.090097
v 0.242106 0.560523 -0.223139
v 0.661924 0.684331 -0.289152
v 0.378636 0.655296 -0.356498
v 0.792609 0.674357 -0.334199
v 0.442673 0.649558 -0.401322
v 0.851410 0.620907 -0.376112
v 0.562351 0.648361 -0.494281
v 0.818717 0.553362 -0.512869
v 0.585204 0.617045 -0.500575
v 0.823263 0.622481 -0.569290
v 0.604312 0.599616 -0.554665
v 0.819556 0.573646 -0.628426
v 0.654584 0.570054 -0.569181
v 0.802516 0.456708 -0.701789
v 0.640154 0.538004 -0.592064
v 0.777050 0.461902 -0.760000
v 0.081719 0.231778 -0.032000
v 0.012488 0.629928 -0.288280
v 0.124004 0.402793 -0.104858
v 0.054634 0.681986 -0.488290
v 0.200085 0.540849 -0.199303
v 0.183263 0.694439 -0.608705
v 0.259141 0.640778 -0.305615
v 0.345329 0.694206 -0.649346
v 0.369331 0.680468 -0.373160
v 0.334899 0.647510 -0.707837
v 0.446006 0.688433 -0.438744
v 0.440297 0.647902 -0.680570
v 0.521452 0.670209 -0.491296
v 0.524723 0.587596 -0.729622
v 0.573302 0.646470 -0.513774
v 0.605760 0.536205 -0.752231
v 0.593984 0.619892 -0.544227
v 0.646617 0.469692 -0.714773
v 0.635327 0.577223 -0.584756
v 0.728274 0.400644 -0.697466
v 0.072715 0.137255 -0.051966
v 0.371997 0.537241 -0.119030
v 0.079288 0.171839 -0.015913
v 0.040302 0.457953 -0.311908
v 0.184927 0.296208 -0.100171
v 0.017763 0.621724 -0.394425
v 0.080968 0.279761 -0.071391
v 0.227311 0.598745 -0.384036
v 0.193868 0.498391 -0.200148
v 0.188926 0.681779 -0.547943
v 0.234406 0.585786 -0.291365
v 0.310956 0.658775 -0.593855
v 0.303235 0.640937 -0.335783
v 0.393233 0.626160 -0.647365
v 0.475368 0.657141 -0.412911
v 0.491320 0.599291 -0.664188
v 0.464414 0.660895 -0.453932
v 0.573854 0.553799 -0.680346
v 0.511705 0.650364 -0.479670
v 0.652665 0.492035 -0.653678
v 0.593929 0.610267 -0.564452
v 0.700997 0.446065 -0.668471
v 0.572943 0.617862 -0.537528
v 0.671270 0.440689 -0.663717
v 0.640268 0.558682 -0.578998
v 0.729440 0.393205 -0.628553
v 0.194204 0.343460 -0.081256
v 0.646212 0.637794 -0.130967
v 0.263115 0.527460 -0.237613
v 0.677510 0.625977 -0.158894
v 0.343679 0.569757 -0.241925
v 0.697043 0.614820 -0.239052
v 0.406372 0.636104 -0.356515
v 0.742369 0.590297 -0.322142
v 0.464814 0.619140 -0.333527
v 0.738409 0.554738 -0.474161
v 0.481570 0.630519 -0.421220
v 0.735308 0.538841 -0.538885
v 0.580762 0.593938 -0.520285
v 0.811259 0.478850 -0.550480
v 0.660093 0.577024 -0.568257
v 0.837826 0.428115 -0.595763
v 0.626549 0.578086 -0.553796
v 0.808882 0.397388 -0.616143
v 0.623465 0.566799 -0.554544
v 0.798238 0.412663 -0.645597
v 0.057719 0.027578 -0.036081
v 0.165359 0.333815 -0.130451
v 0.132355 0.064326 -0.012733
v 0.136316 0.200892 -0.087380
v 0.060688 0.040209 -0.071469
v 0.207365 0.259094 -0.091988
v 0.085312 0.061411 -0.038322
v 0.344502 0.242973 0.101244
v 0.127668 0.166372 -0.057642
v 0.376603 0.258960 0.031097
v 0.180698 0.264144 -0.113034
v 0.443982 0.388212 0.075415
v 0.226426 0.354114 -0.145411
v 0.463462 0.396707 0.154422
v 0.274196 0.374610 -0.142429
v 0.526880 0.489622 0.012869
v 0.251008 0.379998 -0.144648
v 0.529951 0.540067 -0.075787
v 0.235171 0.441845 -0.158573
v 0.564353 0.589853 -0.160675
v 0.269799 0.461974 -0.180027
v 0.655602 0.589272 -0.297280
v 0.310832 0.518998 -0.220261
v 0.731769 0.549264 -0.365926
v 0.382963 0.529549 -0.260839
v 0.744321 0.530023 -0.461763
v 0.446231 0.567841 -0.361358
v 0.725705 0.481437 -0.602039
v 0.103363 0.144755 -0.072515
v 0.062637 0.336787 -0.276730
v 0.163394 0.196896 -0.068695
v 0.120536 0.418292 -0.322362
v 0.181512 0.227478 -0.087641
v 0.262447 0.491049 -0.396103
v 0.133274 0.277202 -0.113688
v 0.183673 0.485975 -0.358789
v 0.208906 0.266290 -0.072583
v 0.286036 0.564376 -0.452359
v 0.265256 0.462814 -0.190927
v 0.313959 0.557710 -0.538391
v 0.278873 0.503150 -0.223089
v 0.407143 0.515261 -0.545039
v 0.322355 0.528705 -0.268216
v 0.434105 0.555718 -0.558799
v 0.355263 0.578300 -0.308006
v 0.512921 0.517061 -0.619720
v 0.388289 0.549750 -0.335109
v 0.575341 0.492068 -0.618169
v 0.452025 0.567568 -0.391830
v 0.579532 0.500881 -0.645014
v 0.575214 0.545339 -0.447505
v 0.619693 0.456757 -0.660130
v 0.578231 0.547578 -0.447450
v 0.602547 0.355868 -0.581563
v 0.580275 0.543277 -0.512871
v 0.716498 0.332685 -0.544079
v 0.543570 0.527946 -0.469960
v 0.767674 0.407703 -0.488791
v 0.122056 0.190290 -0.105874
v 0.365685 0.511392 -0.380345
v 0.159029 0.278201 -0.103947
v 0.407505 0.560666 -0.350568
v 0.248823 0.478336 -0.195047
v 0.385061 0.561884 -0.430781
v 0.147378 0.184182 -0.112120
v 0.426289 0.423327 -0.098921
v 0.221589 0.345784 -0.169406
v 0.470350 0.455819 -0.185911
v 0.289929 0.410600 -0.221596
v 0.550622 0.551105 -0.214756
v 0.325609 0.500280 -0.201316
v 0.578843 0.506491 -0.340227
v 0.348507 0.538233 -0.264164
v 0.528621 0.494382 -0.405093
v 0.331264 0.519233 -0.269029
v 0.505503 0.489983 -0.479806
v 0.393501 0.548987 -0.316755
v 0.654672 0.545133 -0.455516
v 0.457814 0.574304 -0.402937
v 0.625722 0.487071 -0.481283
v 0.483687 0.566621 -0.358736
v 0.684515 0.456129 -0.444187
v 0.482197 0.563517 -0.424793
v 0.645468 0.414157 -0.533048
v 0.569293 0.586871 -0.335024
v 0.701936 0.430634 -0.429348
v 0.652708 0.545118 -0.460857
v 0.699941 0.384705 -0.537191
v 0.111023 0.427293 -0.127760
v 0.019643 0.664036 -0.382852
v 0.037583 0.489502 -0.194647
v -0.092838 0.730924 -0.446792
v -0.139248 0.628097 -0.261258
v -0.180846 0.660197 -0.710312
v -0.257083 0.667072 -0.383550
v -0.115031 0.600186 -0.743536
v -0.221088 0.667913 -0.362794
v -0.169303 0.614281 -0.723638
v -0.291403 0.656328 -0.444000
v -0.319780 0.538245 -0.827053
v -0.395707 0.599002 -0.556123
v -0.401839 0.468029 -0.931643
v -0.474840 0.570042 -0.608455
v -0.467312 0.436274 -0.943462
v -0.494467 0.534978 -0.655426
v -0.541649 0.336581 -0.949206
v -0.560163 0.484437 -0.666474
v -0.588339 0.283796 -0.923853
v -0.542395 0.500664 -0.653995
v -0.572387 0.386351 -0.923803
v -0.580290 0.421336 -0.638327
v -0.631653 0.252092 -0.874599
v -0.588782 0.379885 -0.671356
v -0.691740 0.252893 -0.906841
v -0.628260 0.321644 -0.669946
v -0.670631 0.144491 -0.841389
v -0.612661 0.299270 -0.683447
v -0.689171 0.131038 -0.731950
v -0.630821 0.227923 -0.679679
v -0.695697 0.056935 -0.727481
v -0.660900 0.205521 -0.683130
v -0.654001 -0.000369 -0.694558
v -0.033252 0.434745 -0.159520
v -0.241200 0.496098 0.079926
v 0.000475 0.458757 -0.137665
v -0.446120 0.579767 0.009296
v -0.152614 0.519300 -0.274410
v -0.507017 0.626150 0.005884
v -0.140750 0.579472 -0.201895
v -0.550249 0.684426 -0.349670
v -0.191264 0.637149 -0.297276
v -0.633617 0.711547 -0.406175
v -0.292927 0.657402 -0.373555
v -0.732486 0.614826 -0.518984
v -0.359219 0.654382 -0.463203
v -0.745263 0.485931 -0.601440
v -0.406229 0.646965 -0.516483
v -0.751934 0.397264 -0.646919
v -0.439855 0.553515 -0.609782
v -0.772785 0.296240 -0.652634
v -0.566133 0.480229 -0.651646
v -0.801427 0.212102 -0.630361
v -0.550582 0.352716 -0.685647
v -0.790400 0.175822 -0.622968
v -0.614280 0.307780 -0.667686
v -0.776397 0.162412 -0.616065
v -0.641547 0.263534 -0.675787
v -0.769828 0.106845 -0.575858
v -0.669879 0.200430 -0.663953
v -0.750562 0.081052 -0.469499
v -0.029582 0.100036 0.018982
v -0.238058 0.511527 0.014024
v -0.012417 0.118003 -0.000745
v -0.232869 0.397556 0.117094
v -0.031346 0.328304 -0.142363
v -0.372253 0.446612 -0.067888
v -0.068957 0.415029 -0.106044
v -0.410555 0.490258 -0.169992
v -0.056808 0.456573 -0.217065
v -0.447138 0.541788 -0.135462
v -0.114915 0.518730 -0.296533
v -0.514582 0.512478 -0.204389
v -0.203789 0.580438 -0.329242
v -0.574824 0.564859 -0.269054
v -0.114958 0.528552 -0.278674
v -0.455951 0.516869 -0.190430
v -0.234741 0.598108 -0.426270
v -0.565900 0.501936 -0.279624
v -0.279234 0.611886 -0.466990
v -0.559555 0.575888 -0.311336
v -0.335027 0.626988 -0.476158
v -0.618592 0.478558 -0.379411
v -0.383089 0.609906 -0.530809
v -0.652625 0.479059 -0.484965
v -0.420644 0.593950 -0.537892
v -0.687572 0.454943 -0.610927
v -0.454477 0.540587 -0.625640
v -0.737340 0.322930 -0.602507
v -0.441531 0.530958 -0.600826
v -0.620115 0.387134 -0.586891
v -0.536505 0.443577 -0.666443
v -0.713712 0.265467 -0.550879
v -0.554980 0.366072 -0.676518
v -0.763627 0.245878 -0.627845
v -0.605727 0.344641 -0.645992
v -0.759216 0.196267 -0.589001
v -0.608108 0.248531 -0.691339
v -0.686595 0.160983 -0.522914
v -0.634178 0.251656 -0.671134
v -0.711277 0.111180 -0.512207
v -0.624913 0.211876 -0.693756
v -0.634949 0.071298 -0.575301
v 0.024677 0.155542 -0.097017
v 0.076639 0.443196 -0.272504
v -0.038227 0.107479 -0.055151
v 0.065083 0.365328 -0.259598
v -0.055642 0.241825 -0.102083
v 0.062791 0.487129 -0.357554
v -0.065582 0.383795 -0.121666
v 0.041983 0.532764 -0.485166
v -0.086844 0.501060 -0.213052
v -0.018708 0.541486 -0.539221
v -0.089571 0.472992 -0.176844
v -0.009065 0.538341 -0.565924
v -0.127003 0.548634 -0.235877
v -0.103432 0.583802 -0.578563
v -0.174842 0.573078 -0.286365
v -0.123901 0.539732 -0.659854
v -0.211825 0.574482 -0.329805
v -0.211702 0.514379 -0.713225
v -0.232553 0.572086 -0.362756
v -0.304426 0.464224 -0.776177
v -0.221806 0.595521 -0.476770
v -0.385666 0.467532 -0.804845
v -0.361741 0.604927 -0.479120
v -0.464315 0.437180 -0.791101
v -0.451322 0.587598 -0.565826
v -0.521834 0.352860 -0.794079
v -0.533354 0.495631 -0.639653
v -0.449891 0.262893 -0.815775
v -0.573882 0.439410 -0.662581
v -0.516690 0.166913 -0.794079
v -0.558220 0.380900 -0.691314
v -0.568984 0.200049 -0.792318
v -0.572186 0.313615 -0.675767
v -0.597603 0.106753 -0.754467
v -0.645262 0.243168 -0.678788
v -0.567724 -0.022042 -0.681569
v -0.637300 0.209038 -0.690298
v -0.563529 0.002328 -0.621889
v -0.043528 0.104804 -0.054056
v 0.046260 0.392033 -0.257370
v -0.044701 0.122703 -0.070854
v 0.023185 0.315042 -0.234359
v -0.063200 0.248792 -0.113090
v 0.103361 0.393789 -0.353432
v -0.087383 0.444174 -0.225061
v 0.078580 0.515122 -0.381871
v -0.085848 0.471981 -0.239377
v 0.045583 0.510287 -0.506784
v -0.080001 0.513536 -0.263204
v -0.086417 0.498311 -0.588524
v -0.114899 0.518030 -0.277828
v -0.168640 0.492905 -0.616714
v -0.160392 0.556222 -0.342455
v -0.268975 0.503405 -0.653709
v -0.201669 0.581520 -0.375130
v -0.334874 0.487529 -0.705242
v -0.235289 0.574355 -0.483465
v -0.430426 0.356269 -0.704764
v -0.295426 0.569552 -0.518794
v -0.497494 0.419663 -0.689881
v -0.359707 0.556402 -0.537520
v -0.545365 0.366580 -0.646971
v -0.466731 0.499435 -0.620618
v -0.522671 0.302817 -0.728593
v -0.520476 0.436569 -0.662728
v -0.556936 0.222816 -0.697744
v -0.572375 0.330718 -0.671802
v -0.596271 0.161602 -0.648081
v -0.602699 0.316903 -0.699002
v -0.574134 0.117419 -0.691342
v -0.619046 0.250125 -0.631453
v -0.582130 0.105335 -0.647357
v -0.575329 0.325581 -0.645854
v -0.542852 0.179056 -0.724153
v -0.562040 0.355571 -0.664908
v -0.515948 0.213542 -0.756418
v -0.543132 0.368169 -0.665348
v -0.584175 0.198475 -0.608921
v -0.562971 0.380125 -0.670235
v -0.561040 0.235619 -0.566253
v -0.530368 0.395495 -0.611448
v -0.533481 0.240759 -0.664533
v -0.480802 0.470947 -0.635882
v -0.466025 0.271443 -0.657860
v -0.483137 0.470934 -0.592044
v -0.504444 0.306401 -0.563653
v -0.024892 0.074361 -0.087570
v -0.227885 0.337855 -0.050631
v -0.025464 0.098993 -0.011732
v -0.192165 0.278564 -0.058417
v -0.003792 0.225537 -0.137467
v -0.209037 0.428987 -0.099747
v -0.038425 0.173744 -0.023306
v -0.051724 0.324629 -0.110430
v -0.054859 0.348802 -0.172732
v -0.323447 0.444959 -0.078692
v -0.032751 0.272215 -0.075663
v -0.329628 0.446121 -0.131868
v -0.067929 0.374209 -0.236248
v -0.393527 0.499519 -0.170389
v -0.114944 0.483007 -0.205511
v -0.435493 0.504184 -0.244735
v -0.145700 0.483644 -0.343216
v -0.500967 0.529382 -0.342216
v -0.234604 0.571676 -0.341676
v -0.529585 0.455954 -0.436658
v -0.329737 0.584095 -0.437378
v -0.545964 0.403772 -0.547999
v -0.051726 0.068785 -0.022862
v -0.095627 0.344188 -0.287530
v 0.002422 0.083920 -0.046005
v -0.200876 0.313398 -0.190357
v -0.056709 0.265590 -0.075704
v -0.262827 0.377018 -0.239689
v -0.078360 0.318180 -0.104093
v -0.057863 0.383018 -0.397934
v -0.110314 0.404959 -0.151940
v -0.303009 0.456189 -0.305369
v -0.064099 0.431443 -0.254839
v -0.227486 0.489094 -0.410354
v -0.076480 0.494440 -0.251984
v -0.079407 0.437495 -0.379135
v -0.196572 0.551663 -0.299413
v -0.396898 0.460220 -0.518429
v -0.175218 0.549076 -0.384508
v -0.338065 0.423348 -0.587669
v -0.190639 0.537576 -0.296835
v -0.401336 0.487819 -0.368556
v -0.177517 0.504490 -0.347007
v -0.279654 0.472698 -0.491965
v -0.455856 0.518681 -0.560272
v -0.476309 0.361307 -0.590362
v -0.475050 0.501483 -0.575983
v -0.458484 0.357581 -0.560217
v -0.526459 0.446914 -0.600361
v -0.530561 0.309393 -0.588374
v -0.534447 0.420270 -0.614947
v -0.539449 0.308358 -0.619017
v -0.477277 0.502410 -0.616408
v -0.665712 0.306765 -0.584467
v -0.559927 0.376579 -0.642048
v -0.651826 0.237628 -0.487411
v -0.616212 0.377345 -0.619181
v -0.576182 0.212870 -0.543191
v -0.526300 0.535681 -0.581427
v -0.610375 0.393053 -0.517307
v -0.489541 0.545549 -0.570358
v -0.598631 0.440189 -0.533838
v -0.546047 0.522648 -0.545205
v -0.576277 0.376994 -0.554790
v 0.007786 0.256431 0.085309
v -0.251728 0.578035 -0.137024
v -0.035165 0.408703 0.098971
v -0.554390 0.701096 -0.025983
v -0.161748 0.573112 0.197494
v -0.636787 0.669883 0.005013
v -0.362273 0.664174 0.292862
v -0.667314 0.640092 0.017590
v -0.497436 0.707585 0.349511
v -0.732235 0.622405 -0.002477
v -0.386976 0.676967 0.320996
v -0.700413 0.677650 0.135251
v -0.516839 0.692649 0.375874
v -0.678149 0.625421 0.116891
v -0.548906 0.680041 0.394300
v -0.857201 0.543863 0.240285
v -0.558673 0.652417 0.422883
v -0.909939 0.486180 0.304548
v -0.681336 0.626148 0.475713
v -0.908077 0.454755 0.379967
v -0.709864 0.597999 0.501607
v -0.989139 0.424758 0.434592
v -0.761324 0.568622 0.466803
v -0.974976 0.414843 0.515964
v -0.814846 0.557094 0.515616
v -0.925978 0.306536 0.607604
v -0.810200 0.533132 0.510740
v -0.854918 0.367836 0.637921
v 0.015495 0.132901 0.043220
v 0.038023 0.490247 0.306277
v -0.043363 0.183286 0.013372
v 0.022802 0.544976 0.259978
v -0.056856 0.397522 0.064424
v 0.085005 0.488820 0.405966
v 0.005755 0.451927 0.070483
v -0.147661 0.643718 0.492763
v -0.166860 0.549250 0.126039
v -0.176361 0.554906 0.591682
v -0.023421 0.495686 0.057300
v -0.018879 0.568876 0.504279
v -0.277453 0.601899 0.190194
v -0.240941 0.604481 0.607534
v -0.277970 0.660584 0.227313
v -0.254662 0.543978 0.677947
v -0.300196 0.674176 0.267765
v -0.433361 0.617849 0.619431
v -0.335977 0.687802 0.323208
v -0.492236 0.574896 0.706908
v -0.414300 0.675776 0.346797
v -0.614310 0.499491 0.645323
v -0.340833 0.654895 0.301028
v -0.406654 0.506522 0.626937
v -0.420220 0.690921 0.346517
v -0.631120 0.463364 0.632801
v -0.570087 0.677434 0.414769
v -0.786854 0.501727 0.687972
v -0.663042 0.643647 0.462587
v -0.823095 0.453618 0.649645
v -0.760523 0.550011 0.469424
v -0.864400 0.400439 0.656628
v -0.053519 0.122305 0.020923
v -0.013242 0.416248 0.353275
v -0.067831 0.254329 0.016356
v 0.017416 0.504252 0.382914
v -0.021536 0.458576 0.081741
v -0.051560 0.514389 0.511034
v -0.057823 0.553456 0.181447
v -0.274608 0.492284 0.537266
v -0.181214 0.615213 0.233621
v -0.265789 0.470593 0.560084
v -0.142058 0.569758 0.197564
v -0.212356 0.466060 0.475399
v -0.239456 0.621344 0.260373
v -0.393786 0.468507 0.613635
v -0.282405 0.627942 0.293623
v -0.500622 0.509318 0.567344
v -0.361452 0.648851 0.352045
v -0.547430 0.471554 0.585019
v -0.431976 0.644597 0.365064
v -0.592391 0.440487 0.559758
v -0.630044 0.611660 0.384032
v -0.626361 0.458044 0.638581
v -0.645560 0.629515 0.455215
v -0.746762 0.460384 0.612140
v -0.005499 0.215581 0.021903
v -0.231372 0.514755 0.007291
v -0.027254 0.361033 0.117624
v -0.311708 0.609190 0.069980
v -0.034260 0.414975 0.170465
v -0.443341 0.608297 0.170622
v -0.079496 0.549710 0.166290
v -0.391525 0.535468 0.185430
v -0.107878 0.475415 0.153323
v -0.508116 0.669769 0.040153
v -0.298346 0.646477 0.237435
v -0.594495 0.658401 0.087970
v -0.321377 0.601099 0.230990
v -0.720471 0.614416 0.140920
v -0.388053 0.632903 0.299668
v -0.779442 0.562092 0.145566
v -0.504200 0.625282 0.337625
v -0.840074 0.515122 0.218128
v -0.583500 0.623038 0.403709
v -0.901782 0.506648 0.336279
v -0.675842 0.616433 0.442808
v -0.905446 0.443468 0.319830
v -0.723940 0.580232 0.432488
v -0.915930 0.390553 0.432359
v -0.776009 0.552138 0.474721
v -0.856732 0.331421 0.540027
v -0.765405 0.528702 0.521347
v -0.903464 0.391912 0.519767
v -0.778063 0.525294 0.523280
v -0.754566 0.511170 0.490333
v -0.799403 0.526548 0.500185
v -0.790370 0.346389 0.601285
v -0.749525 0.560046 0.457166
v -0.763198 0.417629 0.618971
v -0.247302 0.586521 0.195472
v -0.670708 0.506614 0.433665
v -0.306484 0.595742 0.228241
v -0.615512 0.536424 0.245388
v -0.387840 0.608789 0.309237
v -0.593767 0.507349 0.419536
v -0.461611 0.595745 0.375167
v -0.700287 0.518107 0.442952
v -0.459722 0.603015 0.327609
v -0.718481 0.549107 0.428974
v -0.629897 0.616942 0.434460
v -0.796428 0.540394 0.447081
v -0.153588 0.527336 0.155783
v -0.447217 0.532076 0.199026
v -0.176172 0.567576 0.194154
v -0.413230 0.513804 0.259416
v 0.008831 0.178503 0.060300
v -0.194089 0.442114 0.210069
v -0.027528 0.319826 0.118294
v -0.259073 0.498364 0.026504
v -0.063546 0.352134 0.070933
v -0.280382 0.446980 -0.004146
v -0.046522 0.341302 0.100014
v -0.258466 0.519332 0.273576
v -0.080482 0.427586 0.114487
v -0.312578 0.558196 0.344649
v -0.017352 0.307933 0.089568
v -0.193292 0.433997 0.168849
v -0.126427 0.487387 0.151357
v -0.409762 0.522999 0.053357
v -0.179095 0.488455 0.100920
v -0.394026 0.597370 -0.011295
v -0.244471 0.591534 0.134810
v -0.434628 0.622146 0.094322
v -0.251648 0.583744 0.146679
v -0.544695 0.579274 0.110686
v -0.189100 0.552991 0.183296
v -0.327819 0.565390 0.351503
v -0.262381 0.558900 0.170309
v -0.248477 0.515958 0.417812
v -0.347597 0.595772 0.232214
v -0.394485 0.506008 0.476122
v -0.379921 0.596545 0.244602
v -0.488467 0.497352 0.484044
v -0.530101 0.615063 0.358220
v -0.536137 0.477487 0.521825
v -0.390315 0.551546 0.262271
v -0.574608 0.444346 0.445155
v -0.412781 0.578394 0.293385
v -0.687719 0.429136 0.308085
v -0.534102 0.561524 0.310148
v -0.673485 0.437489 0.421577
v -0.647645 0.592353 0.369375
v -0.815439 0.345113 0.435507
v -0.665989 0.588359 0.401273
v -0.782282 0.400331 0.558078
v -0.654494 0.571481 0.363779
v -0.837393 0.432355 0.405614
v -0.631606 0.555196 0.369921
v -0.828715 0.461113 0.314563
v -0.631584 0.579949 0.370104
v -0.796372 0.411330 0.268937
v -0.676914 0.564840 0.377068
v -0.735249 0.398274 0.483514
v -0.615205 0.558313 0.417104
v -0.704681 0.457104 0.576855
v -0.582157 0.600335 0.414946
v -0.612349 0.505255 0.555981
v -0.631858 0.574458 0.377785
v -0.632452 0.462612 0.477261
v -0.605198 0.578377 0.400090
v -0.734703 0.433491 0.422846
v -0.609572 0.581545 0.373418
v -0.732419 0.434955 0.357774
v -0.544473 0.619021 0.309585
v -0.688454 0.394451 0.230020
v -0.525593 0.588025 0.305063
v -0.700869 0.461574 0.296644
v -0.377746 0.572829 0.255099
v -0.652997 0.528014 0.262737
v -0.314029 0.592061 0.222252
v -0.504673 0.457045 0.311058
v -0.390814 0.591286 0.242399
v -0.618247 0.516582 0.226512
v -0.485172 0.631232 0.226846
v -0.666669 0.507640 0.247767
v -0.330464 0.592405 0.188779
v -0.609742 0.499694 0.205582
v -0.161256 0.507326 0.197597
v -0.367008 0.531616 0.153824
v -0.171634 0.498844 0.191227
v -0.373536 0.442000 0.196807
v -0.127400 0.467354 0.151434
v -0.320227 0.446137 0.254516
v -0.142253 0.453396 0.154653
v -0.284924 0.424649 0.202773
v -0.324076 0.583192 0.186575
v -0.516709 0.461513 0.175835
v -0.493544 0.615175 0.206967
v -0.598415 0.488631 0.170910
v -0.413030 0.629635 0.140369
v -0.543523 0.595354 0.097666
v 0.096646 0.025338 0.060547
v -0.176796 0.397805 0.314240
v 0.077017 0.229685 0.138340
v -0.264407 0.413200 0.350045
v 0.099607 0.369117 0.262826
v -0.197009 0.492450 0.462130
v 0.110821 0.330919 0.218798
v -0.207307 0.515174 0.419302
v 0.130531 0.436100 0.349178
v -0.268355 0.511719 0.525600
v 0.125105 0.395862 0.303152
v -0.140630 0.540859 0.555215
v 0.111023 0.504019 0.430106
v -0.223876 0.508215 0.654363
v 0.120343 0.499274 0.500434
v -0.257430 0.507601 0.781357
v 0.100924 0.518259 0.622478
v -0.239829 0.416910 0.809518
v 0.071643 0.502239 0.723709
v -0.261204 0.386560 0.878097
v 0.013951 0.456455 0.783112
v -0.253435 0.435425 0.957193
v -0.021131 0.427727 0.825984
v -0.307012 0.413584 1.013559
v -0.052041 0.418276 0.886299
v -0.202839 0.376266 1.045661
v -0.048028 0.400344 0.929198
v -0.220172 0.227478 1.085793
v -0.065511 0.375407 0.981419
v -0.125257 0.281866 1.122250
v 0.107510 0.123533 0.037352
v 0.328503 0.438086 0.212012
v 0.110237 0.184721 0.077109
v 0.358004 0.526787 0.356403
v 0.121528 0.218488 0.137965
v 0.293341 0.532612 0.586876
v 0.059128 0.296762 0.251251
v 0.161727 0.543670 0.791378
v 0.111164 0.410827 0.319516
v 0.281557 0.476194 0.857853
v 0.034209 0.458383 0.507420
v 0.187084 0.428020 0.896823
v 0.063460 0.395576 0.464342
v 0.335725 0.607650 0.717791
v 0.065718 0.403011 0.457576
v 0.226889 0.474727 0.462820
v 0.077587 0.474891 0.542208
v 0.266173 0.581610 0.923198
v 0.014515 0.436733 0.642614
v 0.231980 0.540938 1.007350
v 0.064681 0.462818 0.686351
v 0.119058 0.479497 1.049341
v -0.011944 0.411303 0.800087
v 0.113748 0.505777 1.052806
v 0.008501 0.448696 0.823226
v 0.086619 0.419130 1.066154
v -0.016337 0.387694 0.839987
v 0.066621 0.404845 1.106997
v -0.025011 0.400537 0.888725
v 0.051728 0.243233 1.073187
v -0.030261 0.388818 0.933883
v 0.021367 0.252039 1.021306
v -0.061488 0.372564 1.000549
v 0.017444 0.233485 1.029037
v 0.113712 0.081271 0.036970
v 0.326454 0.395196 0.240772
v 0.145543 0.216963 0.132771
v 0.233550 0.433747 0.447607
v 0.066641 0.278403 0.293887
v 0.313407 0.476512 0.541469
v 0.105868 0.362228 0.294876
v 0.275839 0.454244 0.771203
v 0.061201 0.384549 0.456983
v 0.216973 0.497529 0.898301
v 0.148979 0.452914 0.533583
v 0.163054 0.428138 0.911049
v 0.027622 0.434164 0.766232
v 0.130796 0.472034 1.041327
v 0.011891 0.418727 0.826347
v 0.049230 0.363003 1.024264
v -0.026439 0.411421 0.862513
v 0.040083 0.344019 1.001328
v -0.030485 0.398718 0.900710
v 0.080743 0.233295 1.016679
v -0.040911 0.376638 0.944572
v 0.006217 0.231200 0.963540
v -0.061339 0.360544 0.941860
v -0.042771 0.199670 1.013598
v -0.044374 0.379602 0.894112
v -0.112471 0.249667 0.979463
v 0.099649 0.148699 0.117355
v -0.169425 0.420342 0.292961
v 0.055726 0.201216 0.168087
v -0.237315 0.448274 0.455410
v 0.091368 0.339354 0.325006
v -0.214145 0.479263 0.565634
v 0.078882 0.405781 0.429950
v -0.169593 0.488197 0.746785
v 0.051496 0.468183 0.567607
v -0.174266 0.429371 0.764099
v 0.007175 0.476303 0.617618
v -0.192924 0.353717 0.815971
v 0.019458 0.450499 0.744963
v -0.233633 0.289496 0.858450
v 0.007854 0.426801 0.801277
v -0.206612 0.343077 0.918955
v -0.010406 0.408484 0.866389
v -0.175879 0.313707 0.947101
v -0.045633 0.421397 0.906744
v -0.137917 0.281463 0.963621
v -0.061830 0.397705 0.935452
v -0.078417 0.240603 0.973474
v -0.056161 0.394145 0.925019
v -0.055370 0.235026 0.978147
v -0.454814 0.163343 0.467511
v -0.459322 0.169613 0.504976
v 0.005887 0.039187 0.056143
v -0.005123 0.316875 0.302300
v 0.089606 0.033196 0.077349
v -0.028659 0.211532 0.269569
v 0.080107 0.187461 0.185817
v 0.018585 0.383278 0.401052
v 0.096553 0.242561 0.208647
v 0.032592 0.356162 0.501162
v 0.086759 0.359001 0.336942
v 0.010436 0.425436 0.667713
v 0.075361 0.439501 0.471797
v -0.039503 0.451453 0.779694
v 0.119581 0.375873 0.393690
v -0.023959 0.396146 0.712860
v 0.085936 0.423071 0.673763
v -0.054464 0.317723 0.873616
v -0.001928 0.484415 0.662725
v -0.115702 0.291217 0.931903
v 0.023826 0.016521 0.104483
v -0.072463 0.263261 0.274113
v 0.032465 0.070877 0.149120
v -0.133571 0.374106 0.369312
v -0.034732 0.166056 0.167316
v -0.061391 0.315485 0.386487
v 0.029210 0.165049 0.227207
v -0.162716 0.386566 0.476948
v -0.049241 0.322899 0.270388
v -0.151022 0.398029 0.479367
v 0.028828 0.298611 0.352691
v -0.164833 0.395853 0.574653
v -0.027608 0.336319 0.365128
v -0.111229 0.404884 0.650696
v -0.018660 0.402344 0.475891
v -0.117901 0.300436 0.744906
v -0.016343 0.395778 0.556676
v -0.068781 0.286842 0.757329
v 0.007519 0.397334 0.556491
v -0.034750 0.318862 0.790240
v -0.015715 0.392964 0.671993
v -0.107671 0.314889 0.858346
v -0.072465 0.394230 0.840580
v -0.075714 0.205639 0.923704
v -0.075668 0.425732 0.817135
v -0.122869 0.295683 0.923575
v -0.102265 0.396039 0.893144
v -0.083389 0.182242 0.925280
v -0.022668 0.351552 0.883932
v -0.001771 0.212228 0.927189
v -0.028474 0.390216 0.826596
v -0.010209 0.275893 0.894190
v 0.018768 0.402212 0.856670
v 0.028079 0.265978 0.895697
v 0.060991 0.358755 0.407562
v -0.062213 0.267318 0.732887
v -0.008530 0.320163 0.363658
v -0.138379 0.356345 0.658389
v 0.027992 0.254218 0.306414
v 0.020126 0.327107 0.488228
v -0.029007 0.251033 0.316056
v -0.092738 0.350154 0.509577
v 0.038534 0.076627 0.125540
v -0.059525 0.275659 0.411841
v -0.031913 0.228139 0.293946
v -0.031913 0.228139 0.293946
v -0.031913 0.228139 0.293946
v -0.031913 0.228139 0.293946
v -0.001177 0.231542 0.281513
v -0.032620 0.246434 0.443138
v -0.010517 0.228953 0.284999
v 0.019063 0.255353 0.475507
v 0.010778 0.285721 0.334794
v -0.112109 0.317835 0.432128
v -0.020109 0.369174 0.467876
v -0.129840 0.365327 0.570622
v 0.130577 0.062630 0.097878
v 0.269010 0.265598 0.281827
v 0.049141 0.097167 0.217642
v 0.253820 0.287668 0.253359
v 0.065694 0.137418 0.176289
v 0.206901 0.297293 0.412037
v 0.046232 0.148624 0.200041
v 0.114542 0.315713 0.472535
v 0.132309 0.275338 0.207930
v 0.247195 0.379598 0.463133
v 0.120914 0.302273 0.289114
v 0.214514 0.381571 0.570865
v 0.066685 0.319379 0.271265
v 0.122598 0.366239 0.515999
v 0.132143 0.420495 0.403975
v 0.185284 0.377269 0.675453
v 0.114225 0.433572 0.448212
v 0.109305 0.339924 0.666277
v 0.040077 0.442815 0.586923
v 0.091949 0.407600 0.816617
v 0.085747 0.403670 0.485111
v 0.033928 0.330546 0.741722
v 0.051804 0.435390 0.644421
v 0.015103 0.381888 0.793028
v 0.041858 0.474960 0.768426
v 0.041858 0.474960 0.768426
v 0.041858 0.474960 0.768426
v 0.041858 0.474960 0.768426
v 0.020393 0.474403 0.766206
v 0.079450 0.345491 0.885843
v -0.013516 0.412322 0.804254
v 0.090020 0.257139 0.872104
v 0.049019 0.460659 0.719945
v 0.033904 0.327250 0.904869
v 0.040096 0.414340 0.784772
v -0.037192 0.296643 0.862088
v 0.031241 0.438463 0.880155
v 0.092627 0.278826 0.951353
v 0.015688 0.377205 0.899304
v 0.015688 0.377205 0.899304
v 0.015688 0.377205 0.899304
v 0.015688 0.377205 0.899304
v 0.004063 0.376722 0.893750
v 0.101776 0.230556 0.899062
v -0.005535 0.379323 0.880443
v 0.048504 0.307968 0.975789
v -0.000027 0.402078 0.875531
v 0.060101 0.340378 0.966639
v 0.003201 0.422713 0.866723
v 0.101071 0.417026 0.986161
v 0.023675 0.431954 0.861103
v 0.115050 0.407489 0.958184
v 0.215417 0.293443 0.041911
v 0.031110 0.610490 0.374468
v 0.255264 0.373301 0.021065
v 0.277618 0.611608 0.380884
v 0.237729 0.516508 0.123958
v 0.435217 0.659575 0.396396
v 0.315909 0.456499 0.046709
v 0.375295 0.628388 0.313900
v 0.394226 0.542806 0.064562
v 0.484817 0.673110 0.423035
v 0.438708 0.553821 0.054205
v 0.628794 0.639364 0.384652
v 0.533384 0.609773 0.068372
v 0.654271 0.529215 0.443332
v 0.622617 0.626036 0.080312
v 0.765305 0.563596 0.385666
v 0.739701 0.611855 0.088126
v 0.909618 0.587074 0.396654
v 0.821998 0.570932 0.106838
v 0.967233 0.538394 0.340636
v 0.865878 0.605021 0.160317
v 1.027071 0.475175 0.317844
v 0.938423 0.562588 0.166743
v 1.047475 0.453453 0.260934
v 0.946570 0.582319 0.162701
v 1.056324 0.379146 0.272471
v 0.964649 0.534090 0.154860
v 1.096236 0.372097 0.208459
v 0.967650 0.493465 0.139335
v 1.078638 0.364206 0.136495
v 0.988676 0.481737 0.141505
v 1.042134 0.306359 0.098189
v 0.127302 0.263083 0.011928
v 0.247245 0.546253 -0.186451
v 0.184068 0.358501 0.019424
v 0.464227 0.566718 -0.292464
v 0.261506 0.457308 0.049674
v 0.556102 0.603941 -0.178916
v 0.361040 0.570923 0.056010
v 0.709927 0.617602 -0.097767
v 0.477351 0.598390 0.094783
v 0.665618 0.625113 -0.216584
v 0.505913 0.632384 0.083441
v 0.825141 0.567345 -0.131806
v 0.660458 0.619972 0.136637
v 0.780791 0.542018 -0.141622
v 0.463665 0.603404 0.072146
v 0.662746 0.587288 -0.244244
v 0.419712 0.599815 0.044289
v 0.594064 0.592094 -0.165199
v 0.668723 0.632853 0.107455
v 0.981723 0.545133 -0.064758
v 0.733907 0.571280 0.142803
v 1.065906 0.558133 0.007423
v 0.820864 0.600188 0.110627
v 1.085488 0.422712 0.019774
v 0.853529 0.550291 0.170203
v 1.100969 0.316929 0.048689
v 0.933157 0.511151 0.169627
v 0.933157 0.511151 0.169627
v 0.933157 0.511151 0.169627
v 0.933157 0.511151 0.169627
v 0.926118 0.508239 0.178430
v 1.068799 0.303901 0.100946
v 0.176419 0.272963 0.022070
v 0.444981 0.533643 -0.093234
v 0.164435 0.293196 -0.001274
v 0.430376 0.491576 -0.139730
v 0.213243 0.360414 0.025077
v 0.599544 0.510584 -0.161502
v 0.323931 0.512876 0.009329
v 0.664018 0.511810 -0.115893
v 0.389178 0.572693 0.016635
v 0.707197 0.512193 -0.160939
v 0.387531 0.546162 0.043646
v 0.760830 0.490650 -0.151695
v 0.531339 0.626899 0.034746
v 0.814640 0.457664 -0.110806
v 0.491537 0.586947 0.045074
v 0.889152 0.568980 -0.042363
v 0.609718 0.592807 0.090449
v 1.036571 0.490279 0.020443
v 0.730757 0.612077 0.134667
v 1.078614 0.400497 0.104637
v 0.771919 0.608625 0.178183
v 1.043497 0.380611 0.079852
v 0.763206 0.630827 0.103464
v 1.007920 0.454813 0.105703
v 0.744832 0.595095 0.106088
v 0.987063 0.390252 0.094963
v 0.901068 0.543466 0.194060
v 1.036971 0.303791 0.143869
v 0.991704 0.505406 0.141984
v 0.999627 0.315919 0.090878
v 0.213838 0.235576 0.010048
v 0.403018 0.582110 0.294888
v 0.183958 0.323915 0.062036
v 0.346236 0.575117 0.368644
v 0.260824 0.283375 -0.013645
v 0.515351 0.532294 0.275436
v 0.301512 0.386920 0.059195
v 0.618090 0.513853 0.296843
v 0.305093 0.392296 0.017053
v 0.593055 0.579327 0.180063
v 0.371540 0.519198 0.010792
v 0.747851 0.578691 0.092335
v 0.413737 0.560600 0.056546
v 0.740169 0.555833 0.330296
v 0.548375 0.595817 0.066609
v 0.779191 0.488677 0.324103
v 0.643666 0.594456 0.080905
v 0.904850 0.487008 0.324863
v 0.772550 0.592358 0.121685
v 0.967611 0.375784 0.274518
v 0.795505 0.571613 0.181508
v 0.988245 0.357706 0.221357
v 0.655624 0.593268 0.082695
v 0.920804 0.429425 0.201144
v 0.520986 0.592207 0.067697
v 0.704273 0.580103 0.152799
v 0.504256 0.591641 0.064541
v 0.755643 0.560126 0.121852
v 0.145115 0.219381 0.084362
v 0.411356 0.403041 0.246380
v 0.212385 0.272485 0.090404
v 0.489484 0.362761 0.005976
v 0.216687 0.331022 0.069759
v 0.487410 0.522143 0.300801
v 0.240099 0.371336 0.088979
v 0.453749 0.472826 0.313731
v 0.247606 0.384334 0.113195
v 0.394318 0.447525 0.288352
v 0.310998 0.382988 0.049400
v 0.578525 0.527625 0.351720
v 0.374823 0.468187 0.079916
v 0.691595 0.557657 0.313021
v 0.578732 0.599563 0.114742
v 0.721853 0.553957 0.292642
v 0.653010 0.595004 0.127705
v 0.868167 0.420726 0.291802
v 0.655942 0.576876 0.175856
v 0.931508 0.431327 0.167822
v 0.218625 0.329098 0.055390
v 0.438077 0.421462 0.160327
v 0.218415 0.351662 0.073993
v 0.456543 0.510263 -0.027002
v 0.480960 0.479771 0.015085
v 0.422578 0.459608 -0.029705
v 0.257356 0.374414 0.056256
v 0.462969 0.430099 0.062641
v 0.245212 0.358986 0.032456
v 0.413874 0.387317 0.093395
v 0.344481 0.388810 0.071042
v 0.205693 0.279605 0.083621
v 0.246731 0.344794 0.040303
v 0.390556 0.358670 0.064561
v 0.299944 0.401018 0.058201
v 0.617491 0.516568 -0.005678
v 0.376364 0.472022 0.077262
v 0.498527 0.543077 -0.152731
v 0.279720 0.371170 0.049786
v 0.407582 0.493903 -0.103746
v 0.355952 0.501531 0.063850
v 0.576863 0.447663 -0.113489
v 0.405898 0.505848 0.039696
v 0.661716 0.463607 -0.071746
v 0.448523 0.529395 0.041447
v 0.731202 0.469501 -0.033979
v 0.507683 0.542722 0.047690
v 0.807688 0.432289 0.021860
v 0.606095 0.562222 0.088880
v 0.855390 0.429665 0.092298
v 0.486956 0.504759 0.042766
v 0.706088 0.447482 0.188025
v 0.487190 0.492406 0.077409
v 0.689659 0.501456 0.246897
v 0.396221 0.456011 0.038424
v 0.586527 0.494093 0.143588
v 0.426254 0.456197 0.096452
v 0.597465 0.434301 0.121394
v 0.486353 0.522045 0.034451
v 0.648504 0.502222 0.165638
v 0.585738 0.536141 0.114007
v 0.614927 0.468718 0.268117
v 0.034134 -0.333578 0.018735
v 0.303767 0.055380 0.168379
v 0.095800 -0.134419 -0.090404
v 0.524958 0.146508 0.116972
v 0.254307 0.037590 -0.152933
v 0.597809 0.125168 0.157235
v 0.233910 -0.001628 -0.118202
v 0.524109 0.099149 0.201678
v 0.115895 -0.026090 -0.035257
v 0.399680 0.138547 0.151765
v 0.308441 0.137255 -0.102776
v 0.641563 0.186623 0.058081
v 0.393128 0.151555 -0.141043
v 0.755175 0.134282 0.069755
v 0.461452 0.164471 -0.188380
v 0.816921 0.143821 -0.051338
v 0.569917 0.171123 -0.184368
v 0.757831 0.012268 -0.099478
v 0.651788 0.154824 -0.251474
v 0.777272 -0.035821 -0.143307
v 0.691926 0.116969 -0.265991
v 0.822280 -0.089942 -0.164045
v 0.725748 0.077997 -0.246785
v 0.823698 -0.074988 -0.233780
v 0.713189 0.073169 -0.267929
v 0.700724 0.082124 -0.250596
v 0.703627 0.078558 -0.254345
v 0.777910 -0.153743 -0.256374
v 0.734384 0.053121 -0.265495
v 0.804861 -0.127065 -0.256275
v 0.012504 -0.382632 -0.029055
v 0.174829 -0.044142 -0.325071
v 0.103864 -0.020612 0.018694
v 0.403137 0.227155 -0.115926
v 0.078321 0.105065 -0.094532
v 0.440699 0.372553 -0.100307
v 0.091820 0.140275 -0.124444
v 0.436118 0.318300 -0.035566
v 0.114748 0.152436 -0.155099
v 0.364966 0.293739 -0.020701
v 0.150958 0.225143 -0.178292
v 0.597662 0.420993 -0.194654
v 0.226092 0.252479 -0.229781
v 0.700647 0.488469 -0.120883
v 0.333047 0.334149 -0.327266
v 0.734978 0.445120 -0.149263
v 0.411915 0.323042 -0.371941
v 0.808863 0.439870 -0.297468
v 0.390318 0.325087 -0.355293
v 0.710696 0.465131 -0.172425
v 0.441877 0.338654 -0.357854
v 0.847592 0.403600 -0.369941
v 0.487330 0.339599 -0.420739
v 0.848701 0.359895 -0.420252
v 0.540387 0.342338 -0.466060
v 0.847290 0.277069 -0.425608
v 0.605417 0.330543 -0.501421
v 0.866611 0.221390 -0.510944
v 0.655590 0.298527 -0.558061
v 0.899334 0.175143 -0.505430
v 0.690287 0.284888 -0.561674
v 0.847121 0.127822 -0.560510
v 0.687140 0.271884 -0.568810
v 0.866978 0.114381 -0.585519
v 0.729021 0.233623 -0.597100
v 0.772228 0.052719 -0.583424
v 0.028231 -0.042266 -0.076716
v 0.059051 0.244390 -0.362289
v -0.004912 -0.023977 -0.055781
v -0.024183 0.199920 -0.295963
v 0.033233 0.115965 -0.110132
v 0.050864 0.318131 -0.451302
v 0.076171 0.189600 -0.129045
v 0.138356 0.381158 -0.534777
v 0.137362 0.253964 -0.183567
v 0.085883 0.458502 -0.558224
v 0.239221 0.252865 -0.234253
v 0.202266 0.504042 -0.599574
v 0.229293 0.286674 -0.262793
v 0.320978 0.440951 -0.647683
v 0.293990 0.328181 -0.301081
v 0.479060 0.426361 -0.750030
v 0.360450 0.408519 -0.395533
v 0.572910 0.352362 -0.677570
v 0.435961 0.404833 -0.425773
v 0.630869 0.365624 -0.745309
v 0.365923 0.366094 -0.387248
v 0.549518 0.367290 -0.609911
v 0.489222 0.384355 -0.434980
v 0.714081 0.438440 -0.707555
v 0.575216 0.383068 -0.472049
v 0.793317 0.368414 -0.744679
v 0.635256 0.369528 -0.525941
v 0.811666 0.258900 -0.703395
v 0.702325 0.355151 -0.551496
v 0.858852 0.250092 -0.665725
v 0.729718 0.308922 -0.579972
v 0.914867 0.231304 -0.654216
v 0.798837 0.272755 -0.590439
v 0.822344 0.024365 -0.639828
v 0.112747 0.027129 -0.113526
v 0.515180 0.179005 -0.121179
v 0.150296 0.068914 -0.129522
v 0.578489 0.265121 -0.190063
v 0.199177 0.201336 -0.216911
v 0.651824 0.299630 -0.238670
v 0.269635 0.251949 -0.274949
v 0.675393 0.342217 -0.282575
v 0.187223 0.223394 -0.184292
v 0.569635 0.331401 -0.179753
v 0.329009 0.305141 -0.312425
v 0.743662 0.284719 -0.299462
v 0.343120 0.278714 -0.344309
v 0.718324 0.304461 -0.363334
v 0.429079 0.319919 -0.418233
v 0.735350 0.311207 -0.385891
v 0.488576 0.311855 -0.460230
v 0.782007 0.321730 -0.438577
v 0.539423 0.325879 -0.490645
v 0.832038 0.261966 -0.398746
v 0.649441 0.331922 -0.540837
v 0.824682 0.218420 -0.422111
v 0.533931 0.324221 -0.517036
v 0.775750 0.223812 -0.510238
v 0.550242 0.339394 -0.507469
v 0.718007 0.239756 -0.492622
v 0.615776 0.294870 -0.552619
v 0.837470 0.219592 -0.507688
v 0.708267 0.292450 -0.531087
v 0.861759 0.125969 -0.542530
v 0.742273 0.263444 -0.557469
v 0.811635 0.063261 -0.554388
v 0.058377 -0.068305 -0.044558
v -0.015176 0.140179 -0.290246
v 0.044909 0.044582 -0.059925
v 0.005997 0.221528 -0.341492
v 0.154700 0.086648 -0.108195
v 0.087671 0.271504 -0.433199
v 0.093943 0.150472 -0.118228
v 0.228010 0.231360 -0.462428
v 0.067716 0.103002 -0.072162
v 0.144361 0.230366 -0.325651
v 0.114944 0.140457 -0.135489
v 0.234833 0.332800 -0.563838
v 0.200580 0.265836 -0.221910
v 0.254689 0.415266 -0.609309
v 0.218846 0.285976 -0.252678
v 0.418248 0.374958 -0.627051
v 0.262488 0.331015 -0.307341
v 0.453779 0.382228 -0.689019
v 0.315284 0.383273 -0.345402
v 0.510593 0.380447 -0.689654
v 0.429742 0.302450 -0.394733
v 0.447235 0.380729 -0.562386
v 0.376138 0.334738 -0.369337
v 0.479236 0.369560 -0.590180
v 0.441750 0.354466 -0.406793
v 0.571980 0.349329 -0.666134
v 0.482434 0.361041 -0.459993
v 0.592262 0.369011 -0.683264
v 0.507036 0.343029 -0.467948
v 0.632619 0.308267 -0.668303
v 0.541660 0.350911 -0.512295
v 0.648274 0.302783 -0.672369
v 0.606273 0.330970 -0.548423
v 0.699935 0.252755 -0.670293
v 0.580524 0.300462 -0.551729
v 0.743712 0.207029 -0.674890
v 0.644350 0.262885 -0.536744
v 0.760978 0.162209 -0.700230
v 0.697686 0.254144 -0.608520
v 0.756575 0.106466 -0.699517
v 0.032810 -0.081297 -0.058483
v 0.194130 0.176077 -0.289637
v 0.076997 -0.067096 -0.047998
v 0.007697 0.195142 -0.287904
v 0.101145 -0.057146 -0.045186
v -0.030736 0.126252 -0.260984
v 0.027482 -0.014452 -0.100053
v 0.160917 0.233745 -0.398341
v 0.077514 0.120034 -0.179225
v 0.227265 0.278570 -0.474616
v 0.169665 0.145592 -0.172400
v 0.287444 0.304602 -0.514342
v 0.198140 0.265279 -0.254125
v 0.402208 0.251890 -0.517444
v 0.160615 0.198739 -0.219491
v 0.302677 0.257101 -0.487726
v 0.263434 0.287555 -0.289887
v 0.490877 0.264235 -0.539907
v 0.322798 0.371314 -0.405393
v 0.433486 0.296357 -0.616934
v 0.342441 0.342777 -0.379434
v 0.544393 0.325354 -0.611042
v 0.516793 0.311650 -0.598321
v 0.553333 0.298588 -0.515730
v 0.108852 0.010213 -0.061781
v 0.317819 0.189260 -0.311370
v 0.081481 -0.005467 -0.049599
v 0.389012 0.228689 -0.137535
v 0.125934 0.057994 -0.112360
v 0.506921 0.311241 -0.179966
v 0.189969 0.156513 -0.189366
v 0.555286 0.239515 -0.244322
v 0.286080 0.233119 -0.169212
v 0.522032 0.221845 -0.159880
v 0.221978 0.180051 -0.222006
v 0.619546 0.192853 -0.326064
v 0.265521 0.211672 -0.247604
v 0.628420 0.217803 -0.386610
v 0.347230 0.260501 -0.294774
v 0.668333 0.269552 -0.289657
v 0.367019 0.242820 -0.313226
v 0.654423 0.282326 -0.398566
v 0.308318 0.227902 -0.297957
v 0.668049 0.246394 -0.472637
v 0.437633 0.291862 -0.382327
v 0.713359 0.221288 -0.412974
v 0.335873 0.252562 -0.351662
v 0.620073 0.199884 -0.621684
v 0.506770 0.291849 -0.420576
v 0.735253 0.291772 -0.432101
v 0.513148 0.308960 -0.467806
v 0.761631 0.151121 -0.462238
v 0.564197 0.302915 -0.501654
v 0.775392 0.103392 -0.507773
v 0.572208 0.288042 -0.511217
v 0.777472 0.111745 -0.555222
v 0.451199 0.300988 -0.422632
v 0.667668 0.161588 -0.563811
v 0.489907 0.300289 -0.436347
v 0.679575 0.084472 -0.610400
v 0.551330 0.290735 -0.494681
v 0.667540 0.128784 -0.659276
v 0.254968 0.231462 -0.220116
v 0.413973 0.147172 -0.426936
v 0.311629 0.221217 -0.322620
v 0.500473 0.161038 -0.353144
v 0.345696 0.222703 -0.288495
v 0.509903 0.168753 -0.239864
v 0.322905 0.176486 -0.201769
v 0.371106 0.156108 -0.399004
v 0.130208 0.035546 -0.125757
v 0.348884 0.134536 -0.306596
v 0.185899 0.158709 -0.242445
v 0.365024 0.135871 -0.341861
v 0.221762 0.130927 -0.196614
v 0.427066 0.168296 -0.224398
v 0.443549 0.295394 -0.472551
v 0.471843 0.279247 -0.650787
v 0.094682 -0.160665 -0.074151
v 0.199757 0.126560 -0.395515
v 0.144907 -0.049742 -0.086419
v 0.268982 0.179017 -0.440883
v 0.464622 0.248778 -0.402719
v 0.653245 0.139109 -0.475034
v 0.425095 0.235102 -0.385265
v 0.559911 0.190687 -0.521046
v 0.404785 0.219246 -0.387750
v 0.550542 0.163665 -0.403513
v 0.400447 0.232084 -0.382202
v 0.462222 0.174216 -0.502928
v 0.390048 0.248308 -0.385282
v 0.425804 0.161099 -0.496151
v 0.413208 0.240887 -0.367114
v 0.504333 0.186479 -0.306759
v 0.232554 0.037688 -0.135545
v 0.369676 0.062111 -0.392828
v 0.315583 0.044050 -0.110094
v 0.536555 0.085815 -0.438838
v 0.302891 0.097296 -0.144842
v 0.606254 0.112652 -0.406332
v 0.362594 0.116483 -0.165016
v 0.655694 0.107331 -0.397879
v 0.405732 0.107454 -0.190835
v 0.721685 0.088178 -0.415455
v 0.568601 0.148219 -0.186002
v 0.759418 0.057557 -0.381729
v 0.669183 0.130573 -0.219998
v 0.777666 -0.019916 -0.359016
v 0.719719 0.078124 -0.246883
v 0.748338 -0.138041 -0.331486
v 0.095413 -0.374192 -0.079417
v 0.156837 -0.098967 -0.205970
v 0.151215 -0.301252 -0.034883
v 0.239751 -0.033971 -0.281072
v 0.141353 -0.283026 -0.072442
v 0.041623 -0.122773 -0.268741
v 0.105740 -0.301506 -0.062795
v 0.019867 -0.178668 -0.239733
v 0.192067 -0.071498 -0.107025
v 0.258851 0.016084 -0.374635
v 0.130979 -0.105035 -0.111084
v 0.203302 -0.038877 -0.297289
v 0.109448 -0.171824 -0.072252
v 0.115539 -0.100124 -0.286359
v 0.184069 -0.088974 -0.095617
v 0.300807 0.006572 -0.357016
v 0.213736 -0.003425 -0.145343
v 0.355373 0.070237 -0.353356
v 0.246062 0.010732 -0.138358
v 0.473346 0.079263 -0.381570
v 0.296595 0.059155 -0.172524
v 0.568472 0.086996 -0.361796
v 0.354569 0.100954 -0.187841
v 0.614345 0.058971 -0.337430
v 0.495972 0.133687 -0.149329
v 0.607466 0.067756 -0.378798
v 0.481329 0.139589 -0.152890
v 0.556910 0.037897 -0.359016
v 0.518972 0.165083 -0.205646
v 0.643693 0.034303 -0.345369
v 0.583002 0.143987 -0.197621
v 0.678545 0.027872 -0.336439
v 0.640247 0.123117 -0.215960
v 0.689866 -0.057307 -0.358509
v 0.691445 0.071987 -0.234182
v 0.655457 -0.084591 -0.344712
v 0.727741 0.069399 -0.248756
v 0.664613 -0.097847 -0.325755
v 0.102763 -0.390729 0.003976
v 0.310336 -0.063864 0.020975
v 0.144087 -0.162513 -0.090303
v 0.434374 0.020555 0.072378
v 0.148598 -0.179223 -0.101379
v 0.511622 0.097610 0.030385
v 0.175159 -0.117733 -0.122712
v 0.604516 0.082965 0.006819
v 0.262348 0.045107 -0.140363
v 0.637701 0.056769 -0.055227
v 0.314023 0.030057 -0.188269
v 0.699327 0.057435 -0.072749
v 0.403322 0.092331 -0.220710
v 0.734752 0.081516 -0.146573
v 0.523671 0.128930 -0.230579
v 0.738933 -0.035327 -0.171143
v 0.592995 0.133082 -0.198125
v 0.726406 -0.082824 -0.195699
v 0.657823 0.109551 -0.249695
v 0.720142 -0.110512 -0.247396
v 0.141877 -0.275723 0.001667
v 0.314322 0.024552 -0.083592
v 0.114192 -0.361766 -0.083879
v 0.347828 -0.016817 -0.070863
v 0.132335 -0.228669 -0.081026
v 0.369719 -0.065317 -0.238186
v 0.196928 -0.054425 -0.112207
v 0.496289 -0.016211 -0.162885
v 0.207041 -0.094861 -0.035946
v 0.414410 0.004260 -0.091827
v 0.343075 0.056085 -0.152316
v 0.541645 0.025340 -0.283254
v 0.465458 0.102135 -0.248443
v 0.680565 0.011670 -0.250340
v 0.478594 0.098260 -0.144651
v 0.650614 0.044669 -0.194339
v 0.609723 0.113814 -0.237916
v 0.686397 -0.061251 -0.244530
v 0.656646 0.089691 -0.222907
v 0.697571 -0.057372 -0.198525
v 0.105969 -0.288087 0.041685
v 0.104132 0.078857 0.320201
v 0.130580 -0.139995 0.059441
v 0.120083 0.091515 0.434709
v 0.148496 -0.104640 0.046506
v 0.105263 0.114552 0.366660
v 0.234344 -0.006960 0.093107
v 0.301578 -0.032625 0.474822
v 0.261987 0.036373 0.148377
v 0.309724 -0.029532 0.451362
v 0.319170 0.049796 0.161602
v 0.396257 -0.108368 0.425920
v 0.401166 0.057251 0.246618
v 0.447678 -0.105894 0.427492
v 0.407218 0.052733 0.280244
v 0.525427 -0.127219 0.397437
v 0.448806 0.018610 0.320256
v 0.594064 -0.129094 0.357729
v 0.454328 0.009535 0.308545
v 0.586689 -0.112195 0.299616
v 0.102821 -0.221246 -0.016527
v 0.361711 -0.063678 0.076248
v 0.115787 -0.103248 0.025323
v 0.457203 0.023408 0.055527
v 0.163855 -0.019013 0.057422
v 0.534913 0.000692 0.043034
v 0.249527 -0.016130 0.199078
v 0.592467 0.010388 0.106100
v 0.252195 0.013125 0.115578
v 0.646434 -0.000560 0.149193
v 0.349013 0.026240 0.236021
v 0.579181 0.001103 0.162057
v 0.388499 0.031893 0.264182
v 0.600419 -0.051831 0.217375
v 0.424651 -0.001506 0.288094
v 0.621434 -0.109282 0.245148
v 0.442964 -0.002543 0.276032
v 0.444984 -0.019336 0.305014
v 0.441419 -0.018570 0.308235
v 0.596927 -0.130891 0.240368
v 0.068523 -0.373364 0.037738
v 0.111452 -0.062054 0.286397
v 0.083026 -0.362613 0.053753
v 0.027943 -0.022892 0.311732
v 0.121483 -0.156314 0.077068
v 0.124926 -0.002514 0.382100
v 0.148454 -0.133488 0.074550
v 0.180333 -0.006374 0.418649
v 0.196300 -0.062230 0.104386
v 0.223056 -0.026714 0.414532
v 0.265145 0.020602 0.174032
v 0.305952 0.003591 0.425655
v 0.286069 0.024095 0.161047
v 0.334252 -0.012128 0.412225
v 0.322829 0.041757 0.196525
v 0.405575 -0.027674 0.418131
v 0.349520 0.045216 0.222994
v 0.465375 -0.111439 0.339921
v 0.386910 0.033842 0.239866
v 0.520360 -0.105614 0.355500
v 0.409939 0.018211 0.286443
v 0.553532 -0.115125 0.319137
v 0.419949 0.018679 0.296821
v 0.570370 -0.092466 0.280713
v 0.064347 -0.356175 0.020428
v 0.365290 -0.077160 0.100868
v 0.118131 -0.223668 0.064952
v 0.488551 -0.079017 0.105498
v 0.204960 -0.059616 0.150527
v 0.528235 -0.094156 0.100911
v 0.232022 -0.013462 0.134340
v 0.529891 -0.115833 0.135659
v 0.311494 0.018975 0.141925
v 0.498984 -0.128201 0.166457
v 0.267365 -0.009763 0.167226
v 0.430035 -0.128477 0.131423
v 0.296597 0.014031 0.198558
v 0.527664 -0.087512 0.200828
v 0.353874 0.020196 0.238369
v 0.436435 0.031280 0.212325
v 0.378510 0.027135 0.251783
v 0.525855 -0.159647 0.226665
v 0.411215 0.028586 0.231342
v 0.509350 -0.214353 0.253556
v 0.060709 -0.505579 0.045977
v 0.113390 -0.114760 0.261218
v 0.071442 -0.433052 0.024900
v 0.186299 -0.201256 0.148144
v 0.069994 -0.304633 0.023189
v 0.219252 -0.132400 0.136840
v 0.088398 -0.266115 0.118654
v 0.360775 -0.164731 0.151122
v 0.068935 -0.321824 0.041054
v 0.150170 -0.115239 0.270098
v 0.050825 -0.447176 0.067385
v -0.001611 -0.128006 0.208357
v 0.075757 -0.238866 0.060680
v 0.032947 -0.087647 0.334667
v 0.095290 -0.185725 0.081053
v 0.107230 -0.044732 0.336315
v 0.096220 -0.170220 0.069010
v 0.198819 -0.060993 0.339567
v 0.148417 -0.144578 0.072253
v 0.267221 -0.120137 0.365048
v 0.163799 -0.072582 0.099540
v 0.244399 -0.077298 0.382681
v 0.176983 -0.055343 0.125870
v 0.159028 -0.106060 0.325731
v 0.190747 -0.085143 0.103803
v 0.329411 0.006933 0.335208
v 0.196736 -0.064078 0.103955
v 0.406520 -0.102730 0.279231
v 0.234136 -0.040547 0.107952
v 0.426323 -0.106659 0.259780
v 0.246686 -0.033189 0.133967
v 0.363136 -0.148267 0.251173
v 0.309913 0.024688 0.237662
v 0.464702 -0.078923 0.304300
v 0.316730 0.043850 0.210798
v 0.384221 -0.044685 0.365818
v 0.296577 0.032216 0.257672
v 0.415928 -0.106653 0.337000
v 0.360613 0.018516 0.296250
v 0.483952 -0.134022 0.309375
v 0.132304 -0.146072 0.064802
v 0.334928 -0.039545 0.200966
v 0.125675 -0.179352 0.110566
v 0.281648 -0.105476 0.145068
v 0.097027 -0.305804 0.082028
v 0.329215 -0.238512 0.015965
v 0.105668 -0.313808 0.043039
v 0.277889 -0.329055 -0.022515
v 0.157816 -0.179003 0.091172
v 0.414538 -0.137343 -0.009979
v 0.204908 -0.160420 0.051729
v 0.463138 -0.058580 0.113472
v 0.224107 -0.095678 0.106431
v 0.431225 -0.115366 0.086363
v 0.237406 -0.043560 0.160541
v 0.477512 -0.136899 0.152015
v 0.302315 -0.042694 0.121043
v 0.488999 -0.187733 0.180042
v 0.374412 -0.024099 0.172901
v 0.481445 -0.220986 0.206536
v 0.027784 -0.309253 0.054790
v -0.219153 0.028671 0.189724
v 0.039671 -0.189654 0.156043
v -0.340569 0.155244 0.325667
v 0.036443 -0.031096 0.229594
v -0.313357 0.200449 0.380659
v 0.029377 -0.039360 0.296128
v -0.392111 0.224761 0.438642
v 0.008743 0.080186 0.363951
v -0.375480 0.183115 0.576867
v -0.063706 0.156875 0.485858
v -0.317604 0.127555 0.571032
v -0.077928 0.167890 0.546639
v -0.299158 0.006280 0.623861
v -0.125740 0.153440 0.565438
v -0.252498 -0.046642 0.658742
v -0.128576 0.135331 0.613460
v -0.251039 -0.093060 0.676929
v -0.094014 0.088542 0.655869
v -0.192028 -0.128537 0.675274
v -0.140061 0.070056 0.689678
v -0.187051 -0.177614 0.690539
v -0.138498 0.007676 0.714749
v -0.148984 -0.218053 0.695520
v -0.128298 -0.011807 0.724888
v -0.082132 -0.203316 0.714169
v 0.051816 -0.136807 0.048244
v 0.252825 0.175940 0.396522
v 0.059399 -0.042984 0.122542
v 0.254742 0.179997 0.461996
v 0.012703 0.032562 0.205961
v 0.240163 0.230893 0.633434
v 0.015461 0.188281 0.336666
v 0.190271 0.255527 0.620010
v -0.038923 0.202951 0.410866
v 0.157448 0.167313 0.774229
v -0.062979 0.207382 0.490829
v 0.086299 0.035646 0.801132
v -0.070704 0.196594 0.519145
v 0.057898 0.041362 0.806231
v -0.080217 0.168262 0.596311
v -0.052603 -0.040023 0.845643
v -0.076612 0.102995 0.621999
v -0.022116 -0.101158 0.781847
v -0.136023 0.039722 0.673055
v 0.003960 -0.137912 0.747466
v -0.110132 0.036364 0.720638
v -0.049829 -0.182673 0.753316
v -0.020996 -0.332973 0.024573
v -0.212294 0.016481 0.236964
v -0.005255 -0.404586 0.037330
v -0.188940 -0.001017 0.223081
v -0.041333 -0.269661 0.064889
v -0.157320 -0.007229 0.316531
v 0.030044 -0.121424 0.208543
v -0.272669 0.157779 0.370115
v 0.014669 0.009351 0.275957
v -0.285960 0.061051 0.393267
v -0.015610 0.050215 0.341013
v -0.292728 0.053547 0.525379
v -0.026298 0.086569 0.361935
v -0.250556 -0.024014 0.626265
v -0.057236 0.087549 0.433007
v -0.266721 0.040396 0.661323
v -0.083775 0.117113 0.542691
v -0.170897 -0.170094 0.662334
v -0.085909 0.075063 0.606655
v -0.127910 -0.257301 0.657567
v -0.117818 0.039028 0.609615
v -0.072236 -0.178284 0.729123
v 0.061587 -0.162981 0.108079
v 0.229058 0.110801 0.467494
v 0.033815 -0.040073 0.167560
v 0.177699 0.175130 0.556665
v 0.012234 -0.000381 0.176169
v 0.215735 0.126711 0.509596
v 0.038860 -0.061887 0.205590
v 0.127854 0.018749 0.489161
v 0.039908 -0.040093 0.215439
v -0.013289 -0.024311 0.440967
v 0.003351 0.024665 0.308966
v 0.148438 0.038483 0.658045
v 0.000014 0.097752 0.346044
v 0.115179 -0.030938 0.662351
v -0.010638 0.115267 0.382275
v 0.057629 0.101845 0.740142
v -0.023453 0.109275 0.429394
v -0.036626 0.072877 0.813386
v -0.082982 0.085851 0.468724
v 0.003736 -0.033387 0.781720
v -0.113397 0.081280 0.523882
v 0.020821 -0.092228 0.687451
v -0.104169 0.016991 0.606759
v 0.043345 -0.155711 0.712620
v 0.067242 -0.238140 0.116254
v -0.022587 -0.078446 0.311409
v -0.037087 -0.263928 0.107757
v -0.113807 -0.093890 0.295089
v 0.036587 -0.253507 0.109971
v -0.065363 -0.084686 0.350948
v -0.001445 -0.265401 0.122557
v -0.039775 -0.149689 0.373220
v 0.045928 -0.241235 0.096592
v 0.022387 -0.158143 0.290720
v 0.057115 -0.303428 0.117651
v -0.008014 -0.153593 0.314986
v 0.025452 -0.277636 0.106880
v -0.059813 -0.164902 0.265428
v -0.024634 -0.257688 0.109878
v -0.068078 -0.143153 0.240006
v -0.047008 -0.089573 0.233211
v 0.069070 -0.063725 0.480608
v 0.004654 0.021978 0.305345
v 0.038150 -0.030063 0.497936
v -0.054300 -0.023720 0.284814
v -0.042875 0.013830 0.443374
v -0.079554 -0.038424 0.240700
v -0.103322 -0.006814 0.437367
v -0.009464 -0.026456 0.254488
v -0.041754 -0.039458 0.397328
v -0.097522 -0.027425 0.249501
v -0.183142 0.021254 0.469780
v -0.015718 -0.063666 0.249790
v -0.151209 -0.060268 0.422810
v -0.038605 0.040760 0.377825
v -0.106194 -0.007837 0.581047
v -0.063295 0.025896 0.364413
v -0.006102 0.027341 0.575593
v -0.048963 0.035496 0.415312
v 0.128713 0.027109 0.573733
v -0.019482 0.043039 0.425635
v 0.024050 -0.023514 0.628957
v -0.033635 0.072579 0.453498
v -0.020904 -0.021892 0.675335
v -0.053666 0.085801 0.455623
v -0.088641 -0.059443 0.669150
v -0.078876 0.056624 0.560369
v -0.075008 -0.087351 0.667046
v -0.080926 0.082019 0.566896
v -0.094788 -0.114165 0.667521
v -0.069260 0.072231 0.497452
v -0.132583 -0.103881 0.652017
v -0.075727 0.063854 0.574515
v 0.011067 -0.026458 0.686117
v -0.058979 0.079128 0.517261
v 0.027098 -0.005743 0.653693
v -0.072459 0.069788 0.446262
v -0.181339 -0.024694 0.639261
v -0.061149 0.046674 0.408439
v -0.200100 -0.079920 0.558267
v -0.080435 0.073361 0.394255
v -0.241682 0.010061 0.512290
v -0.102792 0.044801 0.369045
v -0.253206 0.020790 0.444017
v -0.120657 0.065761 0.335378
v -0.199947 -0.006117 0.422375
v 0.149337 -0.059833 0.160319
v 0.247466 -0.035741 0.399792
v 0.164060 -0.094732 0.118261
v 0.233752 -0.081009 0.377134
v 0.145995 -0.073757 0.149306
v 0.238927 -0.137941 0.389558
v -0.064255 -0.153998 -0.008789
v -0.201552 0.134510 -0.250275
v -0.052964 -0.083354 0.008270
v -0.306102 0.263807 -0.185372
v -0.144660 0.028507 -0.005255
v -0.323385 0.359561 -0.253190
v -0.285676 0.096708 0.021450
v -0.516142 0.427614 -0.225822
v -0.395846 0.158179 0.052636
v -0.612853 0.382067 -0.170108
v -0.397732 0.143383 0.039858
v -0.660971 0.331064 -0.102545
v -0.480753 0.159887 0.098366
v -0.724708 0.280414 -0.089737
v -0.526610 0.161490 0.111305
v -0.771312 0.204547 -0.061052
v -0.599567 0.147916 0.089091
v -0.599567 0.147916 0.089091
v -0.599567 0.147916 0.089091
v -0.599567 0.147916 0.089091
v -0.562353 0.157855 0.082137
v -0.832653 0.181695 -0.017402
v -0.645024 0.207274 0.119014
v -0.875412 0.045219 0.030839
v -0.658456 0.186301 0.116980
v -0.885723 0.003058 0.114751
v -0.671565 0.156080 0.116201
v -0.871695 -0.017639 0.172052
v -0.751065 0.125152 0.154339
v -0.839972 -0.140768 0.167470
v -0.007243 -0.114673 0.046148
v -0.311603 0.188045 0.193534
v -0.077902 0.083389 0.050294
v -0.439958 0.263947 0.325900
v -0.225797 0.117036 0.085154
v -0.477614 0.258774 0.377507
v -0.326620 0.177997 0.099669
v -0.543874 0.274196 0.365578
v -0.409467 0.182142 0.087110
v -0.585047 0.271300 0.312706
v -0.422165 0.209034 0.105884
v -0.646889 0.237064 0.330832
v -0.480539 0.209165 0.114131
v -0.712752 0.219604 0.324262
v -0.512863 0.181725 0.134409
v -0.706084 0.126262 0.349576
v -0.606648 0.183922 0.131891
v -0.731133 0.029061 0.347755
v -0.660028 0.146833 0.154839
v -0.726983 0.009478 0.318905
v -0.762133 0.117111 0.175395
v -0.707135 -0.064680 0.340711
v -0.010289 -0.210474 0.024055
v -0.167788 0.076963 -0.210517
v -0.034423 -0.143956 -0.028220
v -0.287263 0.157625 -0.109969
v -0.055372 -0.081855 -0.046301
v -0.322700 0.132292 -0.165912
v -0.165526 0.016833 0.028458
v -0.357704 0.185439 -0.183719
v -0.254683 0.075721 0.043063
v -0.467524 0.127279 -0.200623
v -0.302347 0.126810 -0.027972
v -0.562952 0.148662 -0.053887
v -0.386319 0.124501 0.064341
v -0.669964 0.150456 -0.098815
v -0.417296 0.147334 0.082177
v -0.725895 0.115784 -0.051474
v -0.480588 0.159313 0.043522
v -0.720119 0.052971 0.023050
v -0.525514 0.179615 0.053689
v -0.790925 0.020494 0.040239
v -0.537577 0.162618 0.107942
v -0.809046 -0.025365 0.104212
v -0.572191 0.140760 0.090419
v -0.775759 -0.032362 0.106537
v -0.590411 0.149779 0.076528
v -0.762597 -0.018239 0.128401
v -0.628171 0.130990 0.092081
v -0.758394 -0.075152 0.210601
v -0.636083 0.119483 0.104035
v -0.748701 -0.020358 0.241457
v -0.023832 -0.209137 0.068475
v -0.277408 0.002666 0.162354
v -0.078877 -0.130699 0.000852
v -0.233496 0.078643 0.200734
v -0.111833 -0.104573 0.003442
v -0.221980 0.079424 0.197893
v -0.195742 0.038897 0.014987
v -0.287009 0.036863 0.276115
v -0.212353 0.065138 0.022995
v -0.396911 0.108038 0.328788
v -0.212231 0.081349 0.091412
v -0.480130 0.144946 0.320009
v -0.275542 0.161524 0.090230
v -0.513848 0.129846 0.332241
v -0.338917 0.147942 0.096518
v -0.611855 0.174888 0.296475
v -0.424211 0.197269 0.121386
v -0.615659 0.120986 0.231010
v -0.450247 0.198432 0.134874
v -0.679204 0.070526 0.261137
v -0.560182 0.166736 0.108342
v -0.682255 0.015794 0.314134
v -0.550061 0.182614 0.133702
v -0.690486 -0.013541 0.268452
v -0.100429 -0.134022 -0.014507
v -0.331349 0.033188 0.210639
v -0.156333 -0.038740 -0.031491
v -0.377686 0.130906 0.231111
v -0.319208 0.093963 0.043867
v -0.469322 0.093213 0.259344
v -0.000972 -0.266490 0.004927
v -0.160286 -0.102688 0.057915
v -0.006949 -0.216299 -0.002069
v -0.186040 -0.112998 -0.033759
v -0.017416 -0.209901 -0.023737
v -0.200617 -0.115297 0.083640
v -0.083488 -0.157527 0.059141
v -0.273582 -0.032766 0.090989
v -0.132716 -0.084176 0.057594
v -0.274331 -0.011674 -0.028446
v -0.123794 -0.107824 0.037312
v -0.253675 -0.011829 -0.053991
v -0.116137 -0.105962 0.009388
v -0.165199 0.060590 -0.149482
v -0.184700 -0.033520 0.000796
v -0.279193 0.014330 0.176886
v -0.202499 -0.002240 -0.021523
v -0.337142 0.090304 0.170737
v -0.244735 0.016708 0.033991
v -0.364170 0.013908 0.138910
v -0.196213 0.012564 0.061186
v -0.408308 0.065927 0.004000
v -0.194493 0.037665 -0.036125
v -0.384476 0.104053 -0.072927
v -0.206361 0.016850 0.000116
v -0.316811 0.106032 -0.146305
v -0.269943 0.057666 0.001750
v -0.448527 0.084084 0.172472
v -0.312974 0.080515 0.020496
v -0.490059 0.149119 0.154667
v -0.468255 0.142988 0.157077
v -0.472595 0.113938 0.087217
v -0.258402 0.115690 -0.018783
v -0.440886 0.130479 -0.116567
v -0.282008 0.079793 0.020526
v -0.343699 0.133835 -0.112437
v -0.300642 0.105545 0.063907
v -0.501072 0.086389 0.072011
v -0.347994 0.133938 0.057991
v -0.510687 0.129001 -0.015117
v -0.356088 0.124703 0.060900
v -0.553954 0.100022 0.026370
v -0.416969 0.109291 0.021385
v -0.626703 0.128053 0.037910
v -0.459006 0.164676 -0.023246
v -0.611104 0.109874 -0.005181
v -0.414687 0.180969 -0.021156
v -0.535028 0.152586 -0.045876
v -0.501039 0.137776 0.095796
v -0.689692 0.104350 0.002345
v -0.500121 0.152307 0.098116
v -0.725013 0.047647 0.072219
v -0.514025 0.151005 0.107069
v -0.657561 -0.017841 0.134311
v -0.583552 0.145128 0.123601
v -0.675386 -0.080247 0.207349
v -0.650613 0.118434 0.095472
v -0.693091 -0.093756 0.146024
v -0.666113 0.108808 0.070951
v -0.682417 -0.063568 0.131984
v -0.642903 0.117125 0.045536
v -0.692028 -0.050487 0.078836
v -0.621886 0.139605 0.023273
v -0.691803 -0.000449 0.043201
v -0.551008 0.143846 0.044353
v -0.680318 0.085198 -0.032618
v -0.418932 0.133043 0.072607
v -0.526656 0.014749 0.211038
v -0.478317 0.145544 0.069686
v -0.597512 0.041663 0.226183
v -0.482680 0.137641 0.066583
v -0.551473 0.116915 0.224754
v -0.541024 0.144351 0.087125
v -0.616054 0.047131 0.226955
v -0.618737 0.153708 0.142554
v -0.639883 -0.005682 0.207703
v -0.533618 0.141195 0.116019
v -0.609058 0.032478 0.186984
v -0.494101 0.147288 0.065342
v -0.548661 0.052621 0.155674
v -0.427388 0.152771 0.106521
v -0.623168 0.038998 0.135940
v -0.021279 -0.324737 0.026147
v 0.002169 0.049575 -0.213044
v -0.012026 -0.152510 -0.005724
v 0.022213 0.053348 -0.293609
v -0.114481 -0.101834 -0.166818
v 0.076040 0.104428 -0.447118
v -0.152320 -0.017521 -0.276548
v 0.003242 0.228238 -0.486079
v -0.166476 -0.019809 -0.372304
v 0.036660 0.184757 -0.543666
v -0.164707 -0.038960 -0.389446
v -0.055210 0.030720 -0.643486
v -0.186429 -0.012537 -0.401969
v -0.141206 -0.060952 -0.652531
v -0.170147 -0.004875 -0.446621
v -0.199736 -0.163738 -0.674036
v -0.192021 -0.003781 -0.499920
v -0.255124 -0.222298 -0.653926
v -0.216967 -0.046451 -0.540832
v -0.281613 -0.298331 -0.648052
v -0.021502 -0.299829 -0.092715
v -0.058838 -0.258431 -0.056932
v -0.061620 -0.291251 -0.030579
v -0.287957 -0.102512 -0.137797
v -0.074130 -0.198864 -0.053001
v -0.276643 0.036270 -0.133510
v -0.281495 0.021748 -0.062764
v -0.246392 0.019844 -0.143244
v -0.070706 -0.132631 -0.079751
v -0.320223 0.091542 -0.146406
v -0.326419 0.078056 -0.147260
v -0.258323 0.047321 -0.207607
v -0.080029 -0.092195 -0.113915
v -0.362752 0.100366 -0.288191
v -0.049356 -0.086879 -0.182073
v -0.366071 0.136855 -0.401929
v -0.130546 -0.044356 -0.208847
v -0.375933 0.096701 -0.470356
v -0.136035 -0.021757 -0.290840
v -0.387676 0.032849 -0.546016
v -0.116698 -0.036617 -0.343695
v -0.360616 0.013247 -0.532753
v -0.352477 -0.022172 -0.543233
v -0.307976 -0.004777 -0.518776
v -0.145584 -0.029545 -0.419351
v -0.365108 -0.073083 -0.586192
v -0.221707 -0.003712 -0.495376
v -0.383880 -0.270831 -0.564873
v 0.021185 -0.332006 -0.019646
v 0.092591 -0.005191 -0.321610
v -0.025687 -0.200894 -0.049725
v 0.066211 0.012730 -0.385228
v -0.061318 -0.160757 -0.123923
v 0.040373 -0.011644 -0.471366
v -0.089998 -0.088140 -0.211461
v 0.002103 0.064663 -0.537359
v -0.100001 -0.010237 -0.265984
v -0.001425 0.073831 -0.565211
v -0.114056 -0.021082 -0.270356
v -0.074609 -0.019207 -0.619896
v -0.065258 -0.005235 -0.312981
v -0.139128 -0.123048 -0.606918
v -0.119220 0.001498 -0.421712
v -0.215536 -0.201065 -0.604923
v -0.144932 -0.037199 -0.445328
v -0.250482 -0.160745 -0.616912
v 0.018444 -0.321005 -0.052896
v -0.060039 -0.100923 -0.234759
v -0.058546 -0.223292 -0.092651
v -0.091622 -0.072037 -0.326555
v -0.101493 -0.113413 -0.175393
v -0.111185 -0.099583 -0.443786
v -0.040517 -0.063993 -0.234165
v -0.172330 -0.161653 -0.483187
v -0.087977 -0.061904 -0.295151
v -0.205629 -0.208180 -0.559848
v -0.170632 -0.054791 -0.440169
v -0.248539 -0.221641 -0.595872
v -0.146003 -0.069150 -0.508249
v -0.253292 -0.237120 -0.590977
v -0.205405 -0.083731 -0.439253
v -0.287787 -0.200874 -0.594167
v -0.010964 -0.241707 -0.083851
v -0.257033 -0.123324 -0.118909
v -0.066576 -0.341619 0.001061
v -0.099092 -0.112277 -0.180463
v -0.064335 -0.110572 -0.179314
v -0.316464 -0.042972 -0.217324
v -0.052704 -0.170158 -0.151547
v -0.271310 -0.056047 -0.126120
v -0.069521 -0.165511 -0.072735
v -0.199572 -0.069858 -0.164931
v -0.115192 -0.076126 -0.159200
v -0.364356 -0.032508 -0.272188
v -0.126400 -0.077485 -0.192710
v -0.301382 0.001675 -0.386803
v -0.141181 -0.028211 -0.258008
v -0.314447 -0.035980 -0.471859
v -0.164734 -0.004117 -0.326050
v -0.344591 -0.108230 -0.499428
v -0.177312 -0.014961 -0.361428
v -0.335741 -0.104926 -0.532498
v -0.232035 -0.033423 -0.455839
v -0.332458 -0.237046 -0.442944
v -0.014263 -0.415947 0.019203
v -0.186617 -0.126375 -0.147870
v 0.047742 -0.493497 0.004431
v -0.183598 -0.199530 -0.148863
v -0.009307 -0.368173 -0.086513
v -0.244689 -0.229311 -0.054600
v -0.089298 -0.272190 -0.041493
v -0.213583 -0.166469 -0.230203
v -0.108761 -0.168875 -0.111881
v -0.303694 -0.178255 -0.212339
v -0.095118 -0.122526 -0.203352
v -0.322104 -0.109663 -0.251875
v -0.138870 -0.105755 -0.199219
v -0.323997 -0.071073 -0.355104
v -0.133769 -0.069926 -0.232754
v -0.306162 -0.129850 -0.390216
v -0.154914 -0.064788 -0.268566
v -0.288016 -0.129854 -0.459788
v -0.164471 -0.084145 -0.295089
v -0.265862 -0.216153 -0.462728
v 0.031842 -0.436345 -0.037459
v -0.035740 -0.144072 -0.245127
v -0.062699 -0.362203 -0.062453
v -0.017815 -0.075347 -0.319514
v -0.106676 -0.221519 -0.111551
v -0.055307 -0.109340 -0.405340
v -0.107629 -0.185909 -0.146564
v -0.029717 -0.175795 -0.358311
v -0.117024 -0.186487 -0.139899
v -0.036037 -0.111695 -0.450734
v -0.129292 -0.138543 -0.189921
v -0.091889 -0.121032 -0.462957
v -0.092550 -0.108872 -0.257502
v -0.180734 -0.161458 -0.473467
v -0.184294 -0.071280 -0.341178
v -0.244147 -0.198326 -0.515229
v -0.118073 -0.066724 -0.384152
v -0.186180 -0.190481 -0.541503
v -0.146443 -0.069927 -0.413885
v -0.202181 -0.211350 -0.533435
v -0.187496 -0.092084 -0.458995
v -0.272279 -0.203682 -0.530938
v -0.239478 -0.116533 -0.496222
v -0.286443 -0.271373 -0.497948
v -0.050308 -0.087987 -0.285313
v -0.048282 -0.028029 -0.505134
v -0.062307 -0.028684 -0.328024
v -0.108321 -0.077248 -0.496032
v -0.083640 -0.020250 -0.352775
v -0.137143 -0.118725 -0.551712
v 0.010032 -0.392727 -0.061005
v 0.068211 -0.179447 -0.248003
v 0.090595 -0.310057 -0.046771
v 0.092651 -0.197974 -0.208374
v 0.124471 -0.288092 -0.039231
v 0.215334 -0.108229 -0.271212
v 0.140968 -0.153630 -0.117991
v 0.323316 -0.029342 -0.327893
v 0.234692 -0.010523 -0.190385
v 0.404076 0.026454 -0.360077
v 0.136002 -0.292874 -0.025910
v 0.320081 -0.060644 -0.070885
v 0.187820 -0.203974 -0.054258
v 0.358214 -0.080163 -0.173552
v 0.228660 -0.143179 -0.104056
v 0.525252 0.003141 -0.076287
v 0.284291 -0.038040 -0.098493
v 0.508745 0.056044 -0.033376
v 0.291795 0.014001 -0.142424
v 0.480434 0.022102 -0.288724
v 0.365610 0.071375 -0.169048
v 0.582267 0.003787 -0.197581
v 0.379089 0.058413 -0.116187
v 0.610119 0.052653 -0.087790
v 0.491938 0.064014 -0.109426
v 0.657803 0.023095 -0.229388
v 0.549237 0.055163 -0.149321
v 0.673642 -0.061198 -0.222336
v 0.517923 0.067002 -0.211587
v 0.648020 -0.028793 -0.303830
v 0.508159 0.090719 -0.217512
v 0.596407 -0.024781 -0.316245
v 0.367276 0.082959 -0.236675
v 0.503989 0.035946 -0.332385
v 0.405591 0.094993 -0.259848
v 0.587404 0.008650 -0.302486
v 0.478103 0.094097 -0.239929
v 0.598704 -0.010364 -0.319406
v 0.546775 0.088344 -0.251870
v 0.640725 -0.091673 -0.314578
v 0.600077 0.070368 -0.206889
v 0.611552 -0.084064 -0.269878
v 0.606511 0.068627 -0.174921
v 0.664456 -0.096915 -0.195030
v 0.587685 0.085287 -0.135410
v 0.654842 -0.066858 -0.149611
v 0.819398 -0.458214 0.000171
v 0.819398 -0.458214 0.000171
v 0.819398 -0.458214 0.000171
v 0.819398 -0.458214 0.000171
v -0.076332 0.234252 -0.071384
v -0.272039 0.326204 -0.298898
v -0.080230 0.277732 -0.135178
v -0.309439 0.367230 -0.394570
v -0.165611 0.397063 -0.239208
v -0.434671 0.481902 -0.357165
v -0.198484 0.440345 -0.309374
v -0.489083 0.412434 -0.463263
v -0.229827 0.455996 -0.433271
v -0.439040 0.408332 -0.575299
v -0.277528 0.476590 -0.514034
v -0.448082 0.397000 -0.648611
v -0.306401 0.451529 -0.610540
v -0.391108 0.355923 -0.790716
v -0.316977 0.438003 -0.689120
v -0.430684 0.267381 -0.795339
v -0.280967 0.369685 -0.759895
v -0.401540 0.234433 -0.861023
v -0.280617 0.321775 -0.790682
v -0.349425 0.151768 -0.850884
v -0.210186 0.379873 -0.314348
v -0.507821 0.392212 -0.395136
v -0.251217 0.428144 -0.345904
v -0.476479 0.385884 -0.478495
v -0.246436 0.461341 -0.408734
v -0.511875 0.378193 -0.527899
v -0.090876 0.308927 -0.199496
v 0.003104 0.368075 -0.580991
v -0.168953 0.323387 -0.244388
v 0.011384 0.315845 -0.595942
v -0.217484 0.367766 -0.350200
v -0.100628 0.351776 -0.672839
v -0.229912 0.393978 -0.432547
v -0.139302 0.379267 -0.741515
v -0.262130 0.408860 -0.506014
v -0.168721 0.360150 -0.775728
v -0.288561 0.416961 -0.596915
v -0.185814 0.350107 -0.860393
v -0.303160 0.402791 -0.689792
v -0.182714 0.324359 -0.874054
v -0.297459 0.408383 -0.725762
v -0.251199 0.208085 -0.830864
v -0.108403 0.256143 -0.184883
v -0.066091 0.347252 -0.507526
v -0.070741 0.205026 -0.222767
v -0.070744 0.335467 -0.410215
v -0.122220 0.262940 -0.220989
v -0.149355 0.326758 -0.439524
v -0.137246 0.254869 -0.211218
v -0.289865 0.342884 -0.468930
v -0.134296 0.284965 -0.176281
v -0.365841 0.338416 -0.328719
v -0.102174 0.247234 -0.103912
v -0.315326 0.354259 -0.191118
v -0.085353 0.250293 -0.098795
v -0.195297 0.310707 -0.256593
v -0.129698 0.340684 -0.270380
v -0.178160 0.281164 -0.243840
v -0.075158 0.214182 -0.094347
v -0.230690 0.279797 -0.368208
v -0.068373 0.147064 -0.099800
v -0.210087 0.322672 -0.294701
v -0.100177 0.171584 -0.093701
v -0.176550 0.242432 -0.276981
v -0.058422 0.182861 -0.171962
v -0.211159 0.204631 -0.264089
v -0.093084 0.190004 -0.203167
v -0.220420 0.277198 -0.233951
v -0.110044 0.178890 -0.160304
v -0.109322 0.282626 -0.326633
v -0.059357 0.207982 -0.249637
v -0.182214 0.271645 -0.343806
v -0.030446 0.137367 -0.099465
v -0.062275 0.287148 -0.428990
v -0.108569 0.266086 -0.266861
v -0.145502 0.295017 -0.433337
v -0.082751 0.105534 -0.059975
v -0.032248 0.055433 -0.099753
v -0.024733 0.073481 -0.092005
v -0.194675 0.161759 -0.223608
v -0.093505 0.161568 -0.100227
v -0.173709 0.188801 -0.215331
v -0.168921 0.323256 -0.327086
v -0.067363 0.403582 -0.556643
v -0.173278 0.322389 -0.285704
v -0.185464 0.375728 -0.613951
v -0.119967 0.283745 -0.303514
v -0.187057 0.357344 -0.474940
v -0.211700 0.354064 -0.314088
v -0.173118 0.353300 -0.709472
v -0.196118 0.375706 -0.398501
v -0.104450 0.361073 -0.597060
v -0.238780 0.379701 -0.405724
v -0.228750 0.302319 -0.728183
v -0.265414 0.406920 -0.477686
v -0.311075 0.279185 -0.777819
v -0.292338 0.404944 -0.619516
v -0.232310 0.271349 -0.802140
v -0.302996 0.390208 -0.635694
v -0.310713 0.224223 -0.801577
v -0.310440 0.348234 -0.716257
v -0.303930 0.185556 -0.833711
v -0.272728 0.335290 -0.693071
v -0.241833 0.218876 -0.840808
v -0.273312 0.351278 -0.764025
v -0.260231 0.163295 -0.848607
v -0.294180 0.305215 -0.823554
v -0.337690 0.132871 -0.826386
v -0.294532 0.309548 -0.772328
v -0.367670 0.150681 -0.778127
v -0.203294 0.413854 -0.580000
v -0.155353 0.350112 -0.758399
v -0.239134 0.403635 -0.596594
v -0.182960 0.290282 -0.791829
v -0.262029 0.404459 -0.683560
v -0.192164 0.263960 -0.812667
v -0.093850 0.123899 -0.136964
v -0.270507 0.326912 -0.120717
v -0.088020 0.222875 -0.099270
v -0.336591 0.378272 -0.215710
v -0.166380 0.322081 -0.187222
v -0.386844 0.322889 -0.348967
v -0.199142 0.342390 -0.263500
v -0.405812 0.369655 -0.443452
v -0.224939 0.402982 -0.350770
v -0.466088 0.396676 -0.456447
v -0.214434 0.359043 -0.277140
v -0.354402 0.304804 -0.330805
v -0.246798 0.422529 -0.354433
v -0.452437 0.345721 -0.445649
v -0.296672 0.436773 -0.410239
v -0.468094 0.359610 -0.466117
v -0.270464 0.406534 -0.416666
v -0.463760 0.348736 -0.527425
v -0.302415 0.434532 -0.495362
v -0.484545 0.300706 -0.645630
v -0.296100 0.410848 -0.472662
v -0.358313 0.334811 -0.608553
v -0.320859 0.423443 -0.553008
v -0.392662 0.296801 -0.666465
v -0.342998 0.399932 -0.646845
v -0.400889 0.259086 -0.740061
v -0.299422 0.391577 -0.601026
v -0.374277 0.277894 -0.714121
v -0.105349 0.098851 -0.067578
v -0.238761 0.300496 -0.150281
v -0.126315 0.144318 -0.113856
v -0.319742 0.324650 -0.242211
v -0.159494 0.228463 -0.158508
v -0.313905 0.338349 -0.299390
v -0.200836 0.303966 -0.223103
v -0.290065 0.320513 -0.402347
v -0.126641 0.152149 -0.151878
v -0.122965 0.206813 -0.336155
v -0.169198 0.255412 -0.237343
v -0.225186 0.226855 -0.395519
v -0.182272 0.320949 -0.304360
v -0.254777 0.302515 -0.472801
v -0.178080 0.300931 -0.306625
v -0.336601 0.334569 -0.451390
v -0.218417 0.331867 -0.336029
v -0.394844 0.334242 -0.379061
v -0.226690 0.353637 -0.347346
v -0.393702 0.405632 -0.443936
v -0.240108 0.382712 -0.398797
v -0.420435 0.356873 -0.547812
v -0.278948 0.397604 -0.459478
v -0.414763 0.330005 -0.589557
v -0.253996 0.404310 -0.457315
v -0.275294 0.310228 -0.617871
v -0.258979 0.399552 -0.638825
v -0.247295 0.248239 -0.719984
v -0.260187 0.408142 -0.593533
v -0.348906 0.298505 -0.655532
v -0.276594 0.376989 -0.584002
v -0.276594 0.376989 -0.584002
v -0.276594 0.376989 -0.584002
v -0.276594 0.376989 -0.584002
v -0.307850 0.383578 -0.565077
v -0.278233 0.261124 -0.688138
v -0.364632 0.395283 -0.545386
v -0.398304 0.266346 -0.684263
v -0.324365 0.352530 -0.749804
v -0.420156 0.219334 -0.749812
v -0.348476 0.343911 -0.733058
v -0.321788 0.213387 -0.741947
v -0.359380 0.354955 -0.728636
v -0.475501 0.249043 -0.725044
v -0.342490 0.384718 -0.692841
v -0.458413 0.194180 -0.676969
v -0.306821 0.365213 -0.675169
v -0.426028 0.185528 -0.638725
v -0.251574 0.384027 -0.423709
v -0.339153 0.248220 -0.560565
v 0.009281 0.236326 -0.188504
v 0.037214 0.376905 -0.475631
v -0.038082 0.200298 -0.148093
v 0.000933 0.303083 -0.454888
v -0.050004 0.249700 -0.262514
v -0.043224 0.338131 -0.572124
v -0.094626 0.311705 -0.335669
v -0.100159 0.289290 -0.598496
v -0.173539 0.349826 -0.373423
v -0.111196 0.315550 -0.613714
v -0.205294 0.367261 -0.388761
v -0.185264 0.269808 -0.630283
v -0.236232 0.361560 -0.403862
v -0.271454 0.301645 -0.574214
v -0.249725 0.394592 -0.553023
v -0.192248 0.271484 -0.712068
v -0.166600 0.388474 -0.580868
v -0.132876 0.304736 -0.742021
v -0.201497 0.377074 -0.555261
v -0.181624 0.269293 -0.739692
v -0.068671 0.369266 -0.426385
v -0.066715 0.325379 -0.629558
v -0.185205 0.321473 -0.393274
v -0.185205 0.321473 -0.393274
v -0.185205 0.321473 -0.393274
v -0.185205 0.321473 -0.393274
v -0.168901 0.323834 -0.369130
v -0.179202 0.259556 -0.610011
v -0.080571 -0.390460 0.016108
v -0.242340 -0.137643 -0.182235
v -0.136504 -0.207692 -0.045954
v -0.274214 -0.095061 -0.331434
v -0.228652 -0.180547 -0.051641
v -0.316728 -0.111669 -0.304522
v -0.269089 -0.122487 -0.058650
v -0.397478 0.021000 -0.312711
v -0.328940 -0.065941 -0.066598
v -0.508448 0.103942 -0.334158
v -0.478538 0.074840 -0.367298
v -0.505088 0.073904 -0.291432
v -0.403159 -0.035388 -0.101424
v -0.557444 0.037959 -0.358816
v -0.432195 -0.050993 -0.106196
v -0.636399 -0.046379 -0.344882
v -0.498068 -0.051097 -0.112419
v -0.730840 -0.063315 -0.268495
v -0.559184 -0.042258 -0.159293
v -0.770465 -0.169974 -0.280170
v -0.591136 -0.056550 -0.160490
v -0.795681 -0.252797 -0.229167
v -0.666870 -0.107750 -0.162538
v -0.802141 -0.309988 -0.211516
v -0.669994 -0.115817 -0.156258
v -0.763346 -0.361170 -0.189978
v -0.727819 -0.187418 -0.147228
v -0.720706 -0.394002 -0.211803
v -0.041036 -0.352567 0.036701
v -0.258443 -0.136001 0.089397
v -0.027724 -0.379464 0.043906
v -0.283736 -0.136642 0.108990
v -0.152658 -0.243260 -0.042788
v -0.395644 -0.049016 0.118098
v -0.212467 -0.201866 -0.067454
v -0.552191 -0.019975 0.061147
v -0.263109 -0.119826 -0.032759
v -0.639086 -0.009622 0.015242
v -0.147173 -0.196294 -0.032550
v -0.434850 -0.048412 0.128027
v -0.307834 -0.108592 -0.057057
v -0.666906 -0.020190 0.061741
v -0.414302 -0.059143 -0.057294
v -0.726386 -0.065511 0.039612
v -0.470145 -0.060811 -0.091657
v -0.774418 -0.130138 -0.030895
v -0.523628 -0.093979 -0.124928
v -0.750003 -0.269695 -0.072452
v -0.596774 -0.126666 -0.136723
v -0.768224 -0.327835 -0.099912
v -0.652747 -0.144754 -0.136111
v -0.790575 -0.384531 -0.089958
v -0.148443 -0.217564 -0.068895
v -0.400291 -0.132187 -0.250880
v -0.197442 -0.207734 -0.052109
v -0.456015 -0.053394 -0.290205
v -0.278697 -0.111200 -0.069452
v -0.546988 -0.043729 -0.311502
v -0.326449 -0.066868 -0.092124
v -0.589285 -0.072796 -0.295718
v -0.408934 -0.035950 -0.102191
v -0.645394 -0.159455 -0.284946
v -0.494553 -0.059492 -0.109620
v -0.715680 -0.198657 -0.216761
v -0.560790 -0.084555 -0.178269
v -0.729679 -0.315078 -0.170365
v -0.042000 -0.361350 0.029007
v -0.245750 -0.211922 0.129429
v -0.067073 -0.330076 0.008904
v -0.294811 -0.143649 0.094756
v -0.126567 -0.243233 -0.004237
v -0.384905 -0.133022 0.019064
v -0.185615 -0.203022 -0.040871
v -0.387958 -0.121163 0.163073
v -0.231504 -0.163881 -0.066497
v -0.471606 -0.134256 0.098908
v -0.275521 -0.138229 -0.065980
v -0.499340 -0.099481 0.124223
v -0.311603 -0.127164 -0.078437
v -0.574484 -0.126242 0.061332
v -0.354265 -0.117734 -0.097656
v -0.583477 -0.119230 0.055410
v -0.458690 -0.076025 -0.100765
v -0.626383 -0.137690 0.052194
v -0.472154 -0.082611 -0.131091
v -0.696465 -0.073386 0.038925
v -0.539834 -0.072074 -0.123463
v -0.684672 -0.133606 -0.001668
v -0.571477 -0.078080 -0.125855
v -0.611516 -0.238811 -0.012863
v -0.583959 -0.121716 -0.116252
v -0.654961 -0.265108 -0.011428
v -0.644461 -0.125369 -0.130215
v -0.690956 -0.307645 -0.039869
v -0.006331 -0.517594 0.014300
v -0.242329 -0.219191 0.081292
v -0.042024 -0.449190 0.033928
v -0.332177 -0.202493 0.063094
v -0.022557 -0.403870 0.026215
v -0.191551 -0.236018 0.180665
v -0.037484 -0.330230 0.012860
v -0.267667 -0.217086 0.169717
v -0.115711 -0.250189 0.019506
v -0.302481 -0.152962 0.106012
v -0.122850 -0.254876 0.031197
v -0.280924 -0.189773 0.106140
v -0.082634 -0.367532 -0.000050
v -0.206128 -0.205426 0.130435
v -0.136116 -0.314307 -0.058863
v -0.381901 -0.144389 0.061816
v -0.168162 -0.231259 -0.003747
v -0.344707 -0.125981 0.081144
v -0.232736 -0.186692 -0.024187
v -0.440147 -0.077402 0.081594
v -0.260028 -0.189070 -0.039072
v -0.529950 -0.095762 0.052131
v -0.394129 -0.120764 -0.058779
v -0.479723 -0.134689 0.084459
v -0.356096 -0.106287 -0.022226
v -0.482507 -0.198196 0.059189
v -0.354516 -0.141604 -0.051099
v -0.550731 -0.092690 0.019828
v -0.393579 -0.127381 -0.071937
v -0.642261 -0.167114 -0.019243
v -0.500922 -0.098855 -0.083221
v -0.632893 -0.209655 -0.047016
v -0.050577 -0.496407 0.052996
v -0.252006 -0.256998 -0.048650
v -0.065082 -0.438296 -0.073304
v -0.309514 -0.239924 -0.098372
v -0.008523 -0.533271 -0.022627
v -0.210251 -0.166772 -0.183005
v -0.074843 -0.342624 -0.032373
v -0.220975 -0.242054 -0.261677
v -0.150474 -0.318776 -0.044220
v -0.288487 -0.157472 -0.269928
v -0.151081 -0.302163 -0.075401
v -0.341480 -0.139020 -0.282942
v -0.213714 -0.219013 -0.084637
v -0.343337 -0.188366 -0.283634
v -0.230572 -0.234733 -0.050471
v -0.405133 -0.143955 -0.213713
v -0.251315 -0.200769 -0.044270
v -0.470621 -0.107530 -0.214832
v -0.310830 -0.138482 -0.122990
v -0.532593 -0.065954 -0.253626
v -0.347989 -0.115122 -0.121937
v -0.602461 -0.090915 -0.272506
v -0.399938 -0.079391 -0.141269
v -0.630409 -0.193675 -0.238118
v -0.424696 -0.123415 -0.121501
v -0.673687 -0.198408 -0.228722
v -0.532269 -0.081936 -0.156257
v -0.690046 -0.269417 -0.196565
v -0.521616 -0.092022 -0.155143
v -0.698097 -0.324495 -0.147029
v -0.536841 -0.110149 -0.149458
v -0.709887 -0.349584 -0.173682
v -0.603374 -0.141311 -0.185356
v -0.701406 -0.300931 -0.171477
v -0.504944 -0.110095 -0.135961
v -0.663951 -0.231666 -0.104967
v -0.467611 -0.125753 -0.147707
v -0.602094 -0.207179 -0.140692
v -0.193527 -0.239334 -0.009448
v -0.402805 -0.178063 -0.052601
v -0.227888 -0.231831 -0.100313
v -0.462797 -0.131407 -0.090486
v -0.277668 -0.155009 -0.135620
v -0.530080 -0.216093 -0.132774
v -0.336254 -0.154959 -0.130582
v -0.481048 -0.260429 -0.134089
v -0.348443 -0.145607 -0.033546
v -0.585495 -0.161554 -0.047241
v -0.407893 -0.148943 -0.096631
v -0.598798 -0.243144 -0.125700
v -0.476059 -0.137917 -0.131348
v -0.585972 -0.230270 -0.236622
v 0.012515 -0.427793 0.075229
v -0.289467 -0.226605 0.157907
v -0.090410 -0.362168 0.148077
v -0.438308 -0.074296 0.055877
v -0.149238 -0.229621 0.219603
v -0.486715 -0.055674 0.240373
v -0.202814 -0.144014 0.203967
v -0.481615 0.005037 0.244091
v -0.256043 -0.106371 0.249182
v -0.575576 -0.045461 0.292280
v -0.310403 -0.081712 0.281688
v -0.608848 -0.117953 0.348434
v -0.358455 -0.105006 0.322153
v -0.582950 -0.216575 0.394462
v -0.389461 -0.088874 0.365253
v -0.594062 -0.238628 0.458948
v -0.421666 -0.123626 0.399314
v -0.577003 -0.256686 0.505892
v -0.483285 -0.165259 0.505326
v -0.562698 -0.329179 0.498818
v -0.446059 -0.152155 0.420075
v -0.536950 -0.269805 0.534779
v -0.439387 -0.173243 0.483659
v -0.516151 -0.349921 0.529764
v -0.456671 -0.208512 0.484897
v -0.488474 -0.402880 0.498110
v -0.016599 -0.405614 0.042858
v 0.080779 -0.144173 0.222253
v 0.009276 -0.382941 0.055044
v 0.081882 -0.205772 0.286858
v -0.138981 -0.301927 0.145159
v 0.022089 -0.133318 0.330974
v -0.095365 -0.216970 0.163631
v -0.058734 -0.066178 0.477564
v -0.172597 -0.168105 0.213238
v -0.137778 -0.075214 0.524074
v -0.224101 -0.092178 0.269285
v -0.240498 -0.040499 0.578851
v -0.219610 -0.084002 0.569310
v -0.312088 -0.116139 0.528633
v -0.260527 -0.096083 0.327685
v -0.340162 -0.095705 0.591111
v -0.374666 -0.138384 0.344303
v -0.359200 -0.212011 0.587542
v -0.399103 -0.126023 0.429030
v -0.370759 -0.278392 0.625444
v -0.422181 -0.194546 0.437037
v -0.360768 -0.341239 0.627438
v 0.012008 -0.480014 0.035780
v -0.009242 -0.249312 0.231634
v -0.003030 -0.419197 0.074849
v -0.017172 -0.239289 0.296196
v -0.008855 -0.389701 0.089591
v -0.081413 -0.235329 0.331208
v -0.042374 -0.292903 0.130801
v -0.156583 -0.203328 0.412235
v -0.176625 -0.252773 0.207319
v -0.136031 -0.125320 0.492906
v -0.175218 -0.259293 0.219065
v -0.028674 -0.176712 0.442431
v -0.154278 -0.180852 0.271073
v -0.096368 -0.129597 0.471992
v -0.192794 -0.159589 0.273949
v -0.155521 -0.111411 0.526092
v -0.221293 -0.176659 0.281324
v -0.180355 -0.117864 0.568882
v -0.243573 -0.167713 0.292373
v -0.201090 -0.221407 0.576630
v -0.286963 -0.140355 0.304542
v -0.246266 -0.221493 0.562930
v -0.289730 -0.113759 0.350811
v -0.316991 -0.228117 0.592363
v -0.354400 -0.144015 0.352428
v -0.323331 -0.273438 0.582188
v -0.369495 -0.146844 0.356692
v -0.393114 -0.314538 0.538686
v -0.393000 -0.159211 0.377352
v -0.403518 -0.302752 0.531721
v -0.394861 -0.141264 0.385532
v -0.397356 -0.372411 0.499050
v -0.388933 -0.163852 0.467623
v -0.324949 -0.356017 0.513808
v -0.392971 -0.161917 0.410072
v -0.372591 -0.399538 0.515186
v -0.417835 -0.174297 0.457030
v -0.349968 -0.363614 0.546771
v -0.093371 -0.312033 0.181951
v -0.477318 -0.187747 0.172120
v -0.165055 -0.222436 0.232808
v -0.492551 -0.123764 0.192156
v -0.228349 -0.155755 0.267203
v -0.521217 -0.174876 0.266761
v -0.265384 -0.129960 0.289562
v -0.535483 -0.126521 0.318437
v -0.284336 -0.106989 0.309572
v -0.582466 -0.168090 0.351424
v -0.323584 -0.105273 0.322757
v -0.555768 -0.221122 0.393234
v -0.388093 -0.093573 0.328347
v -0.552212 -0.279442 0.448360
v -0.389979 -0.131206 0.356430
v -0.513565 -0.276644 0.497150
v -0.438957 -0.133443 0.426030
v -0.523739 -0.266805 0.582102
v -0.449813 -0.109279 0.467809
v -0.504031 -0.284847 0.584699
v -0.355042 -0.122445 0.464388
v -0.487990 -0.216637 0.678304
v -0.058345 -0.505231 0.055289
v -0.070223 -0.301320 0.223047
v 0.004115 -0.476904 0.053170
v 0.065873 -0.329736 0.244660
v -0.033138 -0.380130 0.103836
v -0.038795 -0.285129 0.363972
v -0.130952 -0.342389 0.153690
v -0.104731 -0.214089 0.395118
v -0.121657 -0.279851 0.200625
v -0.068587 -0.236326 0.451890
v -0.165084 -0.207290 0.282555
v -0.094195 -0.258651 0.483520
v -0.124445 -0.257912 0.244041
v -0.148108 -0.194342 0.502363
v -0.169721 -0.203516 0.281815
v -0.211741 -0.204416 0.536575
v -0.180434 -0.199258 0.298697
v -0.266937 -0.276274 0.555457
v -0.201996 -0.181894 0.346683
v -0.342970 -0.237962 0.534197
v -0.228585 -0.160803 0.378461
v -0.377060 -0.274533 0.493668
v -0.285495 -0.176104 0.366018
v -0.343799 -0.362578 0.505120
v -0.282595 -0.158883 0.430986
v -0.348524 -0.383544 0.470834
v -0.326173 -0.181107 0.472218
v -0.220638 -0.361355 0.521760
v -0.264130 -0.186084 0.357273
v -0.370905 -0.375613 0.474405
v -0.012522 -0.594656 0.049403
v -0.244768 -0.290770 0.209081
v -0.056161 -0.417745 0.096525
v -0.337987 -0.343381 0.139809
v -0.067436 -0.372949 0.142164
v -0.421323 -0.219170 0.112108
v -0.163770 -0.285924 0.114268
v -0.402217 -0.252073 0.131673
v -0.422312 -0.272279 0.106428
v -0.328892 -0.291460 0.103529
v -0.101602 -0.278072 0.198834
v -0.468945 -0.265453 0.230658
v -0.150030 -0.232940 0.254936
v -0.512346 -0.244922 0.313556
v -0.258781 -0.187993 0.233726
v -0.551415 -0.209007 0.366270
v -0.257036 -0.205149 0.331663
v -0.546225 -0.246241 0.397199
v -0.346031 -0.139668 0.377381
v -0.528614 -0.319415 0.450702
v -0.307598 -0.183612 0.330316
v -0.452301 -0.337547 0.459347
v -0.357318 -0.173910 0.355682
v -0.451448 -0.342653 0.458974
v -0.357812 -0.187231 0.367201
v -0.438263 -0.310023 0.446846
v -0.394268 -0.099786 0.472201
v -0.527960 -0.213248 0.614108
v -0.399981 -0.072615 0.501201
v -0.399981 -0.072615 0.501201
v -0.399981 -0.072615 0.501201
v -0.399981 -0.072615 0.501201
v -0.404925 -0.055046 0.512461
v -0.435799 -0.312790 0.651355
v -0.472438 -0.111496 0.456655
v -0.529218 -0.342278 0.598972
v 0.060825 -0.636663 0.039886
v 0.294321 -0.266031 -0.037689
v 0.065912 -0.494128 -0.079063
v 0.394706 -0.185777 -0.088033
v 0.122377 -0.349877 -0.157808
v 0.422490 -0.130789 -0.141314
v 0.169941 -0.259825 -0.205226
v 0.465810 -0.126572 -0.227237
v 0.241539 -0.209868 -0.202687
v 0.418477 -0.108854 -0.282555
v 0.265608 -0.202832 -0.297352
v 0.463674 -0.100104 -0.326625
v 0.295026 -0.187790 -0.284036
v 0.448092 -0.131525 -0.351093
v 0.324049 -0.148722 -0.317849
v 0.466995 -0.268205 -0.419856
v 0.304702 -0.184326 -0.281507
v 0.443672 -0.327406 -0.433927
v 0.342878 -0.215883 -0.308848
v 0.404263 -0.373961 -0.407236
v -0.029848 -0.671654 -0.009235
v -0.049129 -0.384522 -0.193773
v -0.006508 -0.626698 -0.047956
v 0.023793 -0.250962 -0.277211
v -0.005040 -0.482907 -0.073442
v 0.058362 -0.140416 -0.336042
v 0.078892 -0.310102 -0.130195
v 0.154836 -0.136816 -0.438379
v 0.125716 -0.242814 -0.196947
v 0.250792 -0.076605 -0.449388
v 0.174794 -0.199000 -0.227298
v 0.327158 -0.166439 -0.496951
v 0.229934 -0.177675 -0.266839
v 0.414650 -0.203592 -0.536638
v 0.274897 -0.175567 -0.302606
v 0.322423 -0.341586 -0.527200
v 0.323101 -0.201504 -0.332830
v 0.318481 -0.430803 -0.463074
v 0.003745 -0.699877 -0.054726
v 0.212906 -0.369142 -0.197228
v 0.089931 -0.728522 -0.040751
v 0.044486 -0.444427 -0.172653
v 0.025243 -0.620622 -0.060553
v 0.112744 -0.333470 -0.225550
v 0.060561 -0.547968 -0.078230
v 0.008744 -0.291564 -0.352156
v 0.066541 -0.415072 -0.110386
v 0.116913 -0.207480 -0.404630
v 0.065155 -0.475477 -0.112571
v 0.092376 -0.270049 -0.373009
v 0.083227 -0.359383 -0.155010
v 0.179721 -0.206217 -0.467587
v 0.139001 -0.228304 -0.244994
v 0.319196 -0.243152 -0.504269
v 0.156402 -0.238850 -0.245068
v 0.376509 -0.252850 -0.542624
v 0.253311 -0.205862 -0.296823
v 0.369508 -0.319825 -0.514823
v 0.296465 -0.190361 -0.336309
v 0.276796 -0.381274 -0.458432
v 0.240477 -0.236393 -0.237489
v 0.412370 -0.377630 -0.368121
v 0.282340 -0.224651 -0.233924
v 0.383617 -0.394308 -0.372685
v 0.266464 -0.213146 -0.251914
v 0.343971 -0.388590 -0.362957
v 0.229170 -0.243887 -0.219665
v 0.452184 -0.279146 -0.328255
v 0.229630 -0.220405 -0.206599
v 0.437468 -0.276938 -0.280085
v 0.048062 -0.524255 -0.085977
v 0.291796 -0.304029 -0.079342
v 0.102298 -0.388504 -0.107223
v 0.337692 -0.230787 -0.139111
v 0.114344 -0.418085 -0.140606
v 0.443214 -0.267917 -0.147084
v 0.175685 -0.288112 -0.202223
v 0.491032 -0.238142 -0.199720
v 0.142337 -0.337861 -0.190773
v 0.440229 -0.285700 -0.302254
v 0.230500 -0.257383 -0.209530
v 0.402230 -0.317920 -0.310546
v 0.220247 -0.244209 -0.257388
v 0.371677 -0.310626 -0.331293
v 0.043043 -0.723521 -0.060587
v -0.042078 -0.538749 -0.234130
v 0.099072 -0.655899 -0.103158
v -0.051896 -0.439360 -0.225976
v 0.089504 -0.611285 -0.116596
v 0.048401 -0.393531 -0.257237
v 0.015855 -0.609722 -0.104233
v -0.026202 -0.465729 -0.200609
v 0.067230 -0.475734 -0.127294
v -0.002282 -0.331850 -0.369159
v 0.057183 -0.435742 -0.166692
v 0.073746 -0.365618 -0.441262
v 0.091139 -0.392896 -0.207302
v 0.082156 -0.238799 -0.368807
v 0.115848 -0.310894 -0.212727
v 0.162311 -0.250168 -0.428993
v 0.087674 -0.425873 -0.162811
v 0.091818 -0.463825 -0.339191
v 0.072317 -0.426683 -0.182281
v 0.092200 -0.364042 -0.313211
v 0.120962 -0.429979 -0.199031
v 0.042550 -0.387642 -0.362720
v 0.131782 -0.358314 -0.214319
v 0.277935 -0.298783 -0.446500
v 0.174157 -0.242514 -0.292353
v 0.174505 -0.335204 -0.489131
v 0.203113 -0.237603 -0.283512
v 0.272243 -0.272687 -0.498099
v 0.190743 -0.271783 -0.278813
v 0.254374 -0.389753 -0.428782
v 0.183314 -0.327964 -0.251842
v 0.338108 -0.461522 -0.376469
v 0.207597 -0.296744 -0.246900
v 0.357422 -0.402128 -0.355053
v 0.225765 -0.270115 -0.292630
v 0.342292 -0.431891 -0.357365
v 0.209792 -0.289912 -0.310099
v 0.348823 -0.416571 -0.415202
v 0.077647 -0.700208 -0.081725
v 0.221232 -0.420488 -0.105484
v 0.078168 -0.627203 -0.111422
v 0.231138 -0.442251 -0.180859
v 0.073561 -0.550185 -0.116094
v 0.230278 -0.363329 -0.249675
v 0.163881 -0.428716 -0.100984
v 0.356722 -0.426718 -0.238114
v 0.161768 -0.426421 -0.127196
v 0.293876 -0.372514 -0.273857
v 0.147228 -0.387113 -0.201972
v 0.321833 -0.366079 -0.324818
v 0.214683 -0.308561 -0.164326
v 0.406335 -0.360403 -0.288619
v 0.272229 -0.285964 -0.174094
v 0.406857 -0.331857 -0.292916
v 0.219609 -0.347869 -0.181142
v 0.451952 -0.319728 -0.208943
v 0.193695 -0.339530 -0.217464
v 0.313403 -0.384911 -0.316519
v 0.145274 -0.499411 -0.141269
v 0.387492 -0.439562 -0.179922
v 0.148368 -0.454813 -0.127695
v 0.334130 -0.434409 -0.208258
v 0.105556 -0.552425 -0.111433
v 0.270734 -0.482826 -0.163638
v 0.133313 -0.506390 -0.083591
v 0.339863 -0.357300 -0.091641
v 0.103576 -0.569003 -0.065555
v 0.253899 -0.415712 -0.067386
v 0.211130 -0.369895 -0.135720
v 0.409048 -0.311815 -0.076974
v 0.165279 -0.471013 -0.061443
v 0.347039 -0.368191 0.015497
v 0.228883 -0.403085 -0.114386
v 0.385025 -0.308959 0.002580
v 0.255347 -0.357890 -0.119519
v 0.458977 -0.295766 -0.060953
v 0.258164 -0.348960 -0.108909
v 0.501095 -0.328054 -0.182644
v 0.267459 -0.328563 -0.134825
v 0.439248 -0.343465 -0.230278
v 0.078930 -0.586255 0.107243
v 0.213454 -0.337290 0.224766
v 0.069529 -0.555267 0.088693
v 0.115470 -0.310843 0.210582
v 0.183200 -0.416163 0.037837
v 0.260178 -0.200476 0.274354
v 0.241215 -0.378680 0.082862
v 0.345468 -0.152666 0.338097
v 0.276069 -0.320527 0.113821
v 0.240859 -0.166200 0.342271
v 0.327928 -0.247653 0.103596
v 0.352222 -0.147318 0.230671
v 0.363390 -0.247530 0.113051
v 0.427723 -0.223677 0.255041
v 0.390374 -0.222970 0.122125
v 0.441899 -0.200744 0.237243
v 0.414442 -0.212017 0.158827
v 0.514805 -0.289690 0.213485
v 0.427447 -0.206613 0.144895
v 0.550065 -0.356769 0.172626
v 0.107614 -0.641926 -0.012981
v 0.221507 -0.349339 -0.117276
v 0.111975 -0.494895 -0.019349
v 0.335346 -0.273930 -0.083215
v 0.203070 -0.431464 0.099020
v 0.357450 -0.210870 -0.054816
v 0.279865 -0.335074 0.105986
v 0.458946 -0.224401 -0.025011
v 0.278440 -0.299054 0.062161
v 0.495259 -0.217806 0.110722
v 0.300528 -0.276660 0.075376
v 0.549788 -0.236092 0.150699
v 0.081415 -0.660602 0.004841
v 0.211770 -0.438021 -0.031134
v 0.102767 -0.650479 -0.005927
v 0.267613 -0.423019 0.111249
v 0.094232 -0.632341 0.105047
v 0.251801 -0.461091 0.095217
v 0.140003 -0.603260 0.031605
v 0.197692 -0.386784 0.131721
v 0.176197 -0.513031 0.018938
v 0.337102 -0.377875 -0.002138
v 0.190574 -0.477482 0.056460
v 0.270181 -0.402805 -0.069801
v 0.200522 -0.437689 0.036545
v 0.396695 -0.299987 -0.045681
v 0.242923 -0.441193 0.103901
v 0.395974 -0.218068 -0.046201
v 0.288104 -0.325667 0.038883
v 0.484206 -0.218670 -0.022258
v 0.319878 -0.315795 0.065097
v 0.521297 -0.249253 0.046457
v 0.336847 -0.276343 0.068150
v 0.533024 -0.253610 0.121758
v 0.317277 -0.310304 0.086531
v 0.551356 -0.319442 0.209921
v 0.351210 -0.269009 0.100052
v 0.471773 -0.392426 0.134352
v 0.333203 -0.295266 0.092595
v 0.497973 -0.301549 0.224736
v 0.186954 -0.489130 0.080241
v 0.238615 -0.283815 0.213011
v 0.167075 -0.424326 0.089193
v 0.243141 -0.290826 0.238914
v 0.245385 -0.303343 0.252806
v 0.215396 -0.372415 0.210829
v 0.102007 -0.438434 0.083644
v 0.154963 -0.333395 0.217716
v 0.145594 -0.371379 0.118871
v 0.130882 -0.393244 0.236512
v 0.107713 -0.457447 0.081764
v 0.090760 -0.381888 0.189770
v 0.093358 -0.481046 0.084404
v 0.081169 -0.479191 0.176387
v 0.195225 -0.425849 0.076250
v 0.299465 -0.254507 0.270125
v 0.223072 -0.413777 0.081029
v 0.244363 -0.318457 0.220690
v 0.282057 -0.322496 0.220000
v 0.236341 -0.363765 0.182453
v 0.210330 -0.429948 0.053644
v 0.289037 -0.317755 0.181674
v 0.228332 -0.425651 0.056435
v 0.385771 -0.324042 0.123317
v 0.277441 -0.352126 0.055688
v 0.469699 -0.269496 0.152560
v 0.249454 -0.298145 0.138293
v 0.403303 -0.360659 0.214794
v 0.308950 -0.281178 0.147663
v 0.458125 -0.396221 0.212960
v 0.241478 -0.298615 0.151387
v 0.410094 -0.256933 0.218920
v 0.347830 -0.230440 0.186859
v 0.461308 -0.319951 0.279118
v 0.235335 -0.358797 0.131114
v 0.347320 -0.230687 0.312849
v 0.371683 -0.229149 0.301033
v 0.362697 -0.297359 0.252639
v 0.266720 -0.276849 0.162696
v 0.341413 -0.337799 0.278732
v 0.251619 -0.288056 0.173265
v 0.361315 -0.266170 0.277819
v 0.292906 -0.252077 0.195496
v 0.378834 -0.331097 0.216327
v 0.211198 -0.449776 0.051452
v 0.306947 -0.396533 0.204234
v 0.186044 -0.416826 0.090716
v 0.224786 -0.378713 0.230710
v 0.437597 0.056558 0.208314
v 0.600462 -0.083493 0.245665
v 0.387453 0.001296 0.274754
v 0.597616 -0.081454 0.364740
v 0.493201 0.061211 0.268328
v 0.605697 -0.088991 0.280513
v 0.425611 0.030229 0.279254
v 0.528437 -0.029362 0.410776
v 0.417926 0.033923 0.296931
v 0.486508 -0.061811 0.406106
v 0.873306 0.558770 0.161702
v 1.093302 0.378963 0.267146
v 0.996569 0.555768 0.144431
v 1.090750 0.407305 0.199074
v 0.974894 0.544166 0.149982
v 1.095368 0.386833 0.132258
v 0.991141 0.569299 0.088140
v 1.059765 0.403988 0.060243
v 0.387759 -0.186891 0.148761
v 0.505292 -0.298643 0.244363
v 0.407401 -0.196339 0.144634
v 0.535452 -0.323426 0.174738
v 0.441592 -0.202946 0.131740
v 0.568180 -0.330755 0.172728
v 0.351230 -0.224883 0.191073
v 0.417535 -0.280538 0.319930
v 0.013346 -0.613922 0.069541
v -0.175287 -0.380706 0.198874
v -0.022550 -0.517034 0.092447
v -0.207451 -0.309429 0.288725
v -0.009091 -0.468402 0.101074
v -0.217131 -0.284119 0.233870
v -0.021066 -0.409781 0.202209
v -0.250239 -0.270303 0.341079
v -0.042479 -0.448091 0.181762
v -0.185143 -0.300502 0.348981
v -0.032059 -0.363175 0.286995
v -0.281927 -0.278256 0.394989
v -0.041750 -0.346636 0.326932
v -0.247256 -0.265122 0.453056
v -0.053972 -0.344398 0.378862
v -0.186653 -0.314918 0.574910
v -0.045151 -0.322982 0.419719
v -0.171846 -0.321493 0.619414
v -0.092512 -0.295323 0.449238
v -0.092784 -0.384548 0.646570
v -0.105447 -0.342934 0.483117
v -0.051776 -0.456717 0.631455
v 0.061659 -0.597993 0.049942
v 0.173791 -0.372773 0.175081
v 0.046388 -0.552518 0.070632
v 0.118242 -0.341787 0.250225
v 0.028928 -0.466786 0.116206
v 0.184725 -0.276299 0.324602
v 0.027288 -0.421485 0.190211
v 0.173169 -0.267274 0.363203
v 0.009032 -0.376113 0.233138
v 0.146172 -0.220539 0.391179
v -0.010708 -0.341065 0.267602
v 0.177936 -0.263841 0.470276
v -0.022306 -0.329544 0.326512
v 0.106281 -0.214684 0.535821
v -0.029420 -0.301211 0.358423
v 0.045710 -0.370354 0.601162
v -0.055425 -0.297785 0.384861
v 0.025739 -0.407311 0.647020
v -0.039001 -0.313782 0.474646
v 0.037200 -0.506257 0.636852
v -0.063070 -0.351956 0.493175
v 0.054489 -0.524245 0.614166
v 0.058519 -0.613662 0.100322
v 0.154777 -0.405277 0.226920
v 0.019895 -0.573235 0.160207
v 0.178516 -0.415706 0.218688
v -0.003668 -0.522218 0.186108
v 0.199858 -0.333394 0.284092
v 0.058563 -0.511201 0.142569
v 0.206078 -0.376375 0.291040
v 0.044808 -0.469015 0.185344
v 0.208852 -0.265576 0.347137
v 0.042336 -0.432142 0.204230
v 0.146740 -0.255457 0.374428
v 0.040304 -0.401256 0.222239
v 0.126670 -0.313812 0.487533
v 0.027672 -0.369289 0.266598
v 0.133437 -0.294318 0.519618
v 0.016724 -0.335195 0.323100
v 0.089136 -0.397093 0.592340
v 0.007518 -0.331169 0.374847
v 0.000287 -0.464800 0.588913
v 0.003746 -0.336497 0.496619
v -0.023164 -0.499165 0.616638
v 0.019903 -0.689360 0.101215
v -0.131066 -0.410596 0.240158
v -0.056795 -0.697147 0.088739
v -0.166130 -0.446258 0.221444
v 0.039350 -0.663354 0.091963
v -0.030788 -0.415886 0.304255
v 0.005607 -0.500864 0.202567
v -0.172070 -0.305432 0.310336
v -0.020575 -0.443605 0.230830
v -0.240515 -0.360702 0.409242
v -0.109326 -0.376143 0.246782
v -0.182796 -0.381854 0.514139
v -0.046906 -0.359161 0.317748
v -0.115261 -0.426532 0.571214
v -0.107228 -0.345608 0.385662
v -0.067019 -0.464474 0.582280
v -0.115075 -0.347999 0.470104
v -0.121345 -0.531457 0.611103
v -0.118866 -0.356479 0.489907
v -0.072263 -0.572646 0.566107
v -0.082272 -0.260175 0.483993
v -0.028331 -0.468356 0.663616
v -0.031232 -0.269302 0.527298
v -0.062087 -0.267623 0.543869
v -0.044759 -0.252202 0.524558
v 0.035548 -0.405544 0.625795
v -0.070473 -0.262455 0.449193
v -0.263569 -0.377239 0.646059
v -0.006610 -0.709468 0.119444
v -0.137473 -0.509789 0.205286
v 0.005174 -0.617367 0.140101
v -0.176507 -0.489881 0.235992
v -0.010764 -0.584218 0.158412
v -0.169590 -0.458616 0.318954
v -0.020159 -0.499126 0.193997
v -0.189986 -0.445984 0.354965
v -0.019786 -0.532469 0.187348
v -0.128364 -0.494362 0.316782
v -0.060899 -0.452888 0.223420
v -0.249395 -0.405713 0.228864
v -0.049699 -0.511131 0.152964
v -0.221408 -0.450822 0.159455
v -0.038966 -0.552877 0.133327
v -0.171361 -0.499000 0.120248
v -0.033467 -0.572434 0.129389
v -0.160901 -0.544458 0.098851
v -0.027040 -0.600227 0.106629
v -0.129860 -0.615752 0.090130
v -0.074491 -0.440200 0.229461
v -0.201456 -0.370886 0.366364
v -0.103783 -0.417709 0.248093
v -0.165481 -0.416377 0.430041
v -0.079791 -0.418587 0.258036
v -0.080458 -0.427757 0.429008
v -0.075353 -0.433714 0.227594
v -0.066548 -0.405523 0.416614
v -0.048850 -0.450691 0.222361
v 0.010462 -0.443141 0.371320
v -0.039032 -0.436164 0.231122
v 0.052683 -0.463273 0.348857
v -0.118751 -0.380274 0.327497
v -0.181012 -0.401748 0.505055
v -0.148978 -0.366003 0.349428
v -0.127716 -0.389928 0.538589
v -0.103622 -0.370397 0.367329
v -0.013373 -0.440757 0.502329
v -0.080619 -0.371349 0.311592
v 0.024383 -0.422328 0.469479
v -0.024252 -0.383846 0.312171
v 0.079328 -0.457256 0.397178
v -0.084370 -0.781905 0.072748
v -0.021987 -0.617464 0.217462
v -0.016186 -0.792483 0.102032
v -0.081167 -0.665420 0.150244
v -0.030527 -0.717776 0.093458
v -0.124750 -0.597002 0.152056
v -0.056562 -0.663894 0.097162
v -0.118051 -0.466421 0.218145
v -0.125241 -0.620856 0.074403
v -0.161792 -0.448094 0.183081
v -0.111124 -0.566631 0.092847
v -0.163110 -0.487055 0.177551
v -0.110590 -0.586450 0.086157
v -0.215340 -0.474297 0.180273
v -0.140925 -0.514668 0.082057
v -0.227051 -0.400136 0.159960
v -0.178445 -0.473959 0.080147
v -0.322915 -0.421648 0.144605
v -0.202340 -0.462352 0.073272
v -0.404241 -0.478012 0.135694
v -0.274026 -0.423137 0.090653
v -0.443672 -0.500942 0.137776
v -0.301604 -0.423420 0.123237
v -0.436147 -0.583425 0.123685
v -0.094592 -0.775433 0.074374
v -0.152231 -0.508325 -0.044154
v -0.121160 -0.732880 0.074515
v -0.234633 -0.423003 -0.064003
v -0.169231 -0.582222 0.072878
v -0.241506 -0.400723 -0.036944
v -0.140348 -0.522291 0.020489
v -0.279598 -0.356517 -0.004898
v -0.169982 -0.505773 0.027512
v -0.381946 -0.406951 0.027744
v -0.232418 -0.428884 0.051248
v -0.448358 -0.433700 0.039124
v -0.069428 -0.794618 0.063291
v -0.205944 -0.599295 -0.025722
v -0.049957 -0.851479 0.083018
v -0.166909 -0.684207 0.185889
v -0.042564 -0.836805 0.114084
v -0.081499 -0.669214 0.208276
v -0.051694 -0.782937 0.103563
v -0.170141 -0.653887 0.225305
v -0.061124 -0.733343 0.114192
v -0.171295 -0.574402 0.180906
v -0.081961 -0.722861 0.098068
v -0.220670 -0.598578 0.093681
v -0.071338 -0.792498 0.087375
v -0.233079 -0.663879 0.044014
v -0.051004 -0.857493 0.047325
v -0.225682 -0.643990 -0.005049
v -0.083167 -0.799680 0.030773
v -0.190047 -0.615474 -0.034729
v -0.128240 -0.636774 0.073392
v -0.186329 -0.561193 -0.086753
v -0.146750 -0.604376 0.059426
v -0.241638 -0.482137 -0.085065
v -0.170029 -0.563485 0.051494
v -0.298596 -0.456503 -0.028590
v -0.181974 -0.529044 0.051654
v -0.313177 -0.406947 -0.002594
v -0.190047 -0.504748 0.061194
v -0.373953 -0.477971 0.058263
v -0.204385 -0.478248 0.069673
v -0.409360 -0.480189 0.078304
v -0.276839 -0.453235 0.045192
v -0.376080 -0.576067 0.098661
v -0.254597 -0.470508 0.036577
v -0.414223 -0.557958 0.084130
v -0.284091 -0.461306 0.047051
v -0.455100 -0.586253 0.064837
v -0.089043 -0.663354 0.080863
v -0.215478 -0.582056 0.216187
v -0.158696 -0.605486 0.032567
v -0.286700 -0.480281 0.199624
v -0.215299 -0.516532 0.055808
v -0.298129 -0.523685 0.207198
v -0.211926 -0.471840 0.100780
v -0.361967 -0.452097 0.208946
v -0.244668 -0.469665 0.090950
v -0.403995 -0.539908 0.189381
v -0.303307 -0.475262 0.111619
v -0.389676 -0.584946 0.124288
v -0.134823 -0.635032 0.030938
v -0.281739 -0.533978 0.072654
v -0.158980 -0.578110 0.061849
v -0.351299 -0.534023 0.060362
v -0.211443 -0.510605 0.056770
v -0.384826 -0.536323 0.079970
v -0.214008 -0.506785 -0.010575
v -0.420168 -0.562162 0.013224
v -0.054859 -0.715681 -0.000804
v -0.215806 -0.442622 -0.079526
v -0.090948 -0.849584 -0.002936
v -0.152494 -0.682741 -0.035498
v -0.133875 -0.761299 0.050869
v -0.170296 -0.574807 -0.098073
v -0.145608 -0.702339 0.043881
v -0.204818 -0.561465 -0.129725
v -0.164978 -0.600108 -0.011925
v -0.240723 -0.623330 -0.111372
v -0.155535 -0.623989 0.011730
v -0.228601 -0.558846 -0.088787
v -0.148421 -0.612746 0.020174
v -0.299598 -0.515569 -0.034208
v -0.173362 -0.581661 0.027962
v -0.328025 -0.534388 -0.017186
v -0.187584 -0.569728 0.013747
v -0.302276 -0.564036 -0.027210
v -0.190077 -0.561686 0.018098
v -0.334372 -0.494707 0.003551
v -0.237353 -0.473904 0.018622
v -0.365399 -0.490485 0.009918
v -0.247307 -0.481666 0.029936
v -0.357729 -0.526823 0.041545
v -0.250245 -0.491181 0.033106
v -0.386204 -0.598597 0.029521
v -0.277112 -0.525561 0.065149
v -0.407659 -0.615167 0.062540
v -0.337954 -0.484752 0.087457
v -0.413408 -0.637050 0.076391
v -0.208264 -0.536627 0.038904
v -0.353367 -0.623548 0.063696
v -0.199835 -0.558911 0.018750
v -0.199835 -0.558911 0.018750
v -0.199835 -0.558911 0.018750
v -0.199835 -0.558911 0.018750
v -0.189932 -0.556900 0.007058
v -0.349896 -0.563442 0.026310
v -0.221716 -0.543813 0.022512
v -0.346483 -0.574757 0.024536
v -0.205719 -0.547920 0.037462
v -0.327874 -0.629840 0.080141
v -0.156090 -0.617325 0.006698
v -0.332020 -0.570450 0.021127
v -0.131054 -0.645190 0.072511
v -0.293233 -0.598231 0.140280
v -0.129126 -0.653749 0.073769
v -0.256091 -0.578523 0.069778
v -0.062039 -0.857146 0.067686
v -0.167162 -0.760696 0.193177
v -0.072105 -0.820275 0.083576
v -0.191214 -0.790796 0.150371
v -0.090190 -0.823437 0.085599
v -0.209026 -0.736417 0.065018
v -0.104287 -0.706156 0.100129
v -0.212108 -0.650587 0.178308
v -0.173382 -0.664469 0.063679
v -0.222074 -0.600273 0.185558
v -0.152952 -0.611706 0.093950
v -0.171824 -0.529517 0.185071
v -0.112342 -0.646241 0.088171
v -0.184854 -0.605295 0.167627
v -0.123808 -0.617497 0.112767
v -0.223799 -0.575875 0.128097
v -0.173991 -0.593140 0.073452
v -0.230761 -0.546332 0.146647
v -0.165538 -0.558247 0.083211
v -0.209723 -0.511243 0.171978
v -0.127852 -0.716354 0.040926
v -0.239102 -0.623857 0.058328
v -0.144284 -0.693601 0.056853
v -0.230871 -0.660550 0.024222
v -0.062054 -0.847237 -0.017236
v -0.209976 -0.508853 -0.061495
v -0.078583 -0.736516 -0.016661
v -0.286164 -0.411061 -0.131706
v -0.117175 -0.610443 -0.146090
v -0.270453 -0.349145 -0.100415
v -0.125513 -0.542741 -0.111541
v -0.376063 -0.289553 -0.260790
v -0.144134 -0.506667 -0.179777
v -0.405295 -0.305884 -0.266217
v -0.188286 -0.418393 -0.228966
v -0.436850 -0.361386 -0.383999
v -0.242231 -0.387694 -0.306038
v -0.489095 -0.413272 -0.434167
v -0.313275 -0.410651 -0.333824
v -0.440172 -0.527981 -0.452278
v -0.000482 -0.720837 -0.028733
v -0.045139 -0.480412 -0.207359
v -0.078851 -0.626109 -0.082991
v -0.027113 -0.367548 -0.285587
v -0.066401 -0.548976 -0.149396
v -0.131545 -0.362372 -0.373294
v -0.141781 -0.479010 -0.177286
v -0.193805 -0.323230 -0.406632
v -0.118996 -0.421090 -0.220117
v -0.185497 -0.278800 -0.471510
v -0.173906 -0.372149 -0.276003
v -0.308492 -0.331384 -0.515681
v -0.210255 -0.378014 -0.317901
v -0.360407 -0.427543 -0.545275
v -0.299098 -0.337442 -0.353593
v -0.396274 -0.465659 -0.516462
v -0.293466 -0.378271 -0.354888
v -0.412693 -0.522096 -0.467346
v -0.317428 -0.385371 -0.376644
v -0.405697 -0.582148 -0.417060
v -0.333829 -0.394067 -0.367063
v -0.389658 -0.605040 -0.474738
v -0.347286 -0.419948 -0.381623
v -0.370358 -0.582917 -0.399412
v -0.041762 -0.825803 -0.039801
v -0.052157 -0.543120 -0.160793
v -0.025336 -0.807364 -0.034593
v 0.000891 -0.576493 -0.171094
v -0.024199 -0.751841 -0.037042
v 0.032173 -0.581762 -0.155794
v -0.072163 -0.672311 -0.069362
v -0.057301 -0.433347 -0.271617
v -0.099121 -0.575449 -0.131126
v -0.097833 -0.411581 -0.385505
v -0.137794 -0.497413 -0.166279
v -0.171832 -0.357812 -0.382543
v -0.125855 -0.530204 -0.163114
v -0.187436 -0.367838 -0.433293
v -0.164389 -0.460834 -0.218020
v -0.238420 -0.371750 -0.492244
v -0.188084 -0.416537 -0.252378
v -0.196934 -0.331240 -0.458486
v -0.218669 -0.397226 -0.304778
v -0.337135 -0.439676 -0.501347
v -0.309316 -0.401903 -0.377206
v -0.405701 -0.533039 -0.469864
v -0.319413 -0.451685 -0.390882
v -0.376942 -0.583290 -0.436363
v -0.274629 -0.420200 -0.359031
v -0.405773 -0.511419 -0.477856
v -0.292422 -0.423187 -0.389858
v -0.357897 -0.550644 -0.471152
v -0.321710 -0.417140 -0.360374
v -0.335322 -0.541777 -0.569500
v -0.266346 -0.434869 -0.369261
v -0.286165 -0.519718 -0.504209
v -0.255633 -0.411136 -0.326415
v -0.296973 -0.367993 -0.515940
v -0.024176 -0.836325 -0.067829
v -0.099647 -0.635659 -0.143131
v -0.055133 -0.738478 -0.046148
v -0.127804 -0.556752 -0.202124
v -0.058230 -0.600423 -0.139147
v -0.167983 -0.520836 -0.332325
v -0.101313 -0.586297 -0.115239
v -0.193972 -0.529228 -0.291160
v -0.091586 -0.597528 -0.146200
v -0.132792 -0.479614 -0.374738
v -0.014070 -0.637796 -0.129003
v -0.117743 -0.562058 -0.252098
v -0.063212 -0.499874 -0.206858
v -0.274760 -0.442935 -0.366449
v -0.165780 -0.389200 -0.295483
v -0.300774 -0.482689 -0.459392
v -0.230817 -0.432704 -0.323074
v -0.361899 -0.612357 -0.433324
v -0.071764 -0.828817 0.008068
v -0.223028 -0.581689 0.040130
v -0.083947 -0.798001 -0.072629
v -0.202850 -0.567941 -0.133762
v -0.094704 -0.699066 -0.018121
v -0.268942 -0.481045 -0.066043
v -0.084162 -0.648356 -0.021304
v -0.273380 -0.586451 -0.042189
v -0.104053 -0.664040 -0.013666
v -0.265621 -0.575276 -0.064282
v -0.121123 -0.592401 -0.077860
v -0.296531 -0.429889 -0.088376
v -0.112231 -0.586569 -0.091748
v -0.330444 -0.455479 -0.046886
v -0.151581 -0.588551 -0.082005
v -0.357372 -0.463506 -0.209884
v -0.120810 -0.541017 -0.116178
v -0.366505 -0.329423 -0.161039
v -0.171715 -0.510947 -0.114352
v -0.395964 -0.391340 -0.210814
v -0.142324 -0.545161 -0.133748
v -0.328177 -0.438663 -0.068769
v -0.180153 -0.510862 -0.096596
v -0.355567 -0.472192 -0.185010
v -0.135183 -0.556618 -0.131693
v -0.334735 -0.411781 -0.262857
v -0.143404 -0.544137 -0.142725
v -0.376380 -0.443857 -0.304625
v -0.226372 -0.433339 -0.129349
v -0.393210 -0.441745 -0.295448
v -0.288227 -0.363842 -0.222046
v -0.423180 -0.485046 -0.315827
v -0.273488 -0.389913 -0.228245
v -0.524297 -0.505920 -0.288466
v -0.315179 -0.390020 -0.321536
v -0.479248 -0.553616 -0.264948
v -0.368771 -0.437385 -0.332235
v -0.435627 -0.600689 -0.250812
v -0.184759 -0.510713 -0.171248
v -0.358406 -0.452175 -0.327603
v -0.299560 -0.424540 -0.227601
v -0.395504 -0.489148 -0.319871
v -0.134626 -0.588789 -0.060317
v -0.245640 -0.537534 -0.223631
v -0.104520 -0.841218 -0.001808
v -0.257850 -0.687825 -0.031631
v -0.148465 -0.780323 -0.002979
v -0.145408 -0.820220 0.029381
v -0.131941 -0.812463 -0.009261
v -0.291832 -0.702822 0.000501
v -0.114275 -0.847289 -0.038467
v -0.174289 -0.665094 -0.164931
v -0.122313 -0.735131 -0.036098
v -0.213044 -0.625954 -0.068790
v -0.136736 -0.644525 -0.055368
v -0.196707 -0.637590 -0.194663
v -0.150469 -0.614785 -0.094728
v -0.271156 -0.597583 -0.184378
v -0.171675 -0.574440 -0.090133
v -0.308524 -0.527414 -0.163347
v -0.179708 -0.545865 -0.056283
v -0.340858 -0.503478 -0.072323
v -0.222936 -0.484516 -0.081101
v -0.377826 -0.478579 -0.127624
v -0.231464 -0.464722 -0.116234
v -0.356123 -0.482190 -0.195547
v -0.267276 -0.442540 -0.115886
v -0.404210 -0.465151 -0.183374
v -0.290761 -0.420571 -0.169530
v -0.408504 -0.536913 -0.264476
v -0.204578 -0.529343 -0.164571
v -0.330501 -0.565511 -0.241014
v -0.266635 -0.470091 -0.136702
v -0.344398 -0.585238 -0.266474
v -0.321726 -0.462314 -0.240792
v -0.386799 -0.618402 -0.277767
v -0.330001 -0.456080 -0.239786
v -0.367067 -0.632563 -0.244173
v -0.315797 -0.453466 -0.230813
v -0.322699 -0.587821 -0.239119
v -0.373699 -0.471613 -0.314686
v -0.389882 -0.669588 -0.299458
v -0.354647 -0.499758 -0.323220
v -0.394709 -0.647776 -0.225253
v -0.350682 -0.450942 -0.274678
v -0.387789 -0.577055 -0.283990
v -0.332432 -0.436665 -0.287331
v -0.436174 -0.530562 -0.304522
v -0.362076 -0.423921 -0.330208
v -0.454800 -0.487588 -0.280433
v -0.345757 -0.430624 -0.270181
v -0.345757 -0.430624 -0.270181
v -0.345757 -0.430624 -0.270181
v -0.345757 -0.430624 -0.270181
v -0.349001 -0.422185 -0.275376
v -0.433340 -0.484300 -0.262640
v -0.031443 -0.863642 0.085813
v -0.022721 -0.570897 0.189667
v 0.045452 -0.738305 0.079339
v 0.077505 -0.489318 0.244595
v 0.082628 -0.562658 0.101143
v 0.085454 -0.425998 0.312024
v 0.148629 -0.532182 0.153598
v 0.092605 -0.438307 0.372954
v 0.177448 -0.499435 0.189214
v 0.081149 -0.409871 0.416314
v 0.201626 -0.489164 0.254444
v 0.206311 -0.403169 0.409633
v 0.182758 -0.455132 0.277866
v 0.181678 -0.481150 0.489272
v 0.181226 -0.442453 0.310544
v 0.224888 -0.508821 0.460321
v 0.062482 -0.743213 0.076559
v 0.247770 -0.501900 0.102383
v 0.109437 -0.626453 0.049019
v 0.249472 -0.422496 0.167251
v 0.126773 -0.571199 0.099529
v 0.271512 -0.359372 0.223065
v 0.144865 -0.533675 0.121294
v 0.267877 -0.422247 0.304575
v 0.152340 -0.496525 0.157866
v 0.315254 -0.427175 0.379142
v 0.183214 -0.461835 0.232853
v 0.316397 -0.444264 0.377396
v 0.179195 -0.466775 0.260004
v 0.335057 -0.541040 0.487286
v 0.204650 -0.470769 0.278204
v 0.326970 -0.532961 0.416732
v 0.177403 -0.480655 0.279852
v 0.305521 -0.457592 0.417800
v 0.079144 -0.764916 0.104880
v 0.209867 -0.584881 0.054451
v 0.099844 -0.725516 0.084202
v 0.260462 -0.547586 0.136486
v 0.133446 -0.649440 0.092690
v 0.276421 -0.490931 0.218704
v 0.149756 -0.571520 0.131426
v 0.291829 -0.439280 0.240385
v 0.149325 -0.556401 0.186237
v 0.333788 -0.535593 0.312205
v 0.159062 -0.549450 0.153034
v 0.333824 -0.469008 0.219142
v 0.167030 -0.514776 0.197143
v 0.338516 -0.546281 0.357939
v 0.198253 -0.497859 0.256644
v 0.303820 -0.584268 0.410539
v 0.202951 -0.509125 0.239321
v 0.310699 -0.648441 0.378560
v 0.065900 -0.797981 0.095095
v 0.116372 -0.535506 0.191572
v 0.137005 -0.680033 0.113168
v 0.065772 -0.465519 0.251253
v 0.060690 -0.477659 0.259443
v 0.054790 -0.520916 0.209888
v 0.155734 -0.592259 0.143235
v 0.074165 -0.469938 0.330704
v 0.155412 -0.558460 0.169585
v 0.082607 -0.483499 0.343919
v 0.186486 -0.507381 0.210134
v 0.109965 -0.444976 0.380777
v 0.160562 -0.482507 0.243977
v 0.181021 -0.511942 0.425079
v 0.160292 -0.485114 0.251805
v 0.208433 -0.532250 0.421751
v 0.161694 -0.483354 0.269406
v 0.176761 -0.577147 0.441639
v 0.165222 -0.494859 0.280725
v 0.237759 -0.619639 0.391008
v 0.129837 -0.583760 0.144060
v 0.156333 -0.491151 0.323435
v 0.154974 -0.492804 0.317427
v 0.178552 -0.523494 0.311359
v 0.136652 -0.574563 0.187518
v 0.184411 -0.518096 0.371223
v 0.051289 -0.843802 0.090393
v 0.107235 -0.670575 0.222529
v 0.021694 -0.775251 0.108781
v 0.142354 -0.740119 0.183957
v 0.067996 -0.822165 0.083448
v 0.140216 -0.729221 0.182258
v 0.081846 -0.674588 0.113658
v 0.132750 -0.579350 0.275472
v 0.076939 -0.696584 0.111916
v 0.166505 -0.614410 0.220290
v 0.099755 -0.736266 0.072311
v 0.220604 -0.626288 0.139306
v 0.079463 -0.698650 0.113864
v 0.221037 -0.591665 0.216221
v 0.149517 -0.644721 0.089939
v 0.248138 -0.523034 0.213932
v 0.174398 -0.611844 0.133025
v 0.221424 -0.548425 0.272568
v 0.161358 -0.616685 0.155521
v 0.073707 -0.521740 0.285871
v 0.169877 -0.581768 0.192252
v 0.082113 -0.491629 0.315401
v 0.139709 -0.595306 0.171445
v 0.085136 -0.495554 0.269428
v 0.178864 -0.576139 0.220905
v 0.131659 -0.492802 0.404426
v 0.161723 -0.534678 0.238872
v 0.166189 -0.572402 0.418123
v 0.187390 -0.539753 0.258512
v 0.135310 -0.620332 0.419458
v 0.149122 -0.518984 0.276746
v 0.140585 -0.587641 0.396100
v 0.152848 -0.530512 0.261413
v 0.127013 -0.566654 0.381561
v 0.164566 -0.537754 0.287647
v 0.144879 -0.586773 0.400434
v 0.181480 -0.572516 0.253319
v 0.232906 -0.631859 0.425644
v 0.196735 -0.536442 0.237108
v 0.263024 -0.607198 0.373639
v 0.161339 -0.559814 0.200989
v 0.279861 -0.597632 0.321304
v 0.162810 -0.563181 0.182742
v 0.278747 -0.568533 0.303090
v 0.166991 -0.580408 0.147757
v 0.288282 -0.514930 0.284754
v 0.220519 -0.525713 0.237919
v 0.312864 -0.539475 0.255090
v 0.225186 -0.511381 0.222905
v 0.324648 -0.483424 0.266104
v 0.211751 -0.515295 0.204897
v 0.316930 -0.473980 0.223012
v 0.210499 -0.526717 0.178838
v 0.323113 -0.544218 0.172361
v 0.204390 -0.529269 0.193807
v 0.270070 -0.561897 0.129825
v 0.140781 -0.691232 0.081019
v 0.240583 -0.625631 0.096503
v 0.151832 -0.676186 0.096923
v 0.276447 -0.614094 0.102916
v 0.187725 -0.606057 0.095920
v 0.296161 -0.561847 0.125105
v 0.208186 -0.566065 0.118804
v 0.308046 -0.530715 0.156080
v 0.049833 -0.812123 0.049402
v 0.094743 -0.670683 -0.170847
v 0.094465 -0.734376 0.027358
v 0.147062 -0.573804 -0.156067
v 0.090155 -0.683629 -0.024980
v 0.247222 -0.486335 -0.170899
v 0.120894 -0.618797 -0.022762
v 0.351347 -0.482910 -0.138095
v 0.197494 -0.575628 -0.007246
v 0.410763 -0.458743 -0.112470
v 0.224881 -0.518151 -0.003195
v 0.469011 -0.469468 -0.061961
v 0.246054 -0.535345 0.004499
v 0.490854 -0.531583 0.011829
v 0.259850 -0.503257 -0.000657
v 0.475816 -0.546046 0.084699
v 0.280804 -0.492314 -0.002393
v 0.503629 -0.616178 0.120795
v -0.010855 -0.857735 0.020437
v 0.191055 -0.628642 0.012006
v 0.063868 -0.689687 0.046463
v 0.276750 -0.581477 0.047509
v 0.163136 -0.604939 -0.023651
v 0.334917 -0.514829 0.062721
v 0.167889 -0.589600 0.016549
v 0.374539 -0.588097 0.061060
v 0.232541 -0.554885 -0.023828
v 0.383897 -0.526090 0.124144
v 0.214045 -0.553262 0.032501
v 0.425106 -0.575994 0.081314
v 0.324508 -0.493571 0.030197
v 0.458422 -0.588991 0.058842
v 0.015441 -0.859127 0.080048
v 0.131615 -0.720391 0.030848
v 0.000554 -0.861653 0.022256
v 0.178585 -0.729968 -0.087649
v 0.081770 -0.787086 0.047685
v 0.204983 -0.673878 -0.077328
v 0.077044 -0.744199 -0.043140
v 0.194017 -0.639406 -0.166760
v 0.097471 -0.730003 -0.026913
v 0.241528 -0.631634 -0.086910
v 0.161725 -0.636709 -0.016329
v 0.245786 -0.604547 -0.177494
v 0.128844 -0.618079 -0.045007
v 0.258821 -0.559289 -0.181785
v 0.177782 -0.593456 -0.035407
v 0.184422 -0.575781 -0.209872
v 0.149323 -0.649727 -0.032272
v 0.309213 -0.535534 -0.136598
v 0.192936 -0.568241 -0.044030
v 0.308346 -0.536060 -0.177192
v 0.213800 -0.556247 -0.025820
v 0.415021 -0.528823 -0.129999
v 0.227364 -0.557756 -0.023566
v 0.327470 -0.509507 -0.136812
v 0.254176 -0.526519 -0.026305
v 0.275597 -0.522423 -0.058446
v 0.220262 -0.530229 -0.022327
v 0.392390 -0.502222 -0.048783
v 0.248705 -0.515624 -0.018731
v 0.461672 -0.581445 -0.004462
v 0.255680 -0.509214 -0.019862
v 0.462153 -0.588243 0.015215
v 0.293031 -0.493988 -0.009215
v 0.512715 -0.542504 -0.032382
v 0.280826 -0.468278 -0.029605
v 0.474320 -0.508206 -0.112375
v 0.309620 -0.478183 0.018919
v 0.515622 -0.499241 0.069317
v 0.355800 -0.485039 -0.002292
v 0.523683 -0.568173 0.023845
v 0.074523 -0.745331 -0.004499
v 0.212979 -0.675286 0.063460
v 0.076810 -0.774421 0.000560
v 0.209554 -0.754233 -0.045464
v 0.118730 -0.707311 -0.021878
v 0.255025 -0.587303 0.055005
v 0.133929 -0.674576 -0.031364
v 0.271318 -0.562586 0.021862
v 0.192452 -0.598898 -0.010299
v 0.333307 -0.595435 -0.050372
v 0.215470 -0.542400 -0.046195
v 0.313689 -0.569230 -0.091010
v 0.204264 -0.563558 -0.038155
v 0.358670 -0.585389 0.014248
v 0.185836 -0.583035 0.026408
v 0.343981 -0.548642 0.130488
v 0.132503 -0.674301 0.000797
v 0.296979 -0.599090 0.119703
v 0.204467 -0.571113 0.027434
v 0.330736 -0.579251 0.148357
v 0.208089 -0.598368 0.000805
v 0.413460 -0.588770 0.053159
v 0.270494 -0.539831 -0.021154
v 0.442562 -0.559240 0.043413
v 0.286603 -0.522657 0.015304
v 0.453987 -0.584806 0.109309
v 0.292728 -0.508816 0.036402
v 0.419759 -0.577038 0.138133
v 0.288617 -0.465249 0.046225
v 0.480332 -0.530658 0.090932
v 0.037004 -0.960984 0.025721
v 0.088068 -0.787075 -0.040498
v 0.024882 -0.885199 0.018538
v 0.161597 -0.778625 0.031486
v 0.036269 -0.938651 0.027280
v 0.150846 -0.774589 0.092620
v 0.055338 -0.829358 0.013507
v 0.212380 -0.764817 -0.011165
v 0.096465 -0.745583 0.039137
v 0.096465 -0.745583 0.039137
v 0.096465 -0.745583 0.039137
v 0.096465 -0.745583 0.039137
v 0.093271 -0.748901 0.061420
v 0.245578 -0.709714 0.008547
v 0.118870 -0.710241 -0.024854
v 0.245354 -0.645032 -0.048059
v 0.133207 -0.689229 0.012578
v 0.282283 -0.662418 0.039318
v 0.139736 -0.686268 0.010579
v 0.266487 -0.633173 0.051736
v 0.140470 -0.699618 0.076879
v 0.260855 -0.650280 0.064613
v 0.096553 -0.653561 -0.070817
v 0.183684 -0.602806 -0.204554
v 0.091941 -0.677986 -0.053930
v 0.231415 -0.586094 -0.156143
v 0.144519 -0.624064 -0.050215
v 0.315173 -0.606845 -0.150581
v 0.200028 -0.594883 -0.010946
v 0.309202 -0.617704 -0.098879
v 0.011863 -0.994234 -0.040296
v 0.033762 -0.793181 -0.082478
v -0.028936 -0.901435 -0.011291
v 0.042181 -0.730971 -0.134946
v -0.050378 -0.894813 -0.020759
v -0.048664 -0.725911 -0.215573
v -0.012024 -0.914338 -0.041328
v -0.104711 -0.759731 -0.150301
v -0.037999 -0.864150 -0.039281
v -0.075501 -0.691669 -0.221496
v -0.048449 -0.841523 -0.061666
v -0.010698 -0.672636 -0.177178
v -0.031632 -0.743101 -0.082532
v -0.115143 -0.627457 -0.192693
v -0.057901 -0.756166 -0.068751
v -0.030612 -0.625911 -0.238500
v -0.093544 -0.668644 -0.097667
v -0.105442 -0.592898 -0.285070
v -0.102877 -0.639067 -0.132177
v -0.052965 -0.636532 -0.315328
v -0.008084 -0.884818 -0.059682
v 0.008110 -0.769654 -0.193036
v 0.000515 -0.854283 -0.073399
v 0.025503 -0.806303 -0.196526
v 0.005339 -0.756908 -0.063711
v 0.041872 -0.662553 -0.202284
v -0.121840 -0.689405 -0.140203
v -0.187476 -0.621909 -0.291162
v -0.098816 -0.767151 -0.142055
v -0.098816 -0.767151 -0.142055
v -0.098816 -0.767151 -0.142055
v -0.098816 -0.767151 -0.142055
v -0.078721 -0.783273 -0.138608
v -0.217106 -0.695039 -0.266371
v -0.056514 -0.946173 -0.018784
v -0.122835 -0.787323 -0.102652
v -0.059275 -0.826703 -0.051783
v -0.166212 -0.752229 -0.151262
v -0.088669 -0.821874 -0.036152
v -0.222415 -0.713676 -0.146097
v -0.080006 -0.815912 -0.086794
v -0.199041 -0.740634 -0.168648
v -0.100840 -0.854298 -0.070878
v -0.160051 -0.713227 -0.072251
v -0.080479 -0.928016 -0.012325
v -0.216949 -0.807676 -0.039169
v -0.085604 -0.922930 0.028916
v -0.192738 -0.847488 0.068585
v -0.124064 -0.862126 -0.018918
v -0.218731 -0.844131 0.035518
v -0.093999 -0.897444 0.056568
v -0.218691 -0.815834 0.091745
v -0.141298 -0.343652 -0.045781
v -0.310180 -0.272274 0.043440
v -0.173571 -0.305619 -0.055314
v -0.373028 -0.253515 -0.009031
v -0.257944 -0.242467 -0.023184
v -0.396002 -0.254279 -0.061044
v -0.205438 -0.257310 -0.038547
v -0.358538 -0.225699 -0.146915
v -0.273341 -0.224327 -0.089075
v -0.330328 -0.207592 -0.187570
v -0.289974 -0.210107 -0.046288
v -0.442263 -0.210521 -0.018060
v -0.298745 -0.215995 -0.032232
v -0.404422 -0.212766 -0.142287
v -0.326064 -0.191024 -0.096773
v -0.415042 -0.185113 -0.204242
v -0.395019 -0.152453 -0.137667
v -0.504899 -0.241726 -0.174796
v -0.420509 -0.155394 -0.125363
v -0.502840 -0.243049 -0.141601
v -0.389278 -0.169037 -0.157664
v -0.467048 -0.181495 -0.224336
v -0.422262 -0.161200 -0.147111
v -0.476426 -0.153988 -0.243798
v -0.424041 -0.167086 -0.156613
v -0.458427 -0.152597 -0.241838
v -0.382777 -0.142129 -0.176256
v -0.433584 -0.148018 -0.241066
v -0.317116 -0.198930 -0.091804
v -0.343268 -0.187506 -0.167442
v -0.280244 -0.188255 -0.091937
v -0.319654 -0.187628 -0.158299
v -0.293152 -0.182069 -0.102665
v -0.324139 -0.201145 -0.183522
v -0.189956 -0.260421 -0.054453
v -0.289159 -0.230762 -0.178185
v -0.131628 -0.363433 0.130027
v -0.319573 -0.350515 0.146554
v -0.164216 -0.299853 0.113170
v -0.329438 -0.271742 0.087158
v -0.130266 -0.318661 0.063018
v -0.299903 -0.294011 0.059922
v -0.212818 -0.264923 0.128312
v -0.334020 -0.306379 0.154350
v -0.193861 -0.271478 0.153933
v -0.331963 -0.292616 0.206823
v -0.144264 -0.268546 0.172198
v -0.277839 -0.232654 0.258249
v -0.099228 -0.318954 0.150881
v -0.232436 -0.260862 0.268321
v -0.120879 -0.287616 0.161938
v -0.250177 -0.268604 0.255025
v -0.227719 -0.266892 0.151375
v -0.275352 -0.212624 0.269825
v -0.150223 -0.255846 0.245177
v -0.246443 -0.242366 0.402322
v -0.191022 -0.211523 0.293485
v -0.278157 -0.199187 0.404990
v -0.208476 -0.200756 0.321546
v -0.312330 -0.206432 0.464098
v -0.224065 -0.191642 0.358369
v -0.290640 -0.217460 0.465580
v -0.212321 -0.208455 0.335260
v -0.348273 -0.226227 0.434764
v -0.245592 -0.196321 0.349384
v -0.395774 -0.267855 0.372062
v -0.239333 -0.209371 0.326831
v -0.388450 -0.258687 0.342249
v -0.215119 -0.209326 0.307382
v -0.346775 -0.261820 0.300882
v -0.205985 -0.215975 0.303709
v -0.292931 -0.272119 0.360482
v -0.148793 -0.245476 0.261957
v -0.302259 -0.235175 0.314298
v -0.178089 -0.240535 0.272746
v -0.280094 -0.213224 0.230228
v -0.133562 -0.280036 0.214354
v -0.232407 -0.238048 0.271153
v -0.130738 -0.254323 0.241701
v -0.226050 -0.261930 0.311335
v -0.170661 -0.267771 0.217785
v -0.183546 -0.248281 0.283259
v -0.192528 -0.265418 0.285860
v -0.189086 -0.274013 0.230383
v -0.086635 -0.297253 0.184917
v -0.196219 -0.310847 0.267215
v -0.152066 -0.216504 0.281896
v -0.211308 -0.230772 0.424444
v -0.162350 -0.223038 0.288091
v -0.167457 -0.191186 0.401379
v -0.109181 -0.229061 0.277916
v -0.125093 -0.242079 0.364030
v -0.323317 0.095198 0.028881
v -0.505489 0.083665 0.136978
v -0.334277 0.081431 0.018598
v -0.528019 0.037614 0.123647
v -0.401360 0.094276 0.054264
v -0.592946 0.066156 0.101151
v -0.427362 0.083736 0.051392
v -0.634702 0.017811 0.030340
v -0.390283 0.098234 0.035609
v -0.570132 0.066540 -0.013773
v -0.315602 0.082557 0.026714
v -0.465432 0.075042 -0.024153
v -0.202062 0.209807 -0.261468
v -0.343726 0.250788 -0.393932
v -0.203517 0.206719 -0.317659
v -0.288213 0.225151 -0.463983
v -0.279226 0.275678 -0.342891
v -0.321072 0.258977 -0.511160
v -0.239471 0.269656 -0.349547
v -0.276240 0.214166 -0.499243
v -0.274042 0.294201 -0.320850
v -0.377966 0.245808 -0.392217
v -0.249008 0.252985 -0.299447
v -0.370917 0.301253 -0.300084
v -0.212540 0.234415 -0.268408
v -0.354157 0.274029 -0.272174
v -0.178836 0.199672 -0.253367
v -0.309311 0.211694 -0.229281
v -0.209641 0.218921 -0.228154
v -0.265611 0.209296 -0.314160
v -0.177886 0.199497 -0.265376
v -0.241698 0.208292 -0.376631
v -0.033009 -0.935071 0.055606
v 0.069315 -0.727606 0.217705
v 0.008312 -0.898851 0.062029
v -0.005143 -0.779626 0.190829
v -0.028195 -0.894058 0.104019
v 0.028929 -0.798161 0.164222
v -0.015374 -0.885099 0.087324
v -0.037193 -0.734187 0.222316
v 0.020384 -0.763258 0.084825
v 0.047617 -0.655766 0.202760
v 0.013715 -0.779912 0.091176
v 0.051740 -0.742615 0.219521
v 0.240742 -0.394256 0.079946
v 0.402291 -0.343172 0.144421
v 0.245162 -0.410584 0.069496
v 0.357832 -0.386031 0.175243
v 0.274362 -0.357166 0.093224
v 0.363350 -0.400288 0.201500
v 0.241128 -0.392277 0.112690
v 0.323260 -0.368771 0.254570
v 0.279593 -0.318683 0.148631
v 0.320961 -0.341161 0.291272
v 0.261016 -0.317836 0.173632
v 0.294831 -0.353569 0.277207
v 0.296309 -0.280964 0.156317
v 0.388907 -0.353032 0.239064
v 0.286144 -0.307802 0.121761
v 0.286144 -0.307802 0.121761
v 0.286144 -0.307802 0.121761
v 0.286144 -0.307802 0.121761
v 0.267644 -0.309383 0.122881
v 0.354210 -0.341688 0.194997
v 0.310708 -0.312802 0.133784
v 0.310708 -0.312802 0.133784
v 0.310708 -0.312802 0.133784
v 0.310708 -0.312802 0.133784
v 0.307960 -0.318412 0.109799
v 0.392203 -0.325601 0.193720
v 0.140331 -0.169046 0.061435
v 0.264685 -0.114646 0.292899
v 0.172351 -0.098126 0.122222
v 0.228692 -0.153679 0.294305
v 0.172659 -0.093912 0.118819
v 0.240338 -0.170701 0.261860
v 0.185263 -0.077710 0.137259
v 0.251771 -0.169727 0.234196
v 0.218053 -0.015821 0.202918
v 0.355387 -0.093960 0.276655
v 0.238379 -0.008334 0.220884
v 0.383249 -0.080395 0.262660
v -0.002389 -0.096730 0.210663
v 0.041641 -0.110052 0.396578
v 0.009985 -0.032832 0.284577
v 0.009985 -0.032832 0.284577
v 0.009985 -0.032832 0.284577
v 0.009985 -0.032832 0.284577
v -0.016416 -0.032773 0.278178
v 0.033698 -0.081361 0.447795
v -0.062353 -0.045208 0.286087
v -0.006606 -0.043462 0.474179
v -0.043715 -0.078583 0.281469
v 0.033942 -0.098959 0.425960
v 0.058422 -0.075735 0.218477
v 0.076168 -0.063994 0.407433
v -0.019981 0.021545 0.352555
v 0.032252 -0.061837 0.534427
v -0.032542 0.013391 0.362641
v -0.035773 -0.021654 0.536757
v 0.288537 0.291645 0.073472
v 0.458778 0.378390 0.268473
v 0.381302 0.378732 0.098037
v 0.562779 0.315832 0.301626
v 0.389867 0.392156 0.146858
v 0.622251 0.334435 0.214081
v 0.411199 0.407702 0.127645
v 0.642191 0.340862 0.152866
v 0.380405 0.377381 0.122537
v 0.572521 0.348218 0.117209
v 0.337062 0.333894 0.082017
v 0.515201 0.349350 0.101299
v 0.323718 0.343978 0.108078
v 0.482136 0.288885 0.107369
v 0.326553 0.340826 0.080820
v 0.503004 0.312520 0.214935
v 0.135230 0.308982 0.442688
v 0.167769 0.301272 0.655235
v 0.081495 0.316843 0.470321
v 0.138487 0.358293 0.705037
v 0.097384 0.362907 0.521618
v 0.085892 0.337544 0.707084
v 0.084940 0.353966 0.499431
v 0.045098 0.340785 0.688303
v 0.050771 0.354041 0.566755
v 0.091716 0.281951 0.665656
v 0.038666 0.370160 0.610396
v 0.032126 0.321420 0.779766
v 0.096468 0.403291 0.630148
v 0.094673 0.335386 0.757544
v 0.037234 0.386888 0.565381
v -0.024176 0.366638 0.672427
v 0.027221 -1.181144 0.011893
v 0.092643 -0.859385 0.024875
v -0.018310 -1.093662 0.047633
v 0.145392 -0.887655 0.024654
v 0.018987 -1.090146 0.045303
v 0.091625 -0.882447 0.149539
v 0.010934 -1.085636 0.031649
v 0.117213 -0.874424 0.023512
v 0.001606 -1.145901 -0.010653
v 0.046841 -0.881087 -0.005043
v 0.006009 -1.087079 0.043887
v 0.077766 -0.938332 -0.114676
v 0.015449 -1.111531 0.030775
v 0.027455 -0.893022 -0.077918
v -0.014863 -1.076606 -0.004121
v 0.057466 -0.911030 -0.083690
v -0.026643 -1.087235 -0.002813
v -0.006783 -0.847561 -0.097052
v -0.047165 -0.845165 -0.099509
v -0.015591 -0.886293 -0.096160
v 0.004285 -1.051747 0.004450
v -0.074401 -0.875030 -0.053548
v -0.061741 -1.001558 0.013604
v -0.077155 -0.914312 -0.115163
v -0.014497 -1.048420 0.002340
v 0.082511 -0.900463 -0.034381
v 0.017763 -1.048020 0.003355
v 0.106205 -0.906054 0.094947
v 0.014675 -1.122469 0.017335
v 0.027228 -0.912386 0.185371
v 0.008526 -1.023769 0.030176
v 0.060753 -0.859550 0.134541
v -0.009315 -1.025205 0.016314
v -0.026003 -0.873803 0.153797
v -0.009812 -0.929667 -0.012721
v 0.080727 -0.815179 -0.014754
v -0.003394 -0.931509 -0.010276
v 0.132795 -0.874922 0.015081
v 0.013157 -0.958354 -0.001841
v 0.104586 -0.844681 0.027579
v 0.002910 -0.967194 0.003140
v 0.130298 -0.848008 -0.015394
v -0.009540 -1.066249 0.013379
v -0.048238 -0.857305 0.132012
v -0.016697 -0.980743 0.036870
v -0.078049 -0.837745 0.171892
v -0.014615 -0.987457 0.028126
v -0.124446 -0.834557 0.129822
v -0.021778 -1.026113 0.004817
v -0.096992 -0.844643 0.095951
v -0.028052 -1.093240 0.029573
v -0.175240 -0.856149 -0.009711
v -0.050021 -1.013142 0.015109
v -0.178969 -0.848748 0.044929
v -0.066498 -0.984337 -0.000338
v -0.190042 -0.847760 0.082626
v -0.080749 -0.948686 -0.006284
v -0.187426 -0.843098 0.019458
v -0.027775 -1.016107 0.039947
v -0.151423 -0.846153 0.103963
v -0.049800 -1.002502 0.020588
v -0.158570 -0.825898 -0.054363
v -0.049170 -1.020439 -0.006578
v -0.184521 -0.862164 -0.088437
v -0.066978 -0.968948 -0.001475
v -0.184917 -0.849971 -0.054124
v -0.037377 -1.064857 0.010855
v -0.101247 -0.897579 -0.142667
v -0.071115 -0.942668 -0.030247
v -0.111031 -0.873068 -0.145086
v -0.035511 -0.937135 -0.036492
v -0.061082 -0.829479 -0.104202
v -0.097889 -0.875867 -0.036536
v -0.177251 -0.776212 -0.109072
v -0.107734 -0.853921 -0.034628
v -0.142976 -0.817266 -0.127579
v -0.061742 -0.847452 -0.054360
v -0.087698 -0.762401 -0.170363
v -0.120742 -0.736821 0.059380
v -0.260101 -0.670501 0.130997
v -0.123744 -0.759950 0.050944
v -0.213477 -0.697199 0.108178
v -0.110789 -0.765701 -0.047630
v -0.241859 -0.671020 -0.057869
v -0.117466 -0.780294 -0.002297
v -0.232337 -0.764454 0.001716
v -0.109163 -0.775979 -0.036208
v -0.204825 -0.744757 -0.045733
v -0.103621 -0.752739 -0.028056
v -0.203679 -0.711857 -0.085913
v -0.173835 -0.618480 -0.009047
v -0.273466 -0.600533 0.020169
v -0.171699 -0.604888 0.008613
v -0.274122 -0.590099 -0.007975
v -0.176541 -0.609487 0.002636
v -0.246675 -0.598916 -0.030708
vn -0.0000 -1.0000 -0.0000
vn -0.0000 1.0000 -0.0000
vt 0.000000 1.000000
vt 0.000000 0.000000
s 1

